AcH - T,AcH - I,dT,dt,time,AcHBackgroundSubtracted,"Integral by ""Signal"" * seconds",Cumulative integral,Theta(ML),Theta(ML) zero after 325,dTheta/dt,negRT,"""Ea"" from ln(-Rate/1E13/Theta)*-RT",Errors
152.96,65.0804,0.77,0.385,0,0.0404,0.015554,-0.035728,1.00003498,1.00003498,-3.96E-05,-1271.78592,50962.33464,0.0025
153.73,65.1545,0.77,0.385,0.385,0.1145,0.0440825,0.0083545,0.99999182,0.99999182,-0.000112104,-1278.188085,49887.27756,0.0025
154.5,65.249,0.77,0.385,0.77,0.209,0.080465,0.0888195,0.999913039,0.999913039,-0.000204626,-1284.59025,49364.03654,0.0025
155.27,65.3637,0.77,0.385,1.155,0.3237,0.1246245,0.213444,0.999791023,0.999791023,-0.000316925,-1290.992415,49045.11329,0.0025
156.04,65.4992,0.77,0.385,1.54,0.4592,0.176792,0.390236,0.999617931,0.999617931,-0.00044959,-1297.39458,48834.45019,0.0025
156.81,65.6559,0.77,0.385,1.925,0.6159,0.2371215,0.6273575,0.999385772,0.999385772,-0.00060301,-1303.796745,48692.33428,0.0025
157.58,65.8276,0.77,0.385,2.31,0.7876,0.303226,0.9305835,0.999088892,0.999088892,-0.000771117,-1310.19891,48608.85848,0.0025
158.35,66.014,0.77,0.385,2.695,0.974,0.37499,1.3055735,0.99872175,0.99872175,-0.000953616,-1316.601075,48566.22357,0.0025
159.12,66.2132,0.77,0.385,3.08,1.1732,0.451682,1.7572555,0.998279521,0.998279521,-0.001148647,-1323.00324,48555.61481,0.0025
159.89,66.4273,0.77,0.385,3.465,1.3873,0.5341105,2.291366,0.997756589,0.997756589,-0.001358266,-1329.405405,48567.04373,0.0025
160.66,66.6543,0.77,0.385,3.85,1.6143,0.6215055,2.9128715,0.997148091,0.997148091,-0.001580515,-1335.80757,48597.68755,0.0025
161.43,66.8937,0.77,0.385,4.235,1.8537,0.7136745,3.626546,0.996449352,0.996449352,-0.001814905,-1342.209735,48644.05854,0.0025
162.2,67.1458,0.77,0.385,4.62,2.1058,0.810733,4.437279,0.995655587,0.995655587,-0.002061729,-1348.6119,48703.04568,0.0025
162.97,67.4085,0.77,0.385,5.005,2.3685,0.9118725,5.3491515,0.994762798,0.994762798,-0.002318931,-1355.014065,48773.73712,0.0025
163.74,67.6839,0.77,0.385,5.39,2.6439,1.0179015,6.367053,0.9937662,0.9937662,-0.002588567,-1361.41623,48853.06505,0.0025
164.51,67.9703,0.77,0.385,5.775,2.9303,1.1281655,7.4952185,0.992661645,0.992661645,-0.002868973,-1367.818395,48940.59949,0.0025
165.28,68.2639,0.77,0.385,6.16,3.2239,1.2412015,8.73642,0.99144642,0.99144642,-0.003156429,-1374.22056,49036.76566,0.0025
166.05,68.5611,0.77,0.385,6.545,3.5211,1.3556235,10.0920435,0.990119168,0.990119168,-0.003447409,-1380.622725,49141.62117,0.0025
166.82,68.8574,0.77,0.385,6.93,3.8174,1.469699,11.5617425,0.988680228,0.988680228,-0.003737507,-1387.02489,49255.41515,0.0025
167.59,69.1427,0.77,0.385,7.315,4.1027,1.5795395,13.141282,0.987133746,0.987133746,-0.004016837,-1393.427055,49380.15244,0.0025
168.36,69.4098,0.77,0.385,7.7,4.3698,1.682373,14.823655,0.985486582,0.985486582,-0.004278347,-1399.82922,49516.40413,0.0025
169.13,69.6498,0.77,0.385,8.085,4.6098,1.774773,16.598428,0.983748953,0.983748953,-0.004513324,-1406.231385,49665.20005,0.0025
169.9,69.8624,0.77,0.385,8.47,4.8224,1.856624,18.455052,0.981931185,0.981931185,-0.004721474,-1412.63355,49825.0069,0.0025
170.67,70.0468,0.77,0.385,8.855,5.0068,1.927618,20.38267,0.980043909,0.980043909,-0.004902015,-1419.035715,49994.83801,0.0025
171.44,70.2075,0.77,0.385,9.24,5.1675,1.9894875,22.3721575,0.978096059,0.978096059,-0.005059352,-1425.43788,50172.52788,0.0025
172.21,70.3453,0.77,0.385,9.625,5.3053,2.0425405,24.414698,0.976096266,0.976096266,-0.005194268,-1431.840045,50357.25845,0.0025
172.98,70.4632,0.77,0.385,10.01,5.4232,2.087932,26.50263,0.974052031,0.974052031,-0.0053097,-1438.24221,50547.79267,0.0025
173.75,70.5665,0.77,0.385,10.395,5.5265,2.1277025,28.6303325,0.971968858,0.971968858,-0.005410838,-1444.644375,50742.44877,0.0025
174.52,70.6605,0.77,0.385,10.78,5.6205,2.1638925,30.794225,0.969850253,0.969850253,-0.005502871,-1451.04654,50939.68224,0.0025
175.29,70.7484,0.77,0.385,11.165,5.7084,2.197734,32.991959,0.967698514,0.967698514,-0.005588932,-1457.448705,51138.57926,0.0025
176.06,70.8302,0.77,0.385,11.55,5.7902,2.229227,35.221186,0.965515942,0.965515942,-0.00566902,-1463.85087,51339.08366,0.0025
176.83,70.9095,0.77,0.385,11.935,5.8695,2.2597575,37.4809435,0.963303477,0.963303477,-0.00574666,-1470.253035,51540.24339,0.0025
177.6,70.9891,0.77,0.385,12.32,5.9491,2.2904035,39.771347,0.961061009,0.961061009,-0.005824594,-1476.6552,51741.34078,0.0025
178.37,71.0703,0.77,0.385,12.705,6.0303,2.3216655,42.0930125,0.958787932,0.958787932,-0.005904095,-1483.057365,51942.05242,0.0025
179.14,71.1623,0.77,0.385,13.09,6.1223,2.3570855,44.450098,0.956480177,0.956480177,-0.005994169,-1489.45953,52140.13807,0.0025
179.91,71.2585,0.77,0.385,13.475,6.2185,2.3941225,46.8442205,0.95413616,0.95413616,-0.006088356,-1495.861695,52337.26061,0.0025
180.68,71.3648,0.77,0.385,13.86,6.3248,2.435048,49.2792685,0.951752074,0.951752074,-0.006192431,-1502.26386,52532.03848,0.0025
181.45,71.487,0.77,0.385,14.245,6.447,2.482095,51.7613635,0.949321926,0.949321926,-0.006312074,-1508.666025,52723.18548,0.0025
182.22,71.6264,0.77,0.385,14.63,6.5864,2.535764,54.2971275,0.946839231,0.946839231,-0.006448556,-1515.06819,52910.54344,0.0025
182.99,71.7929,0.77,0.385,15.015,6.7529,2.5998665,56.896994,0.944293776,0.944293776,-0.006611572,-1521.470355,53092.04599,0.0025
183.76,71.9893,0.77,0.385,15.4,6.9493,2.6754805,59.5724745,0.94167429,0.94167429,-0.006803861,-1527.87252,53267.40431,0.0025
184.53,72.2212,0.77,0.385,15.785,7.1812,2.764762,62.3372365,0.93896739,0.93896739,-0.007030908,-1534.274685,53435.82781,0.0025
185.3,72.4906,0.77,0.385,16.17,7.4506,2.868481,65.2057175,0.936158942,0.936158942,-0.00729467,-1540.67685,53597.44765,0.0025
186.07,72.8011,0.77,0.385,16.555,7.7611,2.9880235,68.193741,0.933233454,0.933233454,-0.007598672,-1547.079015,53752.15909,0.0025
186.84,73.1535,0.77,0.385,16.94,8.1135,3.1236975,71.3174385,0.930175131,0.930175131,-0.007943696,-1553.48118,53900.5157,0.0025
187.61,73.5451,0.77,0.385,17.325,8.5051,3.2744635,74.591902,0.926969197,0.926969197,-0.008327101,-1559.883345,54043.73583,0.0025
188.38,73.9785,0.77,0.385,17.71,8.9385,3.4413225,78.0332245,0.923599896,0.923599896,-0.00875143,-1566.28551,54181.99467,0.0025
189.15,74.4518,0.77,0.385,18.095,9.4118,3.623543,81.6567675,0.920052188,0.920052188,-0.009214825,-1572.687675,54316.26497,0.0025
189.92,74.9573,0.77,0.385,18.48,9.9173,3.8181605,85.474928,0.916313936,0.916313936,-0.009709746,-1579.08984,54448.33649,0.0025
190.69,75.4929,0.77,0.385,18.865,10.4529,4.0243665,89.4992945,0.912373794,0.912373794,-0.010234136,-1585.492005,54578.86129,0.0025
191.46,76.0549,0.77,0.385,19.25,11.0149,4.2407365,93.740031,0.90822181,0.90822181,-0.010784374,-1591.89417,54708.62149,0.0025
192.23,76.6444,0.77,0.385,19.635,11.6044,4.467694,98.207725,0.903847618,0.903847618,-0.011361537,-1598.296335,54837.60046,0.0025
193,77.2634,0.77,0.385,20.02,12.2234,4.706009,102.913734,0.899240099,0.899240099,-0.011967582,-1604.6985,54965.66514,0.0025
193.77,77.9076,0.77,0.385,20.405,12.8676,4.954026,107.86776,0.894389753,0.894389753,-0.0125983,-1611.100665,55093.49795,0.0025
194.54,78.5664,0.77,0.385,20.79,13.5264,5.207664,113.075424,0.889291078,0.889291078,-0.013243312,-1617.50283,55222.41702,0.0025
195.31,79.2378,0.77,0.385,21.175,14.1978,5.466153,118.541577,0.883939324,0.883939324,-0.013900661,-1623.904995,55352.52024,0.0025
196.08,79.9221,0.77,0.385,21.56,14.8821,5.7296085,124.2711855,0.878329627,0.878329627,-0.01457064,-1630.30716,55483.62348,0.0025
196.85,80.6178,0.77,0.385,21.945,15.5778,5.997453,130.2686385,0.872457692,0.872457692,-0.01525178,-1636.709325,55615.74978,0.0025
197.62,81.3168,0.77,0.385,22.33,16.2768,6.266568,136.5352065,0.866322274,0.866322274,-0.015936151,-1643.11149,55749.57838,0.0025
198.39,82.0153,0.77,0.385,22.715,16.9753,6.5354905,143.070697,0.859923562,0.859923562,-0.016620032,-1649.513655,55885.26036,0.0025
199.16,82.7144,0.77,0.385,23.1,17.6744,6.804644,149.875341,0.853261329,0.853261329,-0.017304501,-1655.91582,56022.45626,0.0025
199.93,83.4214,0.77,0.385,23.485,18.3814,7.076839,156.95218,0.846332598,0.846332598,-0.017996704,-1662.317985,56160.29934,0.0025
200.7,84.129,0.77,0.385,23.87,19.089,7.349265,164.301445,0.839137142,0.839137142,-0.018689495,-1668.72015,56299.3117,0.0025
201.47,84.8374,0.77,0.385,24.255,19.7974,7.621999,171.923444,0.831674661,0.831674661,-0.01938307,-1675.122315,56439.30578,0.0025
202.24,85.534,0.77,0.385,24.64,20.494,7.89019,179.813634,0.823949601,0.823949601,-0.020065091,-1681.52448,56581.17002,0.0025
203.01,86.2193,0.77,0.385,25.025,21.1793,8.1540305,187.9676645,0.815966222,0.815966222,-0.020736048,-1687.926645,56724.64093,0.0025
203.78,86.8843,0.77,0.385,25.41,21.8443,8.4100555,196.37772,0.807732177,0.807732177,-0.021387131,-1694.32881,56870.22676,0.0025
204.55,87.5275,0.77,0.385,25.795,22.4875,8.6576875,205.0354075,0.799255682,0.799255682,-0.02201687,-1700.730975,57017.81913,0.0025
205.32,88.1534,0.77,0.385,26.18,23.1134,8.898659,213.9340665,0.790543259,0.790543259,-0.022629671,-1707.13314,57166.87789,0.0025
206.09,88.7637,0.77,0.385,26.565,23.7237,9.1336245,223.067691,0.781600787,0.781600787,-0.023227198,-1713.535305,57317.11578,0.0025
206.86,89.3518,0.77,0.385,26.95,24.3118,9.360043,232.427734,0.772436636,0.772436636,-0.02380299,-1719.93747,57468.86405,0.0025
207.63,89.9224,0.77,0.385,27.335,24.8824,9.579724,242.007458,0.763057402,0.763057402,-0.024361648,-1726.339635,57621.64242,0.0025
208.4,90.4631,0.77,0.385,27.72,25.4231,9.7878935,251.7953515,0.753474355,0.753474355,-0.024891032,-1732.7418,57776.18497,0.0025
209.17,90.972,0.77,0.385,28.105,25.932,9.98382,261.7791715,0.743699481,0.743699481,-0.025389281,-1739.143965,57932.47878,0.0025
209.94,91.4539,0.77,0.385,28.49,26.4139,10.1693515,271.948523,0.733742959,0.733742959,-0.025861096,-1745.54613,58090.0737,0.0025
210.71,91.9123,0.77,0.385,28.875,26.8723,10.3458355,282.2943585,0.723613647,0.723613647,-0.026309902,-1751.948295,58248.63402,0.0025
211.48,92.3433,0.77,0.385,29.26,27.3033,10.5117705,292.806129,0.713321872,0.713321872,-0.026731882,-1758.35046,58408.32646,0.0025
212.25,92.7411,0.77,0.385,29.645,27.7011,10.6649235,303.4710525,0.70288015,0.70288015,-0.027121357,-1764.752625,58569.44152,0.0025
213.02,93.1078,0.77,0.385,30.03,28.0678,10.806103,314.2771555,0.692300203,0.692300203,-0.027480382,-1771.15479,58731.76473,0.0025
213.79,93.4435,0.77,0.385,30.415,28.4035,10.9353475,325.212503,0.681593716,0.681593716,-0.027809057,-1777.556955,58895.22261,0.0025
214.56,93.7524,0.77,0.385,30.8,28.7124,11.054274,336.266777,0.670770792,0.670770792,-0.028111492,-1783.95912,59059.49239,0.0025
215.33,94.012,0.77,0.385,31.185,28.972,11.15422,347.420997,0.659850013,0.659850013,-0.028365659,-1790.361285,59225.93827,0.0025
216.1,94.228,0.77,0.385,31.57,29.188,11.23738,358.658377,0.648847815,0.648847815,-0.028577138,-1796.76345,59394.16724,0.0025
216.87,94.4,0.77,0.385,31.955,29.36,11.3036,369.961977,0.637780783,0.637780783,-0.028745538,-1803.165615,59564.18301,0.0025
217.64,94.5276,0.77,0.385,32.34,29.4876,11.352726,381.314703,0.626665652,0.626665652,-0.028870468,-1809.56778,59736.00418,0.0025
218.41,94.6181,0.77,0.385,32.725,29.5781,11.3875685,392.7022715,0.615516409,0.615516409,-0.028959074,-1815.969945,59909.18303,0.0025
219.18,94.672,0.77,0.385,33.11,29.632,11.40832,404.1105915,0.604346848,0.604346848,-0.029011846,-1822.37211,60083.70008,0.0025
219.95,94.6917,0.77,0.385,33.495,29.6517,11.4159045,415.526496,0.593169862,0.593169862,-0.029031134,-1828.774275,60259.42576,0.0025
220.72,94.6724,0.77,0.385,33.88,29.6324,11.408474,426.93497,0.58200015,0.58200015,-0.029012237,-1835.17644,60436.6897,0.0025
221.49,94.6008,0.77,0.385,34.265,29.5608,11.380908,438.315878,0.570857428,0.570857428,-0.028942136,-1841.578605,60616.38329,0.0025
222.26,94.4882,0.77,0.385,34.65,29.4482,11.337557,449.653435,0.55975715,0.55975715,-0.028831893,-1847.98077,60797.87819,0.0025
223.03,94.3286,0.77,0.385,35.035,29.2886,11.276111,460.929546,0.548717031,0.548717031,-0.028675633,-1854.382935,60981.64496,0.0025
223.8,94.1246,0.77,0.385,35.42,29.0846,11.197571,472.127117,0.537753809,0.537753809,-0.028475902,-1860.7851,61167.63266,0.0025
224.57,93.8836,0.77,0.385,35.805,28.8436,11.104786,483.231903,0.526881429,0.526881429,-0.028239946,-1867.187265,61355.4827,0.0025
225.34,93.5969,0.77,0.385,36.19,28.5569,10.9944065,494.2263095,0.51611712,0.51611712,-0.027959246,-1873.58943,61545.89886,0.0025
226.11,93.2708,0.77,0.385,36.575,28.2308,10.868858,505.0951675,0.505475731,0.505475731,-0.027639971,-1879.991595,61738.62937,0.0025
226.88,92.9069,0.77,0.385,36.96,27.8669,10.7287565,515.823924,0.494971511,0.494971511,-0.027283687,-1886.39376,61933.73556,0.0025
227.65,92.5093,0.77,0.385,37.345,27.4693,10.5756805,526.3996045,0.484617164,0.484617164,-0.026894408,-1892.795925,62131.1153,0.0025
228.42,92.0874,0.77,0.385,37.73,27.0474,10.413249,536.8128535,0.474421849,0.474421849,-0.026481338,-1899.19809,62330.28135,0.0025
229.19,91.6426,0.77,0.385,38.115,26.6026,10.242001,547.0548545,0.464394198,0.464394198,-0.026045847,-1905.600255,62531.28459,0.0025
229.96,91.1765,0.77,0.385,38.5,26.1365,10.0625525,557.117407,0.45454224,0.45454224,-0.025589502,-1912.00242,62734.16626,0.0025
230.73,90.696,0.77,0.385,38.885,25.656,9.87756,566.994967,0.444871403,0.444871403,-0.025119058,-1918.404585,62938.56611,0.0025
231.5,90.2078,0.77,0.385,39.27,25.1678,9.689603,576.68457,0.435384589,0.435384589,-0.024641075,-1924.80675,63144.09616,0.0025
232.27,89.7048,0.77,0.385,39.655,24.6648,9.495948,586.180518,0.426087377,0.426087377,-0.024148602,-1931.208915,63351.42389,0.0025
233.04,89.1952,0.77,0.385,40.04,24.1552,9.299752,595.48027,0.416982256,0.416982256,-0.023649667,-1937.61108,63560.03916,0.0025
233.81,88.6762,0.77,0.385,40.425,23.6362,9.099937,604.580207,0.408072767,0.408072767,-0.023141529,-1944.013245,63770.28863,0.0025
234.58,88.1453,0.77,0.385,40.81,23.1053,8.8955405,613.4757475,0.399363397,0.399363397,-0.02262174,-1950.41541,63982.53219,0.0025
235.35,87.605,0.77,0.385,41.195,22.565,8.687525,622.1632725,0.390857689,0.390857689,-0.022092748,-1956.817575,64196.7278,0.0025
236.12,87.0579,0.77,0.385,41.58,22.0179,8.4768915,630.640164,0.382558206,0.382558206,-0.021557098,-1963.21974,64412.81149,0.0025
236.89,86.5158,0.77,0.385,41.965,21.4758,8.268183,638.908347,0.374463064,0.374463064,-0.021026343,-1969.621905,64629.84034,0.0025
237.66,85.9853,0.77,0.385,42.35,20.9453,8.0639405,646.9722875,0.36656789,0.36656789,-0.020506946,-1976.02407,64847.23389,0.0025
238.43,85.4621,0.77,0.385,42.735,20.4221,7.8625085,654.834796,0.358869932,0.358869932,-0.019994696,-1982.426235,65065.40814,0.0025
239.2,84.9523,0.77,0.385,43.12,19.9123,7.6662355,662.5010315,0.35136414,0.35136414,-0.019495565,-1988.8284,65283.77419,0.0025
239.97,84.4519,0.77,0.385,43.505,19.4119,7.4735815,669.974613,0.344046969,0.344046969,-0.019005638,-1995.230565,65502.71862,0.0025
240.74,83.9685,0.77,0.385,43.89,18.9285,7.2874725,677.2620855,0.336912013,0.336912013,-0.018532354,-2001.63273,65721.42876,0.0025
241.51,83.5075,0.77,0.385,44.275,18.4675,7.1099875,684.372073,0.329950827,0.329950827,-0.018081002,-2008.034895,65939.22347,0.0025
242.28,83.0628,0.77,0.385,44.66,18.0228,6.938778,691.310851,0.323157268,0.323157268,-0.017645609,-2014.43706,66156.64786,0.0025
243.05,82.6378,0.77,0.385,45.045,17.5978,6.775153,698.086004,0.316523908,0.316523908,-0.017229504,-2020.839225,66373.21492,0.0025
243.82,82.2289,0.77,0.385,45.43,17.1889,6.6177265,704.7037305,0.310044681,0.310044681,-0.016829162,-2027.24139,66589.22252,0.0025
244.59,81.831,0.77,0.385,45.815,16.791,6.464535,711.1682655,0.303715439,0.303715439,-0.016439589,-2033.643555,66805.201,0.0025
245.36,81.4392,0.77,0.385,46.2,16.3992,6.313692,717.4819575,0.297533884,0.297533884,-0.016055989,-2040.04572,67021.72894,0.0025
246.13,81.0553,0.77,0.385,46.585,16.0153,6.1658905,723.647848,0.291497036,0.291497036,-0.015680123,-2046.447885,67238.58729,0.0025
246.9,80.6743,0.77,0.385,46.97,15.6343,6.0192055,729.6670535,0.285603804,0.285603804,-0.015307097,-2052.85005,67456.43745,0.0025
247.67,80.3048,0.77,0.385,47.355,15.2648,5.876948,735.5440015,0.279849852,0.279849852,-0.01494533,-2059.252215,67674.1539,0.0025
248.44,79.9444,0.77,0.385,47.74,14.9044,5.738194,741.2821955,0.27423175,0.27423175,-0.014592473,-2065.65438,67892.01521,0.0025
249.21,79.5894,0.77,0.385,48.125,14.5494,5.601519,746.8837145,0.268747462,0.268747462,-0.014244902,-2072.056545,68110.52764,0.0025
249.98,79.2479,0.77,0.385,48.51,14.2079,5.4700415,752.353756,0.263391901,0.263391901,-0.01391055,-2078.45871,68328.50231,0.0025
250.75,78.9179,0.77,0.385,48.895,13.8779,5.3429915,757.6967475,0.25816073,0.25816073,-0.013587456,-2084.860875,68546.14252,0.0025
251.52,78.6023,0.77,0.385,49.28,13.5623,5.2214855,762.918233,0.253048523,0.253048523,-0.013278461,-2091.26304,68762.91249,0.0025
252.29,78.3012,0.77,0.385,49.665,13.2612,5.105562,768.023795,0.248049813,0.248049813,-0.012983663,-2097.665205,68978.66596,0.0025
253.06,78.006,0.77,0.385,50.05,12.966,4.99191,773.015705,0.243162376,0.243162376,-0.012694641,-2104.06737,69194.6872,0.0025
253.83,77.7204,0.77,0.385,50.435,12.6804,4.881954,777.897659,0.238382594,0.238382594,-0.012415018,-2110.469535,69410.33827,0.0025
254.6,77.446,0.77,0.385,50.82,12.406,4.77631,782.673969,0.233706245,0.233706245,-0.012146361,-2116.8717,69625.26836,0.0025
255.37,77.1852,0.77,0.385,51.205,12.1452,4.675902,787.349871,0.229128203,0.229128203,-0.011891019,-2123.273865,69838.94584,0.0025
256.14,76.9362,0.77,0.385,51.59,11.8962,4.580037,791.929908,0.224644019,0.224644019,-0.01164723,-2129.67603,70051.55043,0.0025
256.91,76.6927,0.77,0.385,51.975,11.6527,4.4862895,796.4161975,0.220251621,0.220251621,-0.011408826,-2136.078195,70264.13384,0.0025
257.68,76.4556,0.77,0.385,52.36,11.4156,4.395006,800.8112035,0.215948596,0.215948596,-0.011176688,-2142.48036,70476.49808,0.0025
258.45,76.2237,0.77,0.385,52.745,11.1837,4.3057245,805.116928,0.211732984,0.211732984,-0.010949642,-2148.882525,70688.83469,0.0025
259.22,75.9952,0.77,0.385,53.13,10.9552,4.217752,809.33468,0.207603504,0.207603504,-0.010725924,-2155.28469,70901.47937,0.0025
259.99,75.7713,0.77,0.385,53.515,10.7313,4.1315505,813.4662305,0.20355842,0.20355842,-0.01050671,-2161.686855,71114.19098,0.0025
260.76,75.5504,0.77,0.385,53.9,10.5104,4.046504,817.5127345,0.199596604,0.199596604,-0.010290433,-2168.08902,71327.28845,0.0025
261.53,75.3361,0.77,0.385,54.285,10.2961,3.9639985,821.476733,0.195715566,0.195715566,-0.010080618,-2174.491185,71540.00777,0.0025
262.3,75.1296,0.77,0.385,54.67,10.0896,3.884496,825.361229,0.191912367,0.191912367,-0.00987844,-2180.89335,71752.02476,0.0025
263.07,74.9282,0.77,0.385,55.055,9.8882,3.806957,829.168186,0.188185084,0.188185084,-0.009681255,-2187.295515,71963.86126,0.0025
263.84,74.7301,0.77,0.385,55.44,9.6901,3.7306885,832.8988745,0.184532473,0.184532473,-0.0094873,-2193.69768,72175.89497,0.0025
264.61,74.5375,0.77,0.385,55.825,9.4975,3.6565375,836.555412,0.180952461,0.180952461,-0.009298731,-2200.099845,72387.60279,0.0025
265.38,74.3531,0.77,0.385,56.21,9.3131,3.5855435,840.1409555,0.177441958,0.177441958,-0.009118191,-2206.50201,72598.28145,0.0025
266.15,74.1763,0.77,0.385,56.595,9.1363,3.5174755,843.658431,0.173998098,0.173998098,-0.008945091,-2212.904175,72807.96789,0.0025
266.92,74.0066,0.77,0.385,56.98,8.9666,3.452141,847.110572,0.170618205,0.170618205,-0.008778942,-2219.30634,73016.68466,0.0025
267.69,73.8435,0.77,0.385,57.365,8.8035,3.3893475,850.4999195,0.167299792,0.167299792,-0.008619256,-2225.708505,73224.4629,0.0025
268.46,73.6891,0.77,0.385,57.75,8.6491,3.3299035,853.829823,0.164039578,0.164039578,-0.008468087,-2232.11067,73430.65832,0.0025
269.23,73.5411,0.77,0.385,58.135,8.5011,3.2729235,857.1027465,0.160835152,0.160835152,-0.008323184,-2238.512835,73635.74812,0.0025
270,73.3968,0.77,0.385,58.52,8.3568,3.217368,860.3201145,0.157685119,0.157685119,-0.008181904,-2244.915,73840.37588,0.0025
270.77,73.2535,0.77,0.385,58.905,8.2135,3.1621975,863.482312,0.154589102,0.154589102,-0.008041604,-2251.317165,74045.25499,0.0025
271.54,73.1124,0.77,0.385,59.29,8.0724,3.107874,866.590186,0.151546271,0.151546271,-0.007903457,-2257.71933,74250.06039,0.0025
272.31,72.9766,0.77,0.385,59.675,7.9366,3.055591,869.645777,0.148554629,0.148554629,-0.007770499,-2264.121495,74453.87984,0.0025
273.08,72.8475,0.77,0.385,60.06,7.8075,3.0058875,872.6516645,0.14561165,0.14561165,-0.007644101,-2270.52366,74656.21472,0.0025
273.85,72.7244,0.77,0.385,60.445,7.6844,2.958494,875.6101585,0.142715073,0.142715073,-0.007523577,-2276.925825,74857.15764,0.0025
274.62,72.6038,0.77,0.385,60.83,7.5638,2.912063,878.5222215,0.139863955,0.139863955,-0.007405501,-2283.32799,75057.67947,0.0025
275.39,72.4869,0.77,0.385,61.215,7.4469,2.8670565,881.389278,0.137056902,0.137056902,-0.007291047,-2289.730155,75257.37429,0.0025
276.16,72.3704,0.77,0.385,61.6,7.3304,2.822204,884.211482,0.134293763,0.134293763,-0.007176986,-2296.13232,75457.23714,0.0025
276.93,72.2623,0.77,0.385,61.985,7.2223,2.7805855,886.9920675,0.131571371,0.131571371,-0.007071148,-2302.534485,75654.68142,0.0025
277.7,72.1587,0.77,0.385,62.37,7.1187,2.7406995,889.732767,0.12888803,0.12888803,-0.006969716,-2308.93665,75850.82193,0.0025
278.47,72.0603,0.77,0.385,62.755,7.0203,2.7028155,892.4355825,0.126241781,0.126241781,-0.006873375,-2315.338815,76045.335,0.0025
279.24,71.9692,0.77,0.385,63.14,6.9292,2.667742,895.1033245,0.12362987,0.12362987,-0.006784182,-2321.74098,76237.39417,0.0025
280.01,71.8867,0.77,0.385,63.525,6.8467,2.6359795,897.739304,0.121049058,0.121049058,-0.006703409,-2328.143145,76426.38797,0.0025
280.78,71.8107,0.77,0.385,63.91,6.7707,2.6067195,900.3460235,0.118496893,0.118496893,-0.006628999,-2334.54531,76612.86474,0.0025
281.55,71.7409,0.77,0.385,64.295,6.7009,2.5798465,902.92587,0.115971039,0.115971039,-0.00656066,-2340.947475,76796.78459,0.0025
282.32,71.6757,0.77,0.385,64.68,6.6357,2.5547445,905.4806145,0.113469762,0.113469762,-0.006496825,-2347.34964,76978.58285,0.0025
283.09,71.6163,0.77,0.385,65.065,6.5763,2.5318755,908.01249,0.110990875,0.110990875,-0.006438668,-2353.751805,77157.70842,0.0025
283.86,71.5569,0.77,0.385,65.45,6.5169,2.5090065,910.5214965,0.108534378,0.108534378,-0.006380511,-2360.15397,77336.16823,0.0025
284.63,71.4989,0.77,0.385,65.835,6.4589,2.4866765,913.008173,0.106099744,0.106099744,-0.006323725,-2366.556135,77513.41632,0.0025
285.4,71.4419,0.77,0.385,66.22,6.4019,2.4647315,915.4729045,0.103686596,0.103686596,-0.006267918,-2372.9583,77689.55101,0.0025
286.17,71.3885,0.77,0.385,66.605,6.3485,2.4441725,917.917077,0.101293576,0.101293576,-0.006215635,-2379.360465,77863.52733,0.0025
286.94,71.3349,0.77,0.385,66.99,6.2949,2.4235365,920.3406135,0.098920761,0.098920761,-0.006163157,-2385.76263,78036.71195,0.0025
287.71,71.2783,0.77,0.385,67.375,6.2383,2.4017455,922.742359,0.09656928,0.09656928,-0.006107742,-2392.164795,78210.17694,0.0025
288.48,71.2172,0.77,0.385,67.76,6.1772,2.378222,925.120581,0.094240831,0.094240831,-0.00604792,-2398.56696,78384.5573,0.0025
289.25,71.1541,0.77,0.385,68.145,6.1141,2.3539285,927.4745095,0.091936167,0.091936167,-0.005986141,-2404.969125,78558.92675,0.0025
290.02,71.0872,0.77,0.385,68.53,6.0472,2.328172,929.8026815,0.08965672,0.08965672,-0.005920641,-2411.37129,78734.04483,0.0025
290.79,71.0217,0.77,0.385,68.915,5.9817,2.3029545,932.105636,0.087401963,0.087401963,-0.005856512,-2417.773455,78907.83207,0.0025
291.56,70.9591,0.77,0.385,69.3,5.9191,2.2788535,934.3844895,0.085170802,0.085170802,-0.005795222,-2424.17562,79079.59316,0.0025
292.33,70.899,0.77,0.385,69.685,5.859,2.255715,936.6402045,0.082962296,0.082962296,-0.00573638,-2430.577785,79249.38765,0.0025
293.1,70.8417,0.77,0.385,70.07,5.8017,2.2336545,938.873859,0.080775389,0.080775389,-0.005680279,-2436.97995,79416.98056,0.0025
293.87,70.7902,0.77,0.385,70.455,5.7502,2.213827,941.087686,0.078607894,0.078607894,-0.005629857,-2443.382115,79580.94164,0.0025
294.64,70.7393,0.77,0.385,70.84,5.6993,2.1942305,943.2819165,0.076459586,0.076459586,-0.005580022,-2449.78428,79743.35875,0.0025
295.41,70.6937,0.77,0.385,71.225,5.6537,2.1766745,945.458591,0.074328466,0.074328466,-0.005535376,-2456.186445,79902.05544,0.0025
296.18,70.65,0.77,0.385,71.61,5.61,2.15985,947.618441,0.072213818,0.072213818,-0.005492591,-2462.58861,80058.35563,0.0025
296.95,70.6064,0.77,0.385,71.995,5.5664,2.143064,949.761505,0.070115605,0.070115605,-0.005449903,-2468.990775,80212.95178,0.0025
297.72,70.5614,0.77,0.385,72.38,5.5214,2.125739,951.887244,0.068034355,0.068034355,-0.005405845,-2475.39294,80366.44926,0.0025
298.49,70.5131,0.77,0.385,72.765,5.4731,2.1071435,953.9943875,0.065971311,0.065971311,-0.005358556,-2481.795105,80519.68704,0.0025
299.26,70.4665,0.77,0.385,73.15,5.4265,2.0892025,956.08359,0.063925832,0.063925832,-0.005312931,-2488.19727,80670.30655,0.0025
300.03,70.42,0.77,0.385,73.535,5.38,2.0713,958.15489,0.061897881,0.061897881,-0.005267405,-2494.599435,80818.92096,0.0025
300.8,70.3744,0.77,0.385,73.92,5.3344,2.053744,960.208634,0.059887119,0.059887119,-0.005222759,-2501.0016,80965.02952,0.0025
301.57,70.3315,0.77,0.385,74.305,5.2915,2.0372275,962.2458615,0.057892528,0.057892528,-0.005180757,-2507.403765,81107.59991,0.0025
302.34,70.2886,0.77,0.385,74.69,5.2486,2.020711,964.2665725,0.055914107,0.055914107,-0.005138755,-2513.80593,81247.74658,0.0025
303.11,70.2513,0.77,0.385,75.075,5.2113,2.0063505,966.272923,0.053949747,0.053949747,-0.005102235,-2520.208095,81382.51066,0.0025
303.88,70.2199,0.77,0.385,75.46,5.1799,1.9942615,968.2671845,0.051997222,0.051997222,-0.005071492,-2526.61026,81511.38138,0.0025
304.65,70.19,0.77,0.385,75.845,5.15,1.98275,970.2499345,0.050055968,0.050055968,-0.005042218,-2533.012425,81636.2089,0.0025
305.42,70.1642,0.77,0.385,76.23,5.1242,1.972817,972.2227515,0.04812444,0.04812444,-0.005016958,-2539.41459,81755.36732,0.0025
306.19,70.1431,0.77,0.385,76.615,5.1031,1.9646935,974.187445,0.046200864,0.046200864,-0.0049963,-2545.816755,81868.13883,0.0025
306.96,70.1279,0.77,0.385,77,5.0879,1.9588415,976.1462865,0.044283018,0.044283018,-0.004981418,-2552.21892,81973.42537,0.0025
307.73,70.1153,0.77,0.385,77.385,5.0753,1.9539905,978.100277,0.042369922,0.042369922,-0.004969081,-2558.621085,82072.40223,0.0025
308.5,70.1062,0.77,0.385,77.77,5.0662,1.950487,980.050764,0.040460256,0.040460256,-0.004960172,-2565.02325,82164.07127,0.0025
309.27,70.0947,0.77,0.385,78.155,5.0547,1.9460595,981.9968235,0.038554925,0.038554925,-0.004948913,-2571.425415,82250.95606,0.0025
310.04,70.0839,0.77,0.385,78.54,5.0439,1.9419015,983.938725,0.036653664,0.036653664,-0.004938339,-2577.82758,82330.89093,0.0025
310.81,70.0741,0.77,0.385,78.925,5.0341,1.9381285,985.8768535,0.034756098,0.034756098,-0.004928744,-2584.229745,82403.01632,0.0025
311.58,70.0614,0.77,0.385,79.31,5.0214,1.933239,987.8100925,0.032863319,0.032863319,-0.004916309,-2590.63191,82468.63523,0.0025
312.35,70.0454,0.77,0.385,79.695,5.0054,1.927079,989.7371715,0.030976571,0.030976571,-0.004900644,-2597.034075,82527.17408,0.0025
313.12,70.0305,0.77,0.385,80.08,4.9905,1.9213425,991.658514,0.029095439,0.029095439,-0.004886056,-2603.43624,82575.27561,0.0025
313.89,70.0156,0.77,0.385,80.465,4.9756,1.915606,993.57412,0.027219924,0.027219924,-0.004871468,-2609.838405,82612.24264,0.0025
314.66,70.0003,0.77,0.385,80.85,4.9603,1.9097155,995.4838355,0.025350176,0.025350176,-0.004856488,-2616.24057,82636.77423,0.0025
315.43,69.9816,0.77,0.385,81.235,4.9416,1.902516,997.3863515,0.023487477,0.023487477,-0.00483818,-2622.642735,82648.74375,0.0025
316.2,69.9603,0.77,0.385,81.62,4.9203,1.8943155,999.280667,0.021632806,0.021632806,-0.004817325,-2629.0449,82645.59943,0.0025
316.97,69.9377,0.77,0.385,82.005,4.8977,1.8856145,1001.166282,0.019786655,0.019786655,-0.004795198,-2635.447065,82623.89793,0.0025
317.74,69.9146,0.77,0.385,82.39,4.8746,1.876721,1003.043003,0.017949211,0.017949211,-0.004772582,-2641.84923,82579.6232,0.0025
318.51,69.8909,0.77,0.385,82.775,4.8509,1.8675965,1004.910599,0.016120701,0.016120701,-0.004749378,-2648.251395,82508.11748,0.0025
319.28,69.8643,0.77,0.385,83.16,4.8243,1.8573555,1006.767955,0.014302217,0.014302217,-0.004723335,-2654.65356,82404.44373,0.0025
320.05,69.8402,0.77,0.385,83.545,4.8002,1.848077,1008.616032,0.012492817,0.012492817,-0.004699739,-2661.055725,82256.5671,0.0025
320.82,69.8217,0.77,0.385,83.93,4.7817,1.8409545,1010.456986,0.010690391,0.010690391,-0.004681626,-2667.45789,82049.15359,0.0025
321.59,69.8061,0.77,0.385,84.315,4.7661,1.8349485,1012.291935,0.008893846,0.008893846,-0.004666353,-2673.860055,81762.86503,0.0025
322.36,69.7907,0.77,0.385,84.7,4.7507,1.8290195,1014.120954,0.007103105,0.007103105,-0.004651275,-2680.26222,81364.71177,0.0025
323.13,69.7751,0.77,0.385,85.085,4.7351,1.8230135,1015.943968,0.005318244,0.005318244,-0.004636001,-2686.664385,80790.40859,0.0025
323.9,69.7585,0.77,0.385,85.47,4.7185,1.8166225,1017.76059,0.003539641,0.003539641,-0.004619749,-2693.06655,79895.98957,0.0025
324.67,69.7415,0.77,0.385,85.855,4.7015,1.8100775,1019.570668,0.001767446,0.001767446,-0.004603105,-2699.468715,78220.91408,0.0025
325.44,69.7289,0.77,0.385,86.24,4.6889,1.8052265,1021.375894,0,0,-0.004590768,-2705.87088,78000,0.0025
