Distance (m),time(s),T_gas (K),T_surf (K),P (atm),Acetaldehyde,CeCation(S),Acetaldehyde1-Ce(S),Acetaldehyde2-Ce(S),OAnion(S)
0.0,0.0,300.0,100.0,9.999999999999998e-21,1.0,9.240000883364208e-33,1.0,1.6100081286073295e-45,0.0
0.0,1.0,300.0,102.0,9.999999999999998e-21,1.0,3.053818173212386e-22,1.0,2.3877079066159117e-35,0.0
0.0,2.0,300.0,104.0,9.999999999999998e-21,1.0,1.7133608618701266e-21,1.0,1.6542395718543938e-34,0.0
0.0,3.0,300.0,106.0,9.999999999999998e-21,1.0,7.841123344749441e-21,1.0,8.485784047354334e-34,0.0
0.0,4.0,300.0,108.0,9.999999999999998e-21,1.0,3.3096385894057347e-20,1.0,3.8840835002503356e-33,0.0
0.0,5.0,300.0,110.0,9.999999999999998e-21,1.0,1.3195998091461565e-19,1.0,1.6603413994320294e-32,0.0
0.0,6.0,300.0,112.0,9.999999999999998e-21,1.0,5.005585169671979e-19,1.0,6.72264940211916e-32,0.0
0.0,7.0,300.0,114.0,9.999999999999998e-21,1.0,1.8128115276641974e-18,1.0,2.592939386902406e-31,0.0
0.0,8.0,300.0,116.0,9.999999999999998e-21,1.0,6.284438330468279e-18,1.0,9.558303888189525e-31,0.0
0.0,9.0,300.0,118.0,9.999999999999998e-21,1.0,2.0901646757169564e-17,1.0,3.3759343173436905e-30,0.0
0.0,10.0,300.0,120.0,9.999999999999998e-21,1.0,6.683378877469301e-17,1.0,1.1449298353240541e-29,0.0
0.0,11.0,300.0,122.0,9.999999999999998e-21,1.0,2.0585005042637123e-16,1.0,3.73594685593166e-29,0.0
0.0,12.0,300.0,124.0,9.999999999999998e-21,1.0,6.118257428820995e-16,0.9999999999999993,1.175068121155725e-28,0.0
0.0,13.0,300.0,126.0,9.999999999999998e-21,1.0,1.7577575151504658e-15,0.9999999999999983,3.5687558956648134e-28,0.0
0.0,14.0,300.0,128.0,9.999999999999998e-21,1.0,4.889127650354742e-15,0.999999999999995,1.0482518328433018e-27,0.0
0.0,15.0,300.0,130.0,9.999999999999998e-21,1.0,1.3185284471633832e-14,0.9999999999999867,2.9824255960706663e-27,0.0
0.0,16.0,300.0,132.0,9.999999999999998e-21,1.0,3.452541144029609e-14,0.9999999999999655,8.230933575306558e-27,0.0
0.0,17.0,300.0,134.0,9.999999999999998e-21,1.0,8.789190710885024e-14,0.9999999999999121,2.2064163411238887e-26,0.0
0.0,18.0,300.0,136.0,9.999999999999998e-21,1.0,2.177988556277389e-13,0.9999999999997821,5.752199771276938e-26,0.0
0.0,19.0,300.0,138.0,9.999999999999998e-21,1.0,5.259736603923636e-13,0.9999999999994741,1.4601791534034685e-25,0.0
0.0,20.0,300.0,140.0,9.999999999999998e-21,1.0,1.2392254743012785e-12,0.9999999999987607,3.6132039837693153e-25,0.0
0.0,21.0,300.0,142.0,9.999999999999998e-21,1.0,2.8514390078878243e-12,0.9999999999971486,8.724758071195446e-25,0.0
0.0,22.0,300.0,144.0,9.999999999999998e-21,1.0,6.4140131859320475e-12,0.9999999999935861,2.0578997313258325e-24,0.0
0.0,23.0,300.0,146.0,9.999999999999998e-21,1.0,1.4117214705088461e-11,0.9999999999858827,4.745879010153074e-24,0.0
0.0,24.0,300.0,148.0,9.999999999999998e-21,1.0,3.0429959918831224e-11,0.9999999999695701,1.0710762394961699e-23,0.0
0.0,25.0,300.0,150.0,9.999999999999998e-21,1.0,6.429045929841932e-11,0.9999999999357096,2.3675784604478544e-23,0.0
0.0,26.0,300.0,152.0,9.999999999999998e-21,1.0,1.332371114186607e-10,0.9999999998667629,5.130011885072541e-23,0.0
0.0,27.0,300.0,154.0,9.999999999999998e-21,1.0,2.7105694214842546e-10,0.999999999728943,1.0904206256081735e-22,0.0
0.0,28.0,300.0,156.0,9.999999999999998e-21,1.0,5.417003530110651e-10,0.9999999994582996,2.2753398548273995e-22,0.0
0.0,29.0,300.0,158.0,9.999999999999998e-21,1.0,1.0641727013718525e-09,0.9999999989358274,4.664167205116944e-22,0.0
0.0,30.0,300.0,160.0,9.999999999999998e-21,1.0,2.0563459525868934e-09,0.9999999979436541,8.726844782897876e-22,0.0
0.0,31.0,300.0,162.0,9.999999999999998e-21,1.0,3.910878983788705e-09,0.9999999960891212,1.6669790194985626e-21,0.0
0.0,32.0,300.0,164.0,9.999999999999998e-21,1.0,7.3248205684141515e-09,0.9999999926751795,3.1953759169320337e-21,0.0
0.0,33.0,300.0,166.0,9.999999999999998e-21,1.0,1.351768429888263e-08,0.9999999864823159,6.0915383015104146e-21,0.0
0.0,34.0,300.0,168.0,9.999999999999998e-21,1.0,2.459332733935887e-08,0.9999999754066726,1.1498795727164492e-20,0.0
0.0,35.0,300.0,170.0,9.999999999999998e-21,1.0,4.413247829377909e-08,0.9999999558675217,2.145107980549577e-20,0.0
0.0,36.0,300.0,172.0,9.999999999999998e-21,1.0,7.815049099335042e-08,0.9999999218495091,3.951757545863364e-20,0.0
0.0,37.0,300.0,174.0,9.999999999999998e-21,1.0,1.3662631581315248e-07,0.9999998633736843,7.187952013807119e-20,0.0
0.0,38.0,300.0,176.0,9.999999999999998e-21,1.0,2.3591427298895243e-07,0.9999997640857271,1.291063528189168e-19,0.0
0.0,39.0,300.0,178.0,9.999999999999998e-21,1.0,4.0250456798257167e-07,0.9999995974954321,2.2905004127855857e-19,0.0
0.0,40.0,300.0,180.0,9.999999999999998e-21,1.0,6.788216487864268e-07,0.9999993211783514,4.01506514272849e-19,0.0
0.0,41.0,300.0,182.0,9.999999999999998e-21,1.0,1.1320687057547752e-06,0.9999988679312943,6.956384286135547e-19,0.0
0.0,42.0,300.0,184.0,9.999999999999998e-21,1.0,1.86757846304167e-06,0.9999981324215369,1.1916661165185808e-18,0.0
0.0,43.0,300.0,186.0,9.999999999999998e-21,1.0,3.0487635655261415e-06,0.9999969512364346,2.0160181257986775e-18,0.0
0.0,44.0,300.0,188.0,9.999999999999998e-21,1.0,4.926638164246566e-06,0.9999950733618358,3.3701554222746595e-18,0.0
0.0,45.0,300.0,190.0,9.999999999999998e-21,1.0,7.883089458874237e-06,0.9999921169105411,5.4772660303570245e-18,0.0
0.0,46.0,300.0,192.0,9.999999999999998e-21,1.0,1.2493713854991306e-05,0.999987506286145,8.86066285074606e-18,0.0
0.0,47.0,300.0,194.0,9.999999999999998e-21,1.0,1.9618245565776583e-05,0.9999803817544344,1.4255585113795376e-17,0.0
0.0,48.0,300.0,196.0,9.999999999999998e-21,1.0,3.052952787889747e-05,0.9999694704721211,2.2791875355252694e-17,0.0
0.0,49.0,300.0,198.0,9.999999999999998e-21,1.0,4.7095827570200094e-05,0.9999529041724298,3.6182309227850466e-17,0.0
0.0,50.0,300.0,200.0,9.999999999999998e-21,1.0,7.203624927486622e-05,0.9999279637507251,5.702601201468484e-17,0.0
0.0,51.0,300.0,202.0,9.999999999999998e-21,1.0,0.00010927527496814312,0.9998907247250316,8.922256970762789e-17,0.0
0.0,52.0,300.0,204.0,9.999999999999998e-21,1.0,0.00016443013990803,0.9998355698600919,1.3857053056837197e-16,0.0
0.0,53.0,300.0,206.0,9.999999999999998e-21,1.0,0.00024547378475160795,0.9997545262152484,2.1361571689118429e-16,0.0
0.0,54.0,300.0,208.0,9.999999999999998e-21,1.0,0.0003636259562292321,0.9996363740437705,3.269203769636427e-16,0.0
0.0,55.0,300.0,210.0,9.999999999999998e-21,1.0,0.0005345344876679408,0.9994654655123316,4.965287608490503e-16,0.0
0.0,56.0,300.0,212.0,9.999999999999998e-21,1.0,0.0007798144527899871,0.9992201855472094,7.484644258802222e-16,0.0
0.0,57.0,300.0,214.0,9.999999999999998e-21,1.0,0.001129010309953892,0.998870989690045,1.1197816096549496e-15,0.0
0.0,58.0,300.0,216.0,9.999999999999998e-21,1.0,0.0016220245022853796,0.9983779754977132,1.6627319308585674e-15,0.0
0.0,59.0,300.0,218.0,9.999999999999998e-21,1.0,0.002312000677388647,0.9976879993226088,2.4502172433621188e-15,0.0
0.0,60.0,300.0,220.0,9.999999999999998e-21,1.0,0.003268537726259994,0.9967314622737364,3.5827479061279414e-15,0.0
0.0,61.0,300.0,222.0,9.999999999999998e-21,1.0,0.004580914522265598,0.9954190854777293,5.197012716109971e-15,0.0
0.0,62.0,300.0,224.0,9.999999999999998e-21,1.0,0.006360701353995728,0.9936392986459969,7.475927348081219e-15,0.0
0.0,63.0,300.0,226.0,9.999999999999998e-21,1.0,0.008742729283246181,0.9912572707167433,1.0659553781685088e-14,0.0
0.0,64.0,300.0,228.0,9.999999999999998e-21,1.0,0.011882965859896712,0.9881170341400883,1.5055915529384824e-14,0.0
0.0,65.0,300.0,230.0,9.999999999999998e-21,1.0,0.015951628945284194,0.9840483710546948,2.1049395257051135e-14,0.0
0.0,66.0,300.0,232.0,9.999999999999998e-21,1.0,0.021120243301739176,0.9788797566982317,2.910341248569593e-14,0.0
0.0,67.0,300.0,234.0,9.999999999999998e-21,1.0,0.02754271616216444,0.9724572838377958,3.9755169416448764e-14,0.0
0.0,68.0,300.0,236.0,9.999999999999998e-21,1.0,0.03533297653592691,0.9646670234640196,5.359868951601016e-14,0.0
0.0,69.0,300.0,238.0,9.999999999999998e-21,1.0,0.044544469091880055,0.9554555309080489,7.125577081638394e-14,0.0
0.0,70.0,300.0,240.0,9.999999999999998e-21,1.0,0.055158089168869606,0.9448419108310371,9.333807390050398e-14,0.0
0.0,71.0,300.0,242.0,9.999999999999998e-21,1.0,0.06708338432985698,0.9329166156700227,1.2040346579535266e-13,0.0
0.0,72.0,300.0,244.0,9.999999999999998e-21,1.0,0.0801731086113586,0.9198268913884886,1.5291434726632533e-13,0.0
0.0,73.0,300.0,246.0,9.999999999999998e-21,1.0,0.09424615428325281,0.9057538457165561,1.9120586615562514e-13,0.0
0.0,74.0,300.0,248.0,9.999999999999998e-21,1.0,0.10911164041129946,0.8908883595884655,2.3546377496981906e-13,0.0
0.0,75.0,300.0,250.0,9.999999999999998e-21,1.0,0.1245881658705048,0.8754118341292095,2.857158829722669e-13,0.0
0.0,76.0,300.0,252.0,9.999999999999998e-21,1.0,0.14051581857167056,0.8594841814279878,3.418228757624041e-13,0.0
0.0,77.0,300.0,254.0,9.999999999999998e-21,1.0,0.1567611100057327,0.843238889993864,4.034810851667642e-13,0.0
0.0,78.0,300.0,256.0,9.999999999999998e-21,1.0,0.1732169735796032,0.8267830264199268,4.702256374928559e-13,0.0
0.0,79.0,300.0,258.0,9.999999999999998e-21,1.0,0.18979996971429014,0.8102000302851686,5.414348297766905e-13,0.0
0.0,80.0,300.0,260.0,9.999999999999998e-21,1.0,0.20644637619125986,0.7935536238081239,6.163354670463979e-13,0.0
0.0,81.0,300.0,262.0,9.999999999999998e-21,1.0,0.22310815753615695,0.7768918424631494,6.940119063587292e-13,0.0
0.0,82.0,300.0,264.0,9.999999999999998e-21,1.0,0.23974953374623495,0.7602504662529915,7.734078946515267e-13,0.0
0.0,83.0,300.0,266.0,9.999999999999998e-21,1.0,0.2563438927237831,0.7436561072753636,8.533464776025411e-13,0.0
0.0,84.0,300.0,268.0,9.999999999999998e-21,1.0,0.27287151447688024,0.7271284855221871,9.325443112962903e-13,0.0
0.0,85.0,300.0,270.0,9.999999999999998e-21,1.0,0.28931777107194573,0.7106822289270448,1.009634635549147e-12,0.0
0.0,86.0,300.0,272.0,9.999999999999998e-21,1.0,0.3056718115403316,0.6943281884585853,1.0831944116248848e-12,0.0
0.0,87.0,300.0,274.0,9.999999999999998e-21,1.0,0.3219255177021153,0.6780744822967332,1.151781678099321e-12,0.0
0.0,88.0,300.0,276.0,9.999999999999998e-21,1.0,0.3380727776548455,0.661927222343941,1.2139770851554145e-12,0.0
0.0,89.0,300.0,278.0,9.999999999999998e-21,1.0,0.35410894256711767,0.6458910574316138,1.2684319498491183e-12,0.0
0.0,90.0,300.0,280.0,9.999999999999998e-21,1.0,0.37003041372564976,0.6299695862730366,1.3139217103205626e-12,0.0
0.0,91.0,300.0,282.0,9.999999999999998e-21,1.0,0.3858343583478716,0.6141656416507794,1.34940055997585e-12,0.0
0.0,92.0,300.0,284.0,9.999999999999998e-21,1.0,0.4015184886427552,0.5984815113558709,1.374056000883979e-12,0.0
0.0,93.0,300.0,286.0,9.999999999999998e-21,1.0,0.41708090137357984,0.582919098625033,1.3873585123204687e-12,0.0
0.0,94.0,300.0,288.0,9.999999999999998e-21,1.0,0.43251995891711004,0.567480041081501,1.3891020285791152e-12,0.0
0.0,95.0,300.0,290.0,9.999999999999998e-21,1.0,0.4478342005602562,0.5521657994383644,1.3794305542875453e-12,0.0
0.0,96.0,300.0,292.0,9.999999999999998e-21,1.0,0.46302227582309136,0.53697772417555,1.3588465705633134e-12,0.0
0.0,97.0,300.0,294.0,9.999999999999998e-21,1.0,0.478082893818628,0.5219171061800439,1.328197855437001e-12,0.0
0.0,98.0,300.0,296.0,9.999999999999998e-21,1.0,0.49301478427451756,0.506985215724194,1.2886410077896536e-12,0.0
0.0,99.0,300.0,298.0,9.999999999999998e-21,1.0,0.5078166670139356,0.4921833329848228,1.2415822616891606e-12,0.0
0.0,100.0,300.0,300.0,9.999999999999998e-21,1.0,0.5196870474933256,0.48031295250541167,1.262632785537172e-12,0.0
0.0,101.0,300.0,302.0,9.999999999999998e-21,1.0,0.5285981158622274,0.47140188413641887,1.353698453814988e-12,0.0
0.0,102.0,300.0,304.0,9.999999999999998e-21,1.0,0.5361759135405013,0.46382408645802947,1.4692156403842614e-12,0.0
0.0,103.0,300.0,306.0,9.999999999999998e-21,1.0,0.5429928335932174,0.45700716640518835,1.5942938013643204e-12,0.0
0.0,104.0,300.0,308.0,9.999999999999998e-21,1.0,0.54932477500611,0.45067522499216806,1.7221103991090415e-12,0.0
0.0,105.0,300.0,310.0,9.999999999999998e-21,1.0,0.5553267512429871,0.44467324875516395,1.848977832307584e-12,0.0
0.0,106.0,300.0,312.0,9.999999999999998e-21,1.0,0.5610943165150305,0.438905683482997,1.9727292166230274e-12,0.0
0.0,107.0,300.0,314.0,9.999999999999998e-21,1.0,0.5666901209793597,0.4333098790185484,2.092039324590867e-12,0.0
0.0,108.0,300.0,316.0,9.999999999999998e-21,1.0,0.5721570648493337,0.4278429351484603,2.2060954423749403e-12,0.0
0.0,109.0,300.0,318.0,9.999999999999998e-21,1.0,0.5775254705221464,0.4224745294755392,2.3144191120725056e-12,0.0
0.0,110.0,300.0,320.0,9.999999999999998e-21,1.0,0.582817284162321,0.4171827158352622,2.416760492900491e-12,0.0
0.0,111.0,300.0,322.0,9.999999999999998e-21,1.0,0.5880486781303554,0.4119513218671316,2.513030942111926e-12,0.0
0.0,112.0,300.0,324.0,9.999999999999998e-21,1.0,0.5932317358738398,0.406768264123557,2.6032573048427907e-12,0.0
0.0,113.0,300.0,326.0,9.999999999999998e-21,1.0,0.5983755824145679,0.40162441758274464,2.6875494061161244e-12,0.0
0.0,114.0,300.0,328.0,9.999999999999998e-21,1.0,0.6034871652003351,0.3965128347968989,2.7660760876031314e-12,0.0
0.0,115.0,300.0,330.0,9.999999999999998e-21,1.0,0.6085718064174569,0.39142819357970415,2.839047093241814e-12,0.0
0.0,116.0,300.0,332.0,9.999999999999998e-21,1.0,0.6136336013419649,0.3863663986551286,2.9066991567362964e-12,0.0
0.0,117.0,300.0,334.0,9.999999999999998e-21,1.0,0.6186757102930319,0.3813242897039989,2.969285229374779e-12,0.0
0.0,118.0,300.0,336.0,9.999999999999998e-21,1.0,0.6237005754573324,0.37629942453964077,3.0270661269703755e-12,0.0
0.0,119.0,300.0,338.0,9.999999999999998e-21,1.0,0.6287100836899564,0.3712899163069635,3.080304081142103e-12,0.0
0.0,120.0,300.0,340.0,9.999999999999998e-21,1.0,0.6337056898678095,0.3662943101290615,3.1292578111436062e-12,0.0
0.0,121.0,300.0,342.0,9.999999999999998e-21,1.0,0.6386885110636673,0.3613114889331585,3.1741788197308856e-12,0.0
0.0,122.0,300.0,344.0,9.999999999999998e-21,1.0,0.6436593988993795,0.3563406010974055,3.2153086777151856e-12,0.0
0.0,123.0,300.0,346.0,9.999999999999998e-21,1.0,0.6486189954297471,0.35138100456700017,3.252877106802383e-12,0.0
0.0,124.0,300.0,348.0,9.999999999999998e-21,1.0,0.653567776498427,0.34643222349828595,3.287100704787771e-12,0.0
0.0,125.0,300.0,350.0,9.999999999999998e-21,1.0,0.658506085500076,0.3414939144966059,3.3181821845070315e-12,0.0
0.0,126.0,300.0,352.0,9.999999999999998e-21,1.0,0.6634341597533837,0.33656584024327,3.3463100201612116e-12,0.0
0.0,127.0,300.0,354.0,9.999999999999998e-21,1.0,0.6683521511545163,0.33164784884211207,3.371658412995583e-12,0.0
0.0,128.0,300.0,356.0,9.999999999999998e-21,1.0,0.6732601423838017,0.32673985761280405,3.3943875036422105e-12,0.0
0.0,129.0,300.0,358.0,9.999999999999998e-21,1.0,0.6781581596416468,0.3218418403549387,3.4146437713033967e-12,0.0
0.0,130.0,300.0,360.0,9.999999999999998e-21,1.0,0.6830461826657859,0.31695381733078154,3.4325605707733437e-12,0.0
0.0,131.0,300.0,362.0,9.999999999999998e-21,1.0,0.6879241526119161,0.31207584738463584,3.4482587673910578e-12,0.0
0.0,132.0,300.0,364.0,9.999999999999998e-21,1.0,0.6927919782498482,0.30720802174668993,3.4618474376491554e-12,0.0
0.0,133.0,300.0,366.0,9.999999999999998e-21,1.0,0.6976495408275186,0.3023504591690081,3.473424609568171e-12,0.0
0.0,134.0,300.0,368.0,9.999999999999998e-21,1.0,0.7024966978781997,0.29750330211831744,3.4830780222695626e-12,0.0
0.0,135.0,300.0,370.0,9.999999999999998e-21,1.0,0.70733328618661,0.29266671380989934,3.4908858886014127e-12,0.0
0.0,136.0,300.0,372.0,9.999999999999998e-21,1.0,0.7121591240832343,0.28784087591326896,3.4969176483267807e-12,0.0
0.0,137.0,300.0,374.0,9.999999999999998e-21,1.0,0.7169740131999879,0.2830259867965111,3.5012347023935536e-12,0.0
0.0,138.0,300.0,376.0,9.999999999999998e-21,1.0,0.7217777410357473,0.2782222589607489,3.5038905377163677e-12,0.0
0.0,139.0,300.0,378.0,9.999999999999998e-21,1.0,0.7265700797027663,0.27342992029372887,3.5049323821211707e-12,0.0
0.0,140.0,300.0,380.0,9.999999999999998e-21,1.0,0.7313507871944962,0.26864921280199955,3.504401644193808e-12,0.0
0.0,141.0,300.0,382.0,9.999999999999998e-21,1.0,0.7361196082637314,0.2638803917327663,3.5023343233628433e-12,0.0
0.0,142.0,300.0,384.0,9.999999999999998e-21,1.0,0.7408762746724421,0.2591237253240592,3.498761579862623e-12,0.0
0.0,143.0,300.0,386.0,9.999999999999998e-21,1.0,0.7456205052801228,0.2543794947163836,3.4937102668792075e-12,0.0
0.0,144.0,300.0,388.0,9.999999999999998e-21,1.0,0.7503520059953215,0.24964799400119161,3.4872034253409954e-12,0.0
0.0,145.0,300.0,390.0,9.999999999999998e-21,1.0,0.7550704696095482,0.24492953038697265,3.4792607423012385e-12,0.0
0.0,146.0,300.0,392.0,9.999999999999998e-21,1.0,0.7597755755283886,0.24022442446814155,3.4698989742248928e-12,0.0
0.0,147.0,300.0,394.0,9.999999999999998e-21,1.0,0.7644669894111087,0.23553301058543222,3.4591323367591283e-12,0.0
0.0,148.0,300.0,396.0,9.999999999999998e-21,1.0,0.7691443627271835,0.2308556372693697,3.4469728627542965e-12,0.0
0.0,149.0,300.0,398.0,9.999999999999998e-21,1.0,0.7738073322358425,0.2261926677607241,3.4334307304251503e-12,0.0
0.0,150.0,300.0,400.0,9.999999999999998e-21,1.0,0.7784555193928036,0.22154448060377793,3.4185145636140652e-12,0.0
0.0,151.0,300.0,402.0,9.999999999999998e-21,1.0,0.783088529686763,0.21691147030983463,3.4022317061488393e-12,0.0
0.0,152.0,300.0,404.0,9.999999999999998e-21,1.0,0.7877059519068697,0.2122940480897457,3.384588472286616e-12,0.0
0.0,153.0,300.0,406.0,9.999999999999998e-21,1.0,0.7923073573412487,0.20769264265538567,3.365590375209578e-12,0.0
0.0,154.0,300.0,408.0,9.999999999999998e-21,1.0,0.7968922989056471,0.20310770109100804,3.345242335493244e-12,0.0
0.0,155.0,300.0,410.0,9.999999999999998e-21,1.0,0.801460310200373,0.19853968979630368,3.32354887140951e-12,0.0
0.0,156.0,300.0,412.0,9.999999999999998e-21,1.0,0.8060109044929095,0.1939890955037903,3.3005142728578887e-12,0.0
0.0,157.0,300.0,414.0,9.999999999999998e-21,1.0,0.810543573622817,0.189456426373907,3.2761427606430334e-12,0.0
0.0,158.0,300.0,416.0,9.999999999999998e-21,1.0,0.8150577868248522,0.18494221317189719,3.250438632737546e-12,0.0
0.0,159.0,300.0,418.0,9.999999999999998e-21,1.0,0.8195529894655338,0.18044701053124299,3.223406399087829e-12,0.0
0.0,160.0,300.0,420.0,9.999999999999998e-21,1.0,0.8240286016877155,0.17597139830908962,3.1950509064401155e-12,0.0
0.0,161.0,300.0,422.0,9.999999999999998e-21,1.0,0.8284840169570633,0.17151598303977125,3.1653774545838764e-12,0.0
0.0,162.0,300.0,424.0,9.999999999999998e-21,1.0,0.8329186005954905,0.167081399401375,3.134391812270042e-12,0.0
0.0,163.0,300.0,426.0,9.999999999999998e-21,1.0,0.8373316911006331,0.162668308896265,3.102097210709681e-12,0.0
0.0,164.0,300.0,428.0,9.999999999999998e-21,1.0,0.8417225920054962,0.15827740799143541,3.068501226362261e-12,0.0
0.0,165.0,300.0,430.0,9.999999999999998e-21,1.0,0.8460905732637801,0.15390942673318628,3.033612211434746e-12,0.0
0.0,166.0,300.0,432.0,9.999999999999998e-21,1.0,0.8504348691839476,0.14956513081305492,2.9974393999677e-12,0.0
0.0,167.0,300.0,434.0,9.999999999999998e-21,1.0,0.8547546762143307,0.14524532378270943,2.9599930099343874e-12,0.0
0.0,168.0,300.0,436.0,9.999999999999998e-21,1.0,0.8590491505676723,0.1409508494294065,2.9212843426315078e-12,0.0
0.0,169.0,300.0,438.0,9.999999999999998e-21,1.0,0.8633174056726486,0.13668259432447005,2.881325880558027e-12,0.0
0.0,170.0,300.0,440.0,9.999999999999998e-21,1.0,0.8675585094390312,0.1324414905581286,2.840131384907184e-12,0.0
0.0,171.0,300.0,442.0,9.999999999999998e-21,1.0,0.8717714813222521,0.12822851867495016,2.797715993735529e-12,0.0
0.0,172.0,300.0,444.0,9.999999999999998e-21,1.0,0.8759552891722272,0.12404471082501888,2.7540963218225857e-12,0.0
0.0,173.0,300.0,446.0,9.999999999999998e-21,1.0,0.8801088458504035,0.11989115414688731,2.709290563194057e-12,0.0
0.0,174.0,300.0,448.0,9.999999999999998e-21,1.0,0.8842310055981563,0.11576899439918054,2.66331859725031e-12,0.0
0.0,175.0,300.0,450.0,9.999999999999998e-21,1.0,0.8883205639033577,0.11167943609402618,2.6161972088015585e-12,0.0
0.0,176.0,300.0,452.0,9.999999999999998e-21,1.0,0.8923762466232765,0.10762375337415551,2.56794951606003e-12,0.0
0.0,177.0,300.0,454.0,9.999999999999998e-21,1.0,0.8963967078279301,0.10360329216955129,2.5186014665509525e-12,0.0
0.0,178.0,300.0,456.0,9.999999999999998e-21,1.0,0.9003805256094211,0.09961947438811064,2.4681810327926317e-12,0.0
0.0,179.0,300.0,458.0,9.999999999999998e-21,1.0,0.9043261969324897,0.09567380306509354,2.4167183808540276e-12,0.0
0.0,180.0,300.0,460.0,9.999999999999998e-21,1.0,0.9082321321269374,0.0917678678706983,2.3642460411618614e-12,0.0
0.0,181.0,300.0,462.0,9.999999999999998e-21,1.0,0.9120966490058819,0.08790335099180731,2.3107990836692826e-12,0.0
0.0,182.0,300.0,464.0,9.999999999999998e-21,1.0,0.9159179681892913,0.08408203180845258,2.2564130167436132e-12,0.0
0.0,183.0,300.0,466.0,9.999999999999998e-21,1.0,0.9196942071815736,0.08030579281622545,2.2011231934058515e-12,0.0
0.0,184.0,300.0,468.0,9.999999999999998e-21,1.0,0.9234233677274427,0.07657663227041242,2.1449738279069603e-12,0.0
0.0,185.0,300.0,470.0,9.999999999999998e-21,1.0,0.9271033315634523,0.07289666843445974,2.0880122418880386e-12,0.0
0.0,186.0,300.0,472.0,9.999999999999998e-21,1.0,0.9307318525786252,0.0692681474193445,2.0302891424359403e-12,0.0
0.0,187.0,300.0,474.0,9.999999999999998e-21,1.0,0.9343065489676033,0.06569345103042486,1.9718583781379572e-12,0.0
0.0,188.0,300.0,476.0,9.999999999999998e-21,1.0,0.9378248980475827,0.06217510195050452,1.9127721475592285e-12,0.0
0.0,189.0,300.0,478.0,9.999999999999998e-21,1.0,0.9412842216808525,0.058715778317294395,1.8530917622354447e-12,0.0
0.0,190.0,300.0,480.0,9.999999999999998e-21,1.0,0.9446816799879043,0.05531832001030275,1.7928825924817589e-12,0.0
0.0,191.0,300.0,482.0,9.999999999999998e-21,1.0,0.9480142626211847,0.051985737377083084,1.732214367643626e-12,0.0
0.0,192.0,300.0,484.0,9.999999999999998e-21,1.0,0.9512787815558362,0.048721218442492685,1.6711597651610479e-12,0.0
0.0,193.0,300.0,486.0,9.999999999999998e-21,1.0,0.9544718620184633,0.0455281379799271,1.6097967205341726e-12,0.0
0.0,194.0,300.0,488.0,9.999999999999998e-21,1.0,0.9575899353684805,0.04241006462997151,1.5482087717108585e-12,0.0
0.0,195.0,300.0,490.0,9.999999999999998e-21,1.0,0.9606292340711314,0.039370765927382194,1.4864848021802816e-12,0.0
0.0,196.0,300.0,492.0,9.999999999999998e-21,1.0,0.9635857884202603,0.036414211578315085,1.4247193316410361e-12,0.0
0.0,197.0,300.0,494.0,9.999999999999998e-21,1.0,0.9664554259568239,0.0335445740418135,1.3630120569096772e-12,0.0
0.0,198.0,300.0,496.0,9.999999999999998e-21,1.0,0.9692337748573516,0.030766225141346946,1.3014708732678236e-12,0.0
0.0,199.0,300.0,498.0,9.999999999999998e-21,1.0,0.9719162733910967,0.028083726607663253,1.2402081277860196e-12,0.0
0.0,200.0,300.0,500.0,9.999999999999998e-21,1.0,0.9744981860695446,0.02550181392927606,1.1793409949113162e-12,0.0
0.0,201.0,300.0,502.0,9.999999999999998e-21,1.0,0.9769746285262931,0.023025371472587847,1.1189951423635728e-12,0.0
0.0,202.0,300.0,504.0,9.999999999999998e-21,1.0,0.9793406046064855,0.020659395392455183,1.0593024425851604e-12,0.0
0.0,203.0,300.0,506.0,9.999999999999998e-21,1.0,0.9815910583314714,0.018408941667528288,1.0003973066096975e-12,0.0
0.0,204.0,300.0,508.0,9.999999999999998e-21,1.0,0.983720942959542,0.016279057039515512,9.424246838105847e-13,0.0
0.0,205.0,300.0,510.0,9.999999999999998e-21,1.0,0.9857253132414358,0.014274686757678465,8.855289783506859e-13,0.0
0.0,206.0,300.0,512.0,9.999999999999998e-21,1.0,0.9875994424944661,0.012400557504704198,8.29862849625223e-13,0.0
0.0,207.0,300.0,514.0,9.999999999999998e-21,1.0,0.9893389703582528,0.010661029640971877,7.755778859759709e-13,0.0
0.0,208.0,300.0,516.0,9.999999999999998e-21,1.0,0.9909400830059707,0.009059916993306655,7.228283994439513e-13,0.0
0.0,209.0,300.0,518.0,9.999999999999998e-21,1.0,0.9923997280287125,0.00760027197061597,6.717687196588725e-13,0.0
0.0,210.0,300.0,520.0,9.999999999999998e-21,1.0,0.9937158628047513,0.006284137194626263,6.225446615412331e-13,0.0
0.0,211.0,300.0,522.0,9.999999999999998e-21,1.0,0.9948877292763053,0.005112270723119694,5.752989820704763e-13,0.0
0.0,212.0,300.0,524.0,9.999999999999998e-21,1.0,0.9959161436715241,0.004083856327945743,5.301603258172926e-13,0.0
0.0,213.0,300.0,526.0,9.999999999999998e-21,1.0,0.9968037785000384,0.003196221499474332,4.872463932370358e-13,0.0
0.0,214.0,300.0,528.0,9.999999999999998e-21,1.0,0.997555405891558,0.002444594107995485,4.46656384271524e-13,0.0
0.0,215.0,300.0,530.0,9.999999999999998e-21,1.0,0.9981780601205804,0.0018219398790112632,4.084654565230068e-13,0.0
0.0,216.0,300.0,532.0,9.999999999999998e-21,1.0,0.9986810704899794,0.001318929509648093,3.7272734231316496e-13,0.0
0.0,217.0,300.0,534.0,9.999999999999998e-21,1.0,0.9990759164400647,0.0009240835595961916,3.394659782135978e-13,0.0
0.0,218.0,300.0,536.0,9.999999999999998e-21,1.0,0.9993758692877478,0.0006241307119436145,3.086739265921669e-13,0.0
0.0,219.0,300.0,538.0,9.999999999999998e-21,1.0,0.9995954136679925,0.00040458633172737687,2.8031217618724014e-13,0.0
0.0,220.0,300.0,540.0,9.999999999999998e-21,1.0,0.9997494848949336,0.000250515104811907,2.5431106892141896e-13,0.0
0.0,221.0,300.0,542.0,9.999999999999998e-21,1.0,0.9998526080487188,0.0001473919510507917,2.305747495922272e-13,0.0
0.0,222.0,300.0,544.0,9.999999999999998e-21,1.0,0.999918064970833,8.193502895795571e-05,2.0898479998147793e-13,0.0
0.0,223.0,300.0,546.0,9.999999999999998e-21,1.0,0.9999572278640024,4.2772135808203736e-05,1.894065573898708e-13,0.0
0.0,224.0,300.0,548.0,9.999999999999998e-21,1.0,0.9999791706467496,2.0829353079035932e-05,1.7169495864052494e-13,0.0
0.0,225.0,300.0,550.0,9.999999999999998e-21,1.0,0.9999906046319207,9.395367923575282e-06,1.556987301470978e-13,0.0
0.0,226.0,300.0,552.0,9.999999999999998e-21,1.0,0.9999961048489552,3.8951509037750545e-06,1.4126413543511817e-13,0.0
0.0,227.0,300.0,554.0,9.999999999999998e-21,1.0,0.9999985280938029,1.4719060690484509e-06,1.2824201887561803e-13,0.0
0.0,228.0,300.0,556.0,9.999999999999998e-21,1.0,0.9999994976009926,5.023988908824359e-07,1.1649391579837517e-13,0.0
0.0,229.0,300.0,558.0,9.999999999999998e-21,1.0,0.9999998466223846,1.5337750948767118e-07,1.0589303038104972e-13,0.0
0.0,230.0,300.0,560.0,9.999999999999998e-21,1.0,0.9999999585633769,4.1436526843977623e-08,9.632169434209488e-14,0.0
0.0,231.0,300.0,562.0,9.999999999999998e-21,1.0,0.9999999902077972,9.792114959572525e-09,8.765618548460345e-14,0.0
0.0,232.0,300.0,564.0,9.999999999999998e-21,1.0,0.9999999980011388,1.998781565391254e-09,7.985785824364884e-14,0.0
0.0,233.0,300.0,566.0,9.999999999999998e-21,1.0,0.9999999996521904,3.477369911345444e-10,7.278595988291443e-14,0.0
0.0,234.0,300.0,568.0,9.999999999999998e-21,1.0,0.9999999999491345,5.079927749255052e-11,6.638434076419159e-14,0.0
0.0,235.0,300.0,570.0,9.999999999999998e-21,1.0,0.9999999999938167,6.122581448367631e-12,6.058471793168852e-14,0.0
0.0,236.0,300.0,572.0,9.999999999999998e-21,1.0,0.9999999999993852,5.596731075884785e-13,5.532892979536647e-14,0.0
0.0,237.0,300.0,574.0,9.999999999999998e-21,1.0,0.9999999999999094,4.004882530868271e-14,5.056002483312455e-14,0.0
0.0,238.0,300.0,576.0,9.999999999999998e-21,1.0,0.9999999999999513,2.4976151706138823e-15,4.6228282310296716e-14,0.0
0.0,239.0,300.0,578.0,9.999999999999998e-21,1.0,0.9999999999999578,0.0,4.2302849015360035e-14,0.0
0.0,240.0,300.0,580.0,9.999999999999998e-21,1.0,0.9999999999999614,1.3274797333427214e-18,3.872988250496471e-14,0.0
0.0,241.0,300.0,582.0,9.999999999999998e-21,1.0,0.9999999999999647,1.4455774562550241e-18,3.547998470910383e-14,0.0
0.0,242.0,300.0,584.0,9.999999999999998e-21,1.0,0.9999999999999675,1.404090074070011e-18,3.252245296869694e-14,0.0
0.0,243.0,300.0,586.0,9.999999999999998e-21,1.0,0.9999999999999701,1.3453455064381689e-18,2.982932011532322e-14,0.0
0.0,244.0,300.0,588.0,9.999999999999998e-21,1.0,0.9999999999999727,1.2872739509842263e-18,2.7375443339964854e-14,0.0
0.0,245.0,300.0,590.0,9.999999999999998e-21,1.0,0.9999999999999748,1.231857033614826e-18,2.513820403694216e-14,0.0
0.0,246.0,300.0,592.0,9.999999999999998e-21,1.0,0.9999999999999768,1.1789418935391427e-18,2.3097187592794613e-14,0.0
0.0,247.0,300.0,594.0,9.999999999999998e-21,1.0,0.9999999999999788,1.128621185618643e-18,2.123413269129655e-14,0.0
0.0,248.0,300.0,596.0,9.999999999999998e-21,1.0,0.9999999999999806,1.080339077616749e-18,1.9532360580193874e-14,0.0
0.0,249.0,300.0,598.0,9.999999999999998e-21,1.0,0.999999999999982,1.0349599836034351e-18,1.797730659022907e-14,0.0
0.0,250.0,300.0,600.0,9.999999999999998e-21,1.0,0.9999999999999833,9.9185835169197e-19,1.6555315257000317e-14,0.0
0.0,251.0,300.0,602.0,9.999999999999998e-21,1.0,0.9999999999999848,9.508724771640802e-19,1.525424514999981e-14,0.0
0.0,252.0,300.0,604.0,9.999999999999998e-21,1.0,0.9999999999999858,9.11878275136122e-19,1.4063129390881907e-14,0.0
0.0,253.0,300.0,606.0,9.999999999999998e-21,1.0,0.999999999999987,8.747617493086175e-19,1.2972055605386951e-14,0.0
0.0,254.0,300.0,608.0,9.999999999999998e-21,1.0,0.9999999999999882,8.394168281702231e-19,1.1972058853066459e-14,0.0
0.0,255.0,300.0,610.0,9.999999999999998e-21,1.0,0.999999999999989,8.057446375719628e-19,1.1055026048260232e-14,0.0
0.0,256.0,300.0,612.0,9.999999999999998e-21,1.0,0.9999999999999899,7.73652911315831e-19,1.021361050325639e-14,0.0
0.0,257.0,300.0,614.0,9.999999999999998e-21,1.0,0.9999999999999907,7.430554502044397e-19,9.441155533809402e-15,0.0
0.0,258.0,300.0,616.0,9.999999999999998e-21,1.0,0.9999999999999916,7.138716385862793e-19,8.731626039067073e-15,0.0
0.0,259.0,300.0,618.0,9.999999999999998e-21,1.0,0.999999999999992,6.860260068130536e-19,8.079547248097551e-15,0.0
0.0,260.0,300.0,620.0,9.999999999999998e-21,1.0,0.9999999999999928,6.594478300629724e-19,7.479949805239245e-15,0.0
0.0,261.0,300.0,622.0,9.999999999999998e-21,1.0,0.9999999999999931,6.340707667388898e-19,6.9283205155735504e-15,0.0
0.0,262.0,300.0,624.0,9.999999999999998e-21,1.0,0.9999999999999936,6.098325297928665e-19,6.420558133848913e-15,0.0
0.0,263.0,300.0,626.0,9.999999999999998e-21,1.0,0.9999999999999941,5.86674586455069e-19,5.952933666592139e-15,0.0
0.0,264.0,300.0,628.0,9.999999999999998e-21,1.0,0.9999999999999944,5.645418869051934e-19,5.522054698054759e-15,0.0
0.0,265.0,300.0,630.0,9.999999999999998e-21,1.0,0.9999999999999951,5.433826126490285e-19,5.124833298263582e-15,0.0
0.0,266.0,300.0,632.0,9.999999999999998e-21,1.0,0.9999999999999953,5.231479546183747e-19,4.7584571627861685e-15,0.0
0.0,267.0,300.0,634.0,9.999999999999998e-21,1.0,0.9999999999999956,5.037976815766712e-19,4.4203642092358075e-15,0.0
0.0,268.0,300.0,636.0,9.999999999999998e-21,1.0,0.9999999999999959,4.852719902069107e-19,4.108216316022618e-15,0.0
0.0,269.0,300.0,638.0,9.999999999999998e-21,1.0,0.9999999999999964,4.67583296430967e-19,3.81988670479402e-15,0.0
0.0,270.0,300.0,640.0,9.999999999999998e-21,1.0,0.9999999999999966,4.506381826788497e-19,3.553425308857964e-15,0.0
0.0,271.0,300.0,642.0,9.999999999999998e-21,1.0,0.999999999999997,4.344026662821388e-19,3.3070563029574956e-15,0.0
0.0,272.0,300.0,644.0,9.999999999999998e-21,1.0,0.9999999999999971,4.1884438623465e-19,3.079157115587681e-15,0.0
0.0,273.0,300.0,646.0,9.999999999999998e-21,1.0,0.9999999999999971,4.03915366069198e-19,2.868243542669069e-15,0.0
0.0,274.0,300.0,648.0,9.999999999999998e-21,1.0,0.9999999999999973,3.8960865597675156e-19,2.6729603276215827e-15,0.0
0.0,275.0,300.0,650.0,9.999999999999998e-21,1.0,0.9999999999999978,3.7589494435873036e-19,2.4920659430977193e-15,0.0
0.0,276.0,300.0,652.0,9.999999999999998e-21,1.0,0.9999999999999978,3.6274594475909927e-19,2.3244237798281807e-15,0.0
0.0,277.0,300.0,654.0,9.999999999999998e-21,1.0,0.9999999999999979,3.50135781278404e-19,2.168992848374201e-15,0.0
0.0,278.0,300.0,656.0,9.999999999999998e-21,1.0,0.9999999999999982,3.3803932376990814e-19,2.024819160301303e-15,0.0
0.0,279.0,300.0,658.0,9.999999999999998e-21,1.0,0.9999999999999981,3.264327585067227e-19,1.8910280765783918e-15,0.0
0.0,280.0,300.0,660.0,9.999999999999998e-21,1.0,0.9999999999999982,3.1529351071573407e-19,1.7668173227784277e-15,0.0
0.0,281.0,300.0,662.0,9.999999999999998e-21,1.0,0.9999999999999983,3.046001755776567e-19,1.6514506511427829e-15,0.0
0.0,282.0,300.0,664.0,9.999999999999998e-21,1.0,0.9999999999999983,2.9433244665097414e-19,1.5442520856581828e-15,0.0
0.0,283.0,300.0,666.0,9.999999999999998e-21,1.0,0.9999999999999984,2.844710546511323e-19,1.4446006981463176e-15,0.0
0.0,284.0,300.0,668.0,9.999999999999998e-21,1.0,0.9999999999999986,2.7499770883698155e-19,1.3519258599390978e-15,0.0
0.0,285.0,300.0,670.0,9.999999999999998e-21,1.0,0.9999999999999988,2.6589503892938015e-19,1.2657029254903797e-15,0.0
0.0,286.0,300.0,672.0,9.999999999999998e-21,1.0,0.9999999999999989,2.571465462161314e-19,1.1854493089207745e-15,0.0
0.0,287.0,300.0,674.0,9.999999999999998e-21,1.0,0.9999999999999991,2.4873655255929424e-19,1.1107209074623379e-15,0.0
0.0,288.0,300.0,676.0,9.999999999999998e-21,1.0,0.9999999999999992,2.4065015665725813e-19,1.0411088538779579e-15,0.0
0.0,289.0,300.0,678.0,9.999999999999998e-21,1.0,0.9999999999999992,2.3287319002604155e-19,9.762365475091146e-16,0.0
0.0,290.0,300.0,680.0,9.999999999999998e-21,1.0,0.9999999999999991,2.2539347731042973e-19,9.157569449437498e-16,0.0
0.0,291.0,300.0,682.0,9.999999999999998e-21,1.0,0.9999999999999993,2.1819541535549667e-19,8.593501661275725e-16,0.0
0.0,292.0,300.0,684.0,9.999999999999998e-21,1.0,0.9999999999999993,2.1126831245433634e-19,8.067211340109978e-16,0.0
0.0,293.0,300.0,686.0,9.999999999999998e-21,1.0,0.9999999999999993,2.0460055426144506e-19,7.575976076453744e-16,0.0
0.0,294.0,300.0,688.0,9.999999999999998e-21,1.0,0.9999999999999996,1.9818108921663034e-19,7.117282894215247e-16,0.0
0.0,295.0,300.0,690.0,9.999999999999998e-21,1.0,0.9999999999999993,1.9199937862828863e-19,6.688811155273371e-16,0.0
0.0,296.0,300.0,692.0,9.999999999999998e-21,1.0,0.9999999999999994,1.8604538361183555e-19,6.288416945145379e-16,0.0
0.0,297.0,300.0,694.0,9.999999999999998e-21,1.0,0.9999999999999997,1.8030954390638396e-19,5.914118789410444e-16,0.0
0.0,298.0,300.0,696.0,9.999999999999998e-21,1.0,0.9999999999999994,1.7478274750977585e-19,5.56408459464679e-16,0.0
0.0,299.0,300.0,698.0,9.999999999999998e-21,1.0,0.9999999999999996,1.6945630709967416e-19,5.236619691715412e-16,0.0
0.0,300.0,300.0,700.0,9.999999999999998e-21,1.0,0.9999999999999996,1.6432193836483484e-19,4.930155895541683e-16,0.0
0.0,301.0,300.0,702.0,9.999999999999998e-21,1.0,0.9999999999999994,1.5937173949955768e-19,4.643241481336697e-16,0.0
0.0,302.0,300.0,704.0,9.999999999999998e-21,1.0,0.9999999999999997,1.5459817158020908e-19,4.3745319988572073e-16,0.0
0.0,303.0,300.0,706.0,9.999999999999998e-21,1.0,0.9999999999999997,1.4999404030429372e-19,4.1227818555588005e-16,0.0
0.0,304.0,300.0,708.0,9.999999999999998e-21,1.0,0.9999999999999997,1.4555247854866723e-19,3.886836594174477e-16,0.0
0.0,305.0,300.0,710.0,9.999999999999998e-21,1.0,0.9999999999999996,1.4126692996751986e-19,3.6656258095664434e-16,0.0
0.0,306.0,300.0,712.0,9.999999999999998e-21,1.0,0.9999999999999998,1.371311338655131e-19,3.458156646453457e-16,0.0
0.0,307.0,300.0,714.0,9.999999999999998e-21,1.0,0.9999999999999998,1.3313910976361558e-19,3.263507828660797e-16,0.0
0.0,308.0,300.0,716.0,9.999999999999998e-21,1.0,0.9999999999999998,1.2928514471422302e-19,3.0808241751378823e-16,0.0
0.0,309.0,300.0,718.0,9.999999999999998e-21,1.0,0.9999999999999997,1.2556377881796464e-19,2.9093115588294974e-16,0.0
0.0,310.0,300.0,720.0,9.999999999999998e-21,1.0,0.9999999999999997,1.2196979391608106e-19,2.748232273020219e-16,0.0
0.0,311.0,300.0,722.0,9.999999999999998e-21,1.0,0.9999999999999999,1.184982012620985e-19,2.596900769402479e-16,0.0
0.0,312.0,300.0,724.0,9.999999999999998e-21,1.0,0.9999999999999999,1.1514423061269874e-19,2.45467973625052e-16,0.0
0.0,313.0,300.0,726.0,9.999999999999998e-21,1.0,0.9999999999999999,1.11903319666607e-19,2.3209764883457e-16,0.0
0.0,314.0,300.0,728.0,9.999999999999998e-21,1.0,0.9999999999999999,1.0877110403591373e-19,2.1952396434002868e-16,0.0
0.0,315.0,300.0,730.0,9.999999999999998e-21,1.0,1.0,1.0574340779479396e-19,2.0769560596170694e-16,0.0
0.0,316.0,300.0,732.0,9.999999999999998e-21,1.0,0.9999999999999998,1.0281623455725134e-19,1.9656480138764314e-16,0.0
0.0,317.0,300.0,734.0,9.999999999999998e-21,1.0,1.0,9.998575897075531e-20,1.8608705998480745e-16,0.0
0.0,318.0,300.0,736.0,9.999999999999998e-21,1.0,0.9999999999999998,9.724831864800307e-20,1.7622093291022827e-16,0.0
0.0,319.0,300.0,738.0,9.999999999999998e-21,1.0,1.0,9.460040641357884e-20,1.6692779169127248e-16,0.0
0.0,320.0,300.0,740.0,9.999999999999998e-21,1.0,0.9999999999999998,9.203866325447038e-20,1.5817162395080296e-16,0.0
0.0,321.0,300.0,742.0,9.999999999999998e-21,1.0,1.0,8.955987124606207e-20,1.4991884472425346e-16,0.0
0.0,322.0,300.0,744.0,9.999999999999998e-21,1.0,1.0,8.716094709166383e-20,1.4213812223729832e-16,0.0
0.0,323.0,300.0,746.0,9.999999999999998e-21,1.0,1.0,8.483893595112482e-20,1.3480021688863795e-16,0.0
0.0,324.0,300.0,748.0,9.999999999999998e-21,1.0,1.0,8.259100547786326e-20,1.2787783243864771e-16,0.0
0.0,325.0,300.0,750.0,9.999999999999998e-21,1.0,0.9999999999999999,8.041444024564757e-20,1.2134547849244248e-16,0.0
0.0,326.0,300.0,752.0,9.999999999999998e-21,1.0,0.9999999999999999,7.830662832396117e-20,1.1517934280755128e-16,0.0
0.0,327.0,300.0,754.0,9.999999999999998e-21,1.0,1.0000000000000002,7.626508991145379e-20,1.0935717429891284e-16,0.0
0.0,328.0,300.0,756.0,9.999999999999998e-21,1.0,1.0000000000000002,7.428741983577631e-20,1.0385817323476771e-16,0.0
0.0,329.0,300.0,758.0,9.999999999999998e-21,1.0,1.0000000000000002,7.237131971157785e-20,9.866289067605086e-17,0.0
0.0,330.0,300.0,760.0,9.999999999999998e-21,1.0,1.0000000000000002,7.05145839707689e-20,9.375313488334974e-17,0.0
0.0,331.0,300.0,762.0,9.999999999999998e-21,1.0,1.0000000000000002,6.871509571698628e-20,8.91118846655782e-17,0.0
0.0,332.0,300.0,764.0,9.999999999999998e-21,1.0,1.0000000000000002,6.697082279072818e-20,8.47232090592132e-17,0.0
0.0,333.0,300.0,766.0,9.999999999999998e-21,1.0,1.0000000000000002,6.527981403208557e-20,8.057219285024307e-17,0.0
0.0,334.0,300.0,768.0,9.999999999999998e-21,1.0,1.0000000000000002,6.364019569558179e-20,7.66448674910862e-17,0.0
0.0,335.0,300.0,770.0,9.999999999999998e-21,1.0,1.000000000001552,6.205016800439271e-20,0.0,0.0
0.0,336.0,300.0,772.0,9.999999999999998e-21,1.0,1.0000000000000002,6.050800227797268e-20,6.940976845946879e-17,0.0
0.0,337.0,300.0,774.0,9.999999999999998e-21,1.0,1.0000000000015647,5.901203713778057e-20,0.0,0.0
0.0,338.0,300.0,776.0,9.999999999999998e-21,1.0,1.0000000000000002,5.756067635631652e-20,6.292277338115799e-17,0.0
0.0,339.0,300.0,778.0,9.999999999999998e-21,1.0,1.0000000000015774,5.615238549353964e-20,0.0,0.0
0.0,340.0,300.0,780.0,9.999999999999998e-21,1.0,1.0000000000000002,5.478568957484604e-20,5.710023699739956e-17,0.0
0.0,341.0,300.0,782.0,9.999999999999998e-21,1.0,1.0000000000015892,5.345917040834001e-20,0.0,0.0
0.0,342.0,300.0,784.0,9.999999999999998e-21,1.0,1.0000000000000002,5.2171464137078574e-20,5.186853149592186e-17,0.0
0.0,343.0,300.0,786.0,9.999999999999998e-21,1.0,1.000000000001601,5.092125908653556e-20,0.0,0.0
0.0,344.0,300.0,788.0,9.999999999999998e-21,1.0,1.0000000000000002,4.9707293419721125e-20,4.7162770908640336e-17,0.0
0.0,345.0,300.0,790.0,9.999999999999998e-21,1.0,1.0000000000016123,4.852835299738021e-20,0.0,0.0
0.0,346.0,300.0,792.0,9.999999999999998e-21,1.0,1.0000000000000002,4.7383269708394e-20,4.2925707205351113e-17,0.0
0.0,347.0,300.0,794.0,9.999999999999998e-21,1.0,1.0000000000016234,4.627091897261711e-20,0.0,0.0
0.0,348.0,300.0,796.0,9.999999999999998e-21,1.0,1.0,4.519021867464018e-20,3.9106773770545245e-17,0.0
0.0,349.0,300.0,798.0,9.999999999999998e-21,1.0,1.000000000001095,4.414012656038382e-20,0.0,0.0
0.0,350.0,300.0,800.0,9.999999999999998e-21,1.0,1.0,4.311963950712134e-20,3.5661255564069473e-17,0.0
0.0,351.0,300.0,802.0,9.999999999999998e-21,1.0,1.0000000000010794,4.212779096696192e-20,0.0,0.0
0.0,352.0,300.0,804.0,9.999999999999998e-21,1.0,1.0,4.116365042047413e-20,3.2549568305026265e-17,0.0
0.0,353.0,300.0,806.0,9.999999999999998e-21,1.0,1.000000000001064,4.0226320993989226e-20,0.0,0.0
0.0,354.0,300.0,808.0,9.999999999999998e-21,1.0,1.0,3.9314938960300366e-20,2.97366316042372e-17,0.0
0.0,355.0,300.0,810.0,9.999999999999998e-21,1.0,1.000000000001049,3.842867158960377e-20,0.0,0.0
0.0,356.0,300.0,812.0,9.999999999999998e-21,1.0,1.0,3.756671665210503e-20,2.7191323153033457e-17,0.0
0.0,357.0,300.0,814.0,9.999999999999998e-21,1.0,1.0000000000010338,3.6728300505136055e-20,0.0,0.0
0.0,358.0,300.0,816.0,9.999999999999998e-21,1.0,1.0,3.591267758219389e-20,2.4886002930977865e-17,0.0
0.0,359.0,300.0,818.0,9.999999999999998e-21,1.0,1.0000000000010194,3.5119128702511215e-20,0.0,0.0
0.0,360.0,300.0,820.0,9.999999999999998e-21,1.0,1.0,3.434696054461926e-20,2.2796097973318674e-17,0.0
0.0,361.0,300.0,822.0,9.999999999999998e-21,1.0,1.000000000001005,3.3595504157450337e-20,0.0,0.0
0.0,362.0,300.0,824.0,9.999999999999998e-21,1.0,1.0,3.2864114422728133e-20,2.0899739575318422e-17,0.0
0.0,363.0,300.0,826.0,9.999999999999998e-21,1.0,1.000000000000991,3.215216874432981e-20,0.0,0.0
0.0,364.0,300.0,828.0,9.999999999999998e-21,1.0,1.0,3.1459066506713536e-20,1.9177445958608795e-17,0.0
0.0,365.0,300.0,830.0,9.999999999999998e-21,1.0,1.000000000000977,3.078422791966328e-20,0.0,0.0
0.0,366.0,300.0,832.0,9.999999999999998e-21,1.0,1.0,3.012709347955698e-20,1.7611844393496072e-17,0.0
0.0,367.0,300.0,834.0,9.999999999999998e-21,1.0,1.0000000000009637,2.9487122948995814e-20,0.0,0.0
0.0,368.0,300.0,836.0,9.999999999999998e-21,1.0,1.0,2.886379482470501e-20,1.6187427607199324e-17,0.0
0.0,369.0,300.0,838.0,9.999999999999998e-21,1.0,1.0000000000009504,2.825660544691796e-20,0.0,0.0
0.0,370.0,300.0,840.0,9.999999999999998e-21,1.0,1.0,2.7665068452022e-20,1.4890340016393794e-17,0.0
0.0,371.0,300.0,842.0,9.999999999999998e-21,1.0,1.0000000000009375,2.708871402223284e-20,0.0,0.0
0.0,372.0,300.0,844.0,9.999999999999998e-21,1.0,1.0,2.652708831694597e-20,1.370818993455692e-17,0.0
0.0,373.0,300.0,846.0,9.999999999999998e-21,1.0,1.0000000000009248,2.5979752840341497e-20,0.0,0.0
0.0,374.0,300.0,848.0,9.999999999999998e-21,1.0,1.0,2.5446283876404607e-20,1.2629884424006732e-17,0.0
0.0,375.0,300.0,850.0,9.999999999999998e-21,1.0,1.0000000000009126,2.4926271932875607e-20,0.0,0.0
0.0,376.0,300.0,852.0,9.999999999999998e-21,1.0,1.0,2.4419321212285827e-20,1.164548391251712e-17,0.0
0.0,377.0,300.0,854.0,9.999999999999998e-21,1.0,1.0000000000009004,2.3925049100758505e-20,0.0,0.0
0.0,378.0,300.0,856.0,9.999999999999998e-21,1.0,1.0,2.344308568328405e-20,1.0746074078126151e-17,0.0
0.0,379.0,300.0,858.0,9.999999999999998e-21,1.0,1.0000000000008886,2.2973073271382505e-20,0.0,0.0
0.0,380.0,300.0,860.0,9.999999999999998e-21,1.0,1.0,2.25146659585313e-20,9.92365283764055e-18,0.0
0.0,381.0,300.0,862.0,9.999999999999998e-21,1.0,1.000000000000877,2.206752918364502e-20,0.0,0.0
0.0,382.0,300.0,864.0,9.999999999999998e-21,1.0,1.0,2.163133932291432e-20,9.17103055904812e-18,0.0
0.0,383.0,300.0,866.0,9.999999999999998e-21,1.0,1.0000000000008655,2.120578328633855e-20,0.0,0.0
0.0,384.0,300.0,868.0,9.999999999999998e-21,1.0,1.0,2.0790558142566395e-20,8.481741864116945e-18,0.0
0.0,385.0,300.0,870.0,9.999999999999998e-21,1.0,1.0000000000008544,2.0385370745974726e-20,0.0,0.0
0.0,386.0,300.0,872.0,9.999999999999998e-21,1.0,1.0,1.9989937391010586e-20,7.849967599521455e-18,0.0
0.0,387.0,300.0,874.0,9.999999999999998e-21,1.0,1.0000000000008433,1.9603983469667416e-20,0.0,0.0
0.0,388.0,300.0,876.0,9.999999999999998e-21,1.0,1.0,1.922724314867039e-20,7.270465738177766e-18,0.0
0.0,389.0,300.0,878.0,9.999999999999998e-21,1.0,1.000000000000833,1.8859459057310037e-20,0.0,0.0
0.0,390.0,300.0,880.0,9.999999999999998e-21,1.0,1.0,1.8500381987337708e-20,6.738510131034211e-18,0.0
0.0,391.0,300.0,882.0,9.999999999999998e-21,1.0,1.0000000000008225,1.814977060505476e-20,0.0,0.0
0.0,392.0,300.0,884.0,9.999999999999998e-21,1.0,1.0,1.7807391174047676e-20,6.2498361668924614e-18,0.0
0.0,393.0,300.0,886.0,9.999999999999998e-21,1.0,1.0000000000008122,1.7473017289124892e-20,0.0,0.0
0.0,394.0,300.0,888.0,9.999999999999998e-21,1.0,1.0,1.7146429620011585e-20,5.800592516779151e-18,0.0
0.0,395.0,300.0,890.0,9.999999999999998e-21,1.0,1.0000000000008022,1.682741566533902e-20,0.0,0.0
0.0,396.0,300.0,892.0,9.999999999999998e-21,1.0,1.0,1.6515769515582583e-20,5.3872982426960366e-18,0.0
0.0,397.0,300.0,894.0,9.999999999999998e-21,1.0,1.0000000000007923,1.621129162546947e-20,0.0,0.0
0.0,398.0,300.0,896.0,9.999999999999998e-21,1.0,1.0,1.5913788594595526e-20,5.0068046402529635e-18,0.0
0.0,399.0,300.0,898.0,9.999999999999998e-21,1.0,1.0000000000007825,1.5623072956757254e-20,0.0,0.0
0.0,400.0,300.0,900.0,9.999999999999998e-21,1.0,1.0,1.533896297682013e-20,4.656261262673767e-18,0.0
0.0,401.0,300.0,902.0,9.999999999999998e-21,1.0,1.0000000000007734,1.5061282455613087e-20,0.0,0.0
0.0,402.0,300.0,904.0,9.999999999999998e-21,1.0,1.0,1.478986054174236e-20,4.333085641539676e-18,0.0
0.0,403.0,300.0,906.0,9.999999999999998e-21,1.0,1.0000000000007638,1.4524531550805092e-20,0.0,0.0
0.0,404.0,300.0,908.0,9.999999999999998e-21,1.0,1.0,1.4265134790957105e-20,4.034936278766726e-18,0.0
0.0,405.0,300.0,910.0,9.999999999999998e-21,1.0,1.000000000000755,1.4011514395305964e-20,0.0,0.0
0.0,406.0,300.0,912.0,9.999999999999998e-21,1.0,1.0,1.3763519160144733e-20,3.759688535880697e-18,0.0
0.0,407.0,300.0,914.0,9.999999999999998e-21,1.0,1.000000000000746,1.3521002389483243e-20,0.0,0.0
0.0,408.0,300.0,916.0,9.999999999999998e-21,1.0,1.0,1.3283821744950782e-20,3.5054130916664334e-18,0.0
0.0,409.0,300.0,918.0,9.999999999999998e-21,1.0,1.0000000000007376,1.3051839101513113e-20,0.0,0.0
0.0,410.0,300.0,920.0,9.999999999999998e-21,1.0,1.0,1.2824920408131395e-20,3.2703566785979872e-18,0.0
0.0,411.0,300.0,922.0,9.999999999999998e-21,1.0,1.0000000000007292,1.2602935553793138e-20,0.0,0.0
0.0,412.0,300.0,924.0,9.999999999999998e-21,1.0,1.0,1.238575823809141e-20,3.0529248428531217e-18,0.0
0.0,413.0,300.0,926.0,9.999999999999998e-21,1.0,1.0000000000007208,1.217326584677051e-20,0.0,0.0
0.0,414.0,300.0,928.0,9.999999999999998e-21,1.0,1.0,1.1965339331459437e-20,2.85166650282595e-18,0.0
0.0,415.0,300.0,930.0,9.999999999999998e-21,1.0,1.0000000000007128,1.176186309399981e-20,0.0,0.0
0.0,416.0,300.0,932.0,9.999999999999998e-21,1.0,1.0,1.1562724874631126e-20,2.6652601074338017e-18,0.0
0.0,417.0,300.0,934.0,9.999999999999998e-21,1.0,1.0000000000007048,1.1367815644428973e-20,0.0,0.0
0.0,418.0,300.0,936.0,9.999999999999998e-21,1.0,1.0,1.1177029501297897e-20,2.4925012186519212e-18,0.0
0.0,419.0,300.0,938.0,9.999999999999998e-21,1.0,1.000000000000697,1.0990263569902728e-20,0.0,0.0
0.0,420.0,300.0,940.0,9.999999999999998e-21,1.0,1.0,1.080741790487789e-20,2.332291363018784e-18,0.0
0.0,421.0,300.0,942.0,9.999999999999998e-21,1.0,1.0000000000006892,1.0628395397685708e-20,0.0,0.0
0.0,422.0,300.0,944.0,9.999999999999998e-21,1.0,1.0,1.0453101686498108e-20,2.1836280146982496e-18,0.0
0.0,423.0,300.0,946.0,9.999999999999998e-21,1.0,1.000000000000682,1.028144506946234e-20,0.0,0.0
0.0,424.0,300.0,948.0,9.999999999999998e-21,1.0,1.0,1.0113336420755592e-20,2.0455955883745133e-18,0.0
0.0,425.0,300.0,950.0,9.999999999999998e-21,1.0,1.0000000000006743,9.948689109779533e-21,0.0,0.0
0.0,426.0,300.0,952.0,9.999999999999998e-21,1.0,1.0,9.78741892292936e-21,1.9173573340651896e-18,0.0
0.0,427.0,300.0,954.0,9.999999999999998e-21,1.0,1.000000000000668,9.62944398827677e-21,0.0,0.0
0.0,428.0,300.0,956.0,9.999999999999998e-21,1.0,1.0,9.474684702631074e-21,1.7981480381013336e-18,0.0
0.0,429.0,300.0,958.0,9.999999999999998e-21,1.0,1.0000000000006612,9.32306366130656e-21,0.0,0.0
0.0,430.0,300.0,960.0,9.999999999999998e-21,1.0,1.0,9.17450559008622e-21,1.6872674452469002e-18,0.0
0.0,431.0,300.0,962.0,9.999999999999998e-21,1.0,1.0000000000006544,9.028937279700828e-21,0.0,0.0
0.0,432.0,300.0,964.0,9.999999999999998e-21,1.0,1.0,8.886287522337872e-21,1.5840743263921075e-18,0.0
0.0,433.0,300.0,966.0,9.999999999999998e-21,1.0,1.0000000000006475,8.74648705048883e-21,0.0,0.0
0.0,434.0,300.0,968.0,9.999999999999998e-21,1.0,1.0,8.609468477673242e-21,1.487981124611136e-18,0.0
0.0,435.0,300.0,970.0,9.999999999999998e-21,1.0,1.0000000000006408,8.475166241338043e-21,0.0,0.0
0.0,436.0,300.0,972.0,9.999999999999998e-21,1.0,1.0,8.343516547492739e-21,1.398449119759039e-18,0.0
0.0,437.0,300.0,974.0,9.999999999999998e-21,1.0,1.0000000000006344,8.214457317369147e-21,0.0,0.0
0.0,438.0,300.0,976.0,9.999999999999998e-21,1.0,1.0,8.087928135687083e-21,1.3149840583152725e-18,0.0
0.0,439.0,300.0,978.0,9.999999999999998e-21,1.0,1.000000000000628,7.963870200805626e-21,0.0,0.0
0.0,440.0,300.0,980.0,9.999999999999998e-21,1.0,1.0,7.842226276360406e-21,1.2371322009634174e-18,0.0
0.0,441.0,300.0,982.0,9.999999999999998e-21,1.0,1.0000000000006215,7.722940644657985e-21,0.0,0.0
0.0,442.0,300.0,984.0,9.999999999999998e-21,1.0,1.0,7.605959061446182e-21,1.164476745519646e-18,0.0
0.0,443.0,300.0,986.0,9.999999999999998e-21,1.0,1.0000000000006155,7.491228712321947e-21,0.0,0.0
0.0,444.0,300.0,988.0,9.999999999999998e-21,1.0,1.0,7.378698170413972e-21,1.096634587364727e-18,0.0
0.0,445.0,300.0,990.0,9.999999999999998e-21,1.0,1.0000000000006095,7.268317355592643e-21,0.0,0.0
0.0,446.0,300.0,992.0,9.999999999999998e-21,1.0,1.0,7.160037494860662e-21,1.0332533835645434e-18,0.0
0.0,447.0,300.0,994.0,9.999999999999998e-21,1.0,1.0000000000006037,7.053811084169329e-21,0.0,0.0
0.0,448.0,300.0,996.0,9.999999999999998e-21,1.0,1.0,6.949591851328753e-21,9.74008890443206e-19,0.0
0.0,449.0,300.0,998.0,9.999999999999998e-21,1.0,1.000000000000598,6.847334720249324e-21,0.0,0.0
0.0,450.0,300.0,1000.0,9.999999999999998e-21,1.0,1.0,6.7469957761971684e-21,9.186025475533433e-19,0.0
0.0,451.0,300.0,1002.0,9.999999999999998e-21,1.0,1.0000000000005922,6.648532232293287e-21,0.0,0.0
0.0,452.0,300.0,1004.0,9.999999999999998e-21,1.0,1.0,6.551902396952929e-21,8.667592838167751e-19,0.0
0.0,453.0,300.0,1006.0,9.999999999999998e-21,1.0,1.0000000000005864,6.457065642487282e-21,0.0,0.0
0.0,454.0,300.0,1008.0,9.999999999999998e-21,1.0,1.0,6.363982374577414e-21,8.182255241263072e-19,0.0
0.0,455.0,300.0,1010.0,9.999999999999998e-21,1.0,1.000000000000581,6.272614002835052e-21,0.0,0.0
0.0,456.0,300.0,1012.0,9.999999999999998e-21,1.0,1.0,6.182922912172493e-21,7.727673769415653e-19,0.0
0.0,457.0,300.0,1014.0,9.999999999999998e-21,1.0,1.0000000000005758,6.094872435189662e-21,0.0,0.0
0.0,458.0,300.0,1016.0,9.999999999999998e-21,1.0,1.0,6.008426825311789e-21,7.301689854103722e-19,0.0
0.0,459.0,300.0,1018.0,9.999999999999998e-21,1.0,1.0000000000005702,5.923551230879309e-21,0.0,0.0
0.0,460.0,300.0,1020.0,9.999999999999998e-21,1.0,1.0,5.840211669934587e-21,6.90231026329738e-19,0.0
0.0,461.0,300.0,1022.0,9.999999999999998e-21,1.0,1.0000000000005658,0.0,0.0,0.0
0.0,462.0,300.0,1024.0,9.999999999999998e-21,1.0,1.0,5.67800892390525e-21,6.527693428516561e-19,0.0
0.0,463.0,300.0,1026.0,9.999999999999998e-21,1.0,1.0000000000005607,0.0,0.0,0.0
0.0,464.0,300.0,1028.0,9.999999999999998e-21,1.0,1.0,5.521563218642559e-21,6.176136982600939e-19,0.0
0.0,465.0,300.0,1030.0,9.999999999999998e-21,1.0,1.0000000000005558,0.0,0.0,0.0
0.0,466.0,300.0,1032.0,9.999999999999998e-21,1.0,1.0,5.370631617484217e-21,5.8460663941591535e-19,0.0
0.0,467.0,300.0,1034.0,9.999999999999998e-21,1.0,1.0000000000005504,0.0,0.0,0.0
0.0,468.0,300.0,1036.0,9.999999999999998e-21,1.0,1.0,5.2249829376903425e-21,5.536024596027159e-19,0.0
0.0,469.0,300.0,1038.0,9.999999999999998e-21,1.0,1.0000000000005458,0.0,0.0,0.0
0.0,470.0,300.0,1040.0,9.999999999999998e-21,1.0,1.0,5.084397113210725e-21,5.244662515235258e-19,0.0
0.0,471.0,300.0,1042.0,9.999999999999998e-21,1.0,1.000000000000541,0.0,0.0,0.0
0.0,472.0,300.0,1044.0,9.999999999999998e-21,1.0,1.0,4.948664595548014e-21,4.970730421093201e-19,0.0
0.0,473.0,300.0,1046.0,9.999999999999998e-21,1.0,1.0000000000005362,0.0,0.0,0.0
0.0,474.0,300.0,1048.0,9.999999999999998e-21,1.0,1.0,4.817585790232722e-21,4.713070016166004e-19,0.0
0.0,475.0,300.0,1050.0,9.999999999999998e-21,1.0,1.000000000000532,0.0,0.0,0.0
0.0,476.0,300.0,1052.0,9.999999999999998e-21,1.0,1.0,4.690970526605451e-21,4.470607202235745e-19,0.0
0.0,477.0,300.0,1054.0,9.999999999999998e-21,1.0,1.0000000000005274,0.0,0.0,0.0
0.0,478.0,300.0,1056.0,9.999999999999998e-21,1.0,1.0,4.568637558759365e-21,4.242345459915505e-19,0.0
0.0,479.0,300.0,1058.0,9.999999999999998e-21,1.0,1.0000000000005234,0.0,0.0,0.0
0.0,480.0,300.0,1060.0,9.999999999999998e-21,1.0,1.0,4.450414095647252e-21,4.0273597864827313e-19,0.0
0.0,481.0,300.0,1062.0,9.999999999999998e-21,1.0,1.000000000000519,0.0,0.0,0.0
0.0,482.0,300.0,1064.0,9.999999999999998e-21,1.0,1.0,4.336135358495122e-21,3.8247911418017976e-19,0.0
0.0,483.0,300.0,1066.0,9.999999999999998e-21,1.0,1.0000000000005145,0.0,0.0,0.0
0.0,484.0,300.0,1068.0,9.999999999999998e-21,1.0,1.0,4.225644163791477e-21,3.633841356973804e-19,0.0
0.0,485.0,300.0,1070.0,9.999999999999998e-21,1.0,1.0000000000005105,0.0,0.0,0.0
0.0,486.0,300.0,1072.0,9.999999999999998e-21,1.0,1.0,4.118790530241058e-21,3.453768464641292e-19,0.0
0.0,487.0,300.0,1074.0,9.999999999999998e-21,1.0,1.0000000000005065,0.0,0.0,0.0
0.0,488.0,300.0,1076.0,9.999999999999998e-21,1.0,1.0,4.015431308180328e-21,3.283882413737925e-19,0.0
0.0,489.0,300.0,1078.0,9.999999999999998e-21,1.0,1.0000000000005023,0.0,0.0,0.0
0.0,490.0,300.0,1080.0,9.999999999999998e-21,1.0,1.0,3.91542983005473e-21,3.123541134952406e-19,0.0
0.0,491.0,300.0,1082.0,9.999999999999998e-21,1.0,1.0000000000004983,0.0,0.0,0.0
0.0,492.0,300.0,1084.0,9.999999999999998e-21,1.0,1.0,3.818655580651585e-21,2.9721469263119583e-19,0.0
0.0,493.0,300.0,1086.0,9.999999999999998e-21,1.0,1.0000000000004943,0.0,0.0,0.0
0.0,494.0,300.0,1088.0,9.999999999999998e-21,1.0,1.0,3.724983885869959e-21,2.8291431311194493e-19,0.0
0.0,495.0,300.0,1090.0,9.999999999999998e-21,1.0,1.0000000000004905,0.0,0.0,0.0
0.0,496.0,300.0,1092.0,9.999999999999998e-21,1.0,1.0,3.63429561889051e-21,2.6940110830309533e-19,0.0
0.0,497.0,300.0,1094.0,9.999999999999998e-21,1.0,1.0000000000004867,0.0,0.0,0.0
0.0,498.0,300.0,1096.0,9.999999999999998e-21,1.0,1.0,3.546476922683056e-21,2.5662672953656807e-19,0.0
0.0,499.0,300.0,1098.0,9.999999999999998e-21,1.0,1.0000000000004832,0.0,0.0,0.0
