dist(m),time(s),Acetaldehyde,CeCation(S), Acetaldehyde1-Ce(S), Acetaldehyde2-Ce(S), OAnion(S)
0.000000000000000000e+00,0.000000000000000000e+00,1.450294599798779333e-37,1.450294599798779333e-37,-1.450294599799031992e-37,2.527070756412521540e-50,0.000000000000000000e+00
0.000000000000000000e+00,1.000000000000000000e+00,9.816981412790509140e-27,9.816981412790509140e-27,-9.816981412791276827e-27,7.675755053181232567e-40,0.000000000000000000e+00
0.000000000000000000e+00,2.000000000000000000e+00,3.950419160326357744e-26,3.950419160326357744e-26,-3.950419160326765264e-26,4.074638218513509778e-39,0.000000000000000000e+00
0.000000000000000000e+00,3.000000000000000000e+00,1.508310777245265443e-25,1.508310777245265443e-25,-1.508310777245439930e-25,1.743833799050144148e-38,0.000000000000000000e+00
0.000000000000000000e+00,4.000000000000000000e+00,5.480101170201727368e-25,5.480101170201727368e-25,-5.480101170202413380e-25,6.861991223096029013e-38,0.000000000000000000e+00
0.000000000000000000e+00,5.000000000000000000e+00,1.899817373566218260e-24,1.899817373566218260e-24,-1.899817373566473563e-24,2.552351591632219742e-37,0.000000000000000000e+00
0.000000000000000000e+00,6.000000000000000000e+00,6.300168418982085386e-24,6.300168418982085386e-24,-6.300168418982990516e-24,9.049626259887830074e-37,0.000000000000000000e+00
0.000000000000000000e+00,7.000000000000000000e+00,2.003200329462898370e-23,2.003200329462898370e-23,-2.003200329463205468e-23,3.070474242460949175e-36,0.000000000000000000e+00
0.000000000000000000e+00,8.000000000000000000e+00,6.120310088214755834e-23,6.120310088214755834e-23,-6.120310088215755005e-23,9.995555001449024983e-36,0.000000000000000000e+00
0.000000000000000000e+00,9.000000000000000000e+00,1.800446120802824781e-22,1.800446120802824781e-22,-1.800446120803137698e-22,3.128867843166029777e-35,0.000000000000000000e+00
0.000000000000000000e+00,1.000000000000000000e+01,5.109361239180212092e-22,5.109361239180212092e-22,-5.109361239181155309e-22,9.436353116008882867e-35,0.000000000000000000e+00
0.000000000000000000e+00,1.100000000000000000e+01,1.401203046412796728e-21,1.401203046412796728e-21,-1.401203046413071512e-21,2.746948619355557595e-34,0.000000000000000000e+00
0.000000000000000000e+00,1.200000000000000000e+01,3.719650770787212519e-21,3.719650770787212519e-21,-3.719650770787985900e-21,7.731527348850815922e-34,0.000000000000000000e+00
0.000000000000000000e+00,1.300000000000000000e+01,9.572886477902926995e-21,9.572886477902926995e-21,-9.572886477905034985e-21,2.107365399394767930e-33,0.000000000000000000e+00
0.000000000000000000e+00,1.400000000000000000e+01,2.391961870603075555e-20,2.391961870603075555e-20,-2.391961870603632570e-20,5.570859417115760892e-33,0.000000000000000000e+00
0.000000000000000000e+00,1.500000000000000000e+01,5.810698262171313584e-20,5.810698262171313584e-20,-5.810698262172743587e-20,1.430278218679802658e-32,0.000000000000000000e+00
0.000000000000000000e+00,1.600000000000000000e+01,1.374109566113819255e-19,1.374109566113819255e-19,-1.374109566114176275e-19,3.571134589353094199e-32,0.000000000000000000e+00
0.000000000000000000e+00,1.700000000000000000e+01,3.167060800144539017e-19,3.167060800144539017e-19,-3.167060800145407130e-19,8.681937744936024225e-32,0.000000000000000000e+00
0.000000000000000000e+00,1.800000000000000000e+01,7.122389206426353651e-19,7.122389206426353651e-19,-7.122389206428411507e-19,2.057584887401504810e-31,0.000000000000000000e+00
0.000000000000000000e+00,1.900000000000000000e+01,1.564562780585307898e-18,1.564562780585307898e-18,-1.564562780585783795e-18,4.758895576169493217e-31,0.000000000000000000e+00
0.000000000000000000e+00,2.000000000000000000e+01,3.360435056740848327e-18,3.360435056740848327e-18,-3.360435056741923766e-18,1.075254962992225763e-30,0.000000000000000000e+00
0.000000000000000000e+00,2.100000000000000000e+01,7.063921012637593664e-18,7.063921012637593664e-18,-7.063921012639969492e-18,2.375734650195482081e-30,0.000000000000000000e+00
0.000000000000000000e+00,2.200000000000000000e+01,1.454566733959982517e-17,1.454566733959982517e-17,-1.454566733960496201e-17,5.137673060039857425e-30,0.000000000000000000e+00
0.000000000000000000e+00,2.300000000000000000e+01,2.936481552729019666e-17,2.936481552729019666e-17,-2.936481552730108047e-17,1.088418837945616637e-29,0.000000000000000000e+00
0.000000000000000000e+00,2.400000000000000000e+01,5.816679321807586371e-17,5.816679321807586371e-17,-5.816679321809846950e-17,2.260712308641190367e-29,0.000000000000000000e+00
0.000000000000000000e+00,2.500000000000000000e+01,1.131376122547812676e-16,1.131376122547812676e-16,-1.131376122548273420e-16,4.607377403413584638e-29,0.000000000000000000e+00
0.000000000000000000e+00,2.600000000000000000e+01,2.162396839250271300e-16,2.162396839250271300e-16,-2.162396839251193281e-16,9.220263037982475856e-29,0.000000000000000000e+00
0.000000000000000000e+00,2.700000000000000000e+01,4.064026257267965120e-16,4.064026257267965120e-16,-4.064026257269778021e-16,1.813088599611928683e-28,0.000000000000000000e+00
0.000000000000000000e+00,2.800000000000000000e+01,7.515386804794419706e-16,7.515386804794419706e-16,-7.515386804797925207e-16,3.505665877317546066e-28,0.000000000000000000e+00
0.000000000000000000e+00,2.900000000000000000e+01,1.368316747800379606e-15,1.368316747800379606e-15,-1.368316747801046588e-15,6.669185213273949537e-28,0.000000000000000000e+00
0.000000000000000000e+00,3.000000000000000000e+01,2.454232900761938971e-15,2.454232900761938971e-15,-2.454232900763188132e-15,1.249070870467177565e-27,0.000000000000000000e+00
0.000000000000000000e+00,3.100000000000000000e+01,4.338898425705762147e-15,4.338898425705762147e-15,-4.338898425708066410e-15,2.304421010077786230e-27,0.000000000000000000e+00
0.000000000000000000e+00,3.200000000000000000e+01,7.564959867614321909e-15,7.564959867614321909e-15,-7.564959867618512339e-15,4.190185844349689360e-27,0.000000000000000000e+00
0.000000000000000000e+00,3.300000000000000000e+01,1.301411956641863403e-14,1.301411956641863403e-14,-1.301411956642614714e-14,7.513223545936643445e-27,0.000000000000000000e+00
0.000000000000000000e+00,3.400000000000000000e+01,2.210094304643165790e-14,2.210094304643165790e-14,-2.210094304644494863e-14,1.329091287678733246e-26,0.000000000000000000e+00
0.000000000000000000e+00,3.500000000000000000e+01,3.706731615158309129e-14,3.706731615158309129e-14,-3.706731615160629642e-14,2.320717972774943273e-26,0.000000000000000000e+00
0.000000000000000000e+00,3.600000000000000000e+01,6.142457579407787117e-14,6.142457579407787117e-14,-6.142457579411788219e-14,4.001497832071481572e-26,0.000000000000000000e+00
0.000000000000000000e+00,3.700000000000000000e+01,1.006097718401489906e-13,1.006097718401489906e-13,-1.006097718402171482e-13,6.816153615536006500e-26,0.000000000000000000e+00
0.000000000000000000e+00,3.800000000000000000e+01,1.629487769222850983e-13,1.629487769222850983e-13,-1.629487769223998554e-13,1.147484896615901301e-25,0.000000000000000000e+00
0.000000000000000000e+00,3.900000000000000000e+01,2.610537914447638059e-13,2.610537914447638059e-13,-2.610537914449547986e-13,1.909896730496171824e-25,0.000000000000000000e+00
0.000000000000000000e+00,4.000000000000000000e+01,4.138278923797113083e-13,4.138278923797113083e-13,-4.138278923800256915e-13,3.143998148637735649e-25,0.000000000000000000e+00
0.000000000000000000e+00,4.100000000000000000e+01,6.493057125913728987e-13,6.493057125913728987e-13,-6.493057125918849388e-13,5.120439539273614875e-25,0.000000000000000000e+00
0.000000000000000000e+00,4.200000000000000000e+01,1.008626260083338302e-12,1.008626260083338302e-12,-1.008626260084163665e-12,8.253062466277315545e-25,0.000000000000000000e+00
0.000000000000000000e+00,4.300000000000000000e+01,1.551505907043965130e-12,1.551505907043965130e-12,-1.551505907045282035e-12,1.316804584871521476e-24,0.000000000000000000e+00
0.000000000000000000e+00,4.400000000000000000e+01,2.363641728271266274e-12,2.363641728271266274e-12,-2.363641728273346746e-12,2.080284998703899278e-24,0.000000000000000000e+00
0.000000000000000000e+00,4.500000000000000000e+01,3.566493882955375511e-12,3.566493882955375511e-12,-3.566493882958630111e-12,3.254568784575933401e-24,0.000000000000000000e+00
0.000000000000000000e+00,4.600000000000000000e+01,5.329802310651217697e-12,5.329802310651217697e-12,-5.329802310656260752e-12,5.042862321623791172e-24,0.000000000000000000e+00
0.000000000000000000e+00,4.700000000000000000e+01,7.886860488317253293e-12,7.886860488317253293e-12,-7.886860488324991955e-12,7.738893833258967655e-24,0.000000000000000000e+00
0.000000000000000000e+00,4.800000000000000000e+01,1.155178012803470186e-11,1.155178012803470186e-11,-1.155178012804646333e-11,1.176124555446759939e-23,0.000000000000000000e+00
0.000000000000000000e+00,4.900000000000000000e+01,1.673640504183124182e-11,1.673640504183124182e-11,-1.673640504184893896e-11,1.769659373304050131e-23,0.000000000000000000e+00
0.000000000000000000e+00,5.000000000000000000e+01,2.396176049938215643e-11,2.396176049938215643e-11,-2.396176049940850988e-11,2.635084780744494914e-23,0.000000000000000000e+00
0.000000000000000000e+00,5.100000000000000000e+01,3.385467647418610969e-11,3.385467647418610969e-11,-3.385467647422490963e-11,3.880368955370627629e-23,0.000000000000000000e+00
0.000000000000000000e+00,5.200000000000000000e+01,4.711493938073952679e-11,4.711493938073952679e-11,-4.711493938079598187e-11,5.645606306518619900e-23,0.000000000000000000e+00
0.000000000000000000e+00,5.300000000000000000e+01,6.443432944895417939e-11,6.443432944895417939e-11,-6.443432944903523017e-11,8.105189603512466292e-23,0.000000000000000000e+00
0.000000000000000000e+00,5.400000000000000000e+01,8.635183323584248824e-11,8.635183323584248824e-11,-8.635183323595713031e-11,1.146462661297774209e-22,0.000000000000000000e+00
0.000000000000000000e+00,5.500000000000000000e+01,1.130480281128609353e-10,1.130480281128609353e-10,-1.130480281130204261e-10,1.594897881468312336e-22,0.000000000000000000e+00
0.000000000000000000e+00,5.600000000000000000e+01,1.441221682499082979e-10,1.441221682499082979e-10,-1.441221682501261049e-10,2.178102987559225509e-22,0.000000000000000000e+00
0.000000000000000000e+00,5.700000000000000000e+01,1.784472231495200766e-10,1.784472231495200766e-10,-1.784472231498115802e-10,2.915094577349502498e-22,0.000000000000000000e+00
0.000000000000000000e+00,5.800000000000000000e+01,2.142202193678616569e-10,2.142202193678616569e-10,-2.142202193682435042e-10,3.818426268380703276e-22,0.000000000000000000e+00
0.000000000000000000e+00,5.900000000000000000e+01,2.492664614733639298e-10,2.492664614733639298e-10,-2.492664614738531037e-10,4.891906209735118780e-22,0.000000000000000000e+00
0.000000000000000000e+00,6.000000000000000000e+01,2.815166403854003011e-10,2.815166403854003011e-10,-2.815166403860133453e-10,6.130138066466502670e-22,0.000000000000000000e+00
0.000000000000000000e+00,6.100000000000000000e+01,3.094538775748653327e-10,3.094538775748653327e-10,-3.094538775756173432e-10,7.520067714133102490e-22,0.000000000000000000e+00
0.000000000000000000e+00,6.200000000000000000e+01,3.323381530413320693e-10,3.323381530413320693e-10,-3.323381530422364362e-10,9.043797929996194485e-22,0.000000000000000000e+00
0.000000000000000000e+00,6.300000000000000000e+01,3.501590961297075592e-10,3.501590961297075592e-10,-3.501590961307757079e-10,1.068154652256271663e-21,0.000000000000000000e+00
0.000000000000000000e+00,6.400000000000000000e+01,3.634127148245664034e-10,3.634127148245664034e-10,-3.634127148258077947e-10,1.241394457132773363e-21,0.000000000000000000e+00
0.000000000000000000e+00,6.500000000000000000e+01,3.728406248896290008e-10,3.728406248896290008e-10,-3.728406248910512862e-10,1.422326627985019796e-21,0.000000000000000000e+00
0.000000000000000000e+00,6.600000000000000000e+01,3.792292391928727975e-10,3.792292391928727975e-10,-3.792292391944821808e-10,1.609379007676863683e-21,0.000000000000000000e+00
0.000000000000000000e+00,6.700000000000000000e+01,3.832915160597378447e-10,3.832915160597378447e-10,-3.832915160615390305e-10,1.801164991347475351e-21,0.000000000000000000e+00
0.000000000000000000e+00,6.800000000000000000e+01,3.856167347910130680e-10,3.856167347910130680e-10,-3.856167347930094684e-10,1.996423773261740392e-21,0.000000000000000000e+00
0.000000000000000000e+00,6.900000000000000000e+01,3.866680986255310349e-10,3.866680986255310349e-10,-3.866680986277250281e-10,2.193965816374817178e-21,0.000000000000000000e+00
0.000000000000000000e+00,7.000000000000000000e+01,3.867946023762214109e-10,3.867946023762214109e-10,-3.867946023786140308e-10,2.392608361001001352e-21,0.000000000000000000e+00
0.000000000000000000e+00,7.100000000000000000e+01,3.862534902565297193e-10,3.862534902565297193e-10,-3.862534902591208626e-10,2.591119307252712750e-21,0.000000000000000000e+00
0.000000000000000000e+00,7.200000000000000000e+01,3.852312899750455947e-10,3.852312899750455947e-10,-3.852312899778337621e-10,2.788156108385667889e-21,0.000000000000000000e+00
0.000000000000000000e+00,7.300000000000000000e+01,3.838638044821651349e-10,3.838638044821651349e-10,-3.838638044851473278e-10,2.982223109250361707e-21,0.000000000000000000e+00
0.000000000000000000e+00,7.400000000000000000e+01,3.822471517865846189e-10,3.822471517865846189e-10,-3.822471517897562361e-10,3.171621408795438072e-21,0.000000000000000000e+00
0.000000000000000000e+00,7.500000000000000000e+01,3.804498442962725231e-10,3.804498442962725231e-10,-3.804498442996269473e-10,3.354403489878029131e-21,0.000000000000000000e+00
0.000000000000000000e+00,7.600000000000000000e+01,3.785206193768155402e-10,3.785206193768155402e-10,-3.785206193803438791e-10,3.528329962742993392e-21,0.000000000000000000e+00
0.000000000000000000e+00,7.700000000000000000e+01,3.764941031066060618e-10,3.764941031066060618e-10,-3.764941031102968900e-10,3.690828703013532277e-21,0.000000000000000000e+00
0.000000000000000000e+00,7.800000000000000000e+01,3.743948678752293993e-10,3.743948678752293993e-10,-3.743948678790683445e-10,3.838957590933556325e-21,0.000000000000000000e+00
0.000000000000000000e+00,7.900000000000000000e+01,3.722403194061278790e-10,3.722403194061278790e-10,-3.722403194100972602e-10,3.969372898733985968e-21,0.000000000000000000e+00
0.000000000000000000e+00,8.000000000000000000e+01,3.700427470843278178e-10,3.700427470843278178e-10,-3.700427470884061285e-10,4.078306357757512928e-21,0.000000000000000000e+00
0.000000000000000000e+00,8.100000000000000000e+01,3.678107779216539155e-10,3.678107779216539155e-10,-3.678107779258154612e-10,4.161555032221541045e-21,0.000000000000000000e+00
0.000000000000000000e+00,8.200000000000000000e+01,3.655504076970179298e-10,3.655504076970179298e-10,-3.655504077012324150e-10,4.214489331110429575e-21,0.000000000000000000e+00
0.000000000000000000e+00,8.300000000000000000e+01,3.632657328479334574e-10,3.632657328479334574e-10,-3.632657328521655202e-10,4.232085763634289623e-21,0.000000000000000000e+00
0.000000000000000000e+00,8.400000000000000000e+01,3.609594706157467123e-10,3.609594706157467123e-10,-3.609594706199556658e-10,4.208992304126818463e-21,0.000000000000000000e+00
0.000000000000000000e+00,8.500000000000000000e+01,3.586333292220574973e-10,3.586333292220574973e-10,-3.586333292261971227e-10,4.139635337964094350e-21,0.000000000000000000e+00
0.000000000000000000e+00,8.600000000000000000e+01,3.562882716441593623e-10,3.562882716441593623e-10,-3.562882716481777540e-10,4.018377893635392029e-21,0.000000000000000000e+00
0.000000000000000000e+00,8.700000000000000000e+01,3.539247037189102038e-10,3.539247037189102038e-10,-3.539247037227499245e-10,3.839738917013879907e-21,0.000000000000000000e+00
0.000000000000000000e+00,8.800000000000000000e+01,3.515426082707546337e-10,3.515426082707546337e-10,-3.515426082743533347e-10,3.598682297068437942e-21,0.000000000000000000e+00
0.000000000000000000e+00,8.900000000000000000e+01,3.491416406045797559e-10,3.491416406045797559e-10,-3.491416406078707457e-10,3.290981689061763430e-21,0.000000000000000000e+00
0.000000000000000000e+00,9.000000000000000000e+01,3.467211945724010452e-10,3.467211945724010452e-10,-3.467211945753146855e-10,2.913662331353729266e-21,0.000000000000000000e+00
0.000000000000000000e+00,9.100000000000000000e+01,3.442804494314584090e-10,3.442804494314584090e-10,-3.442804494339239242e-10,2.465513251599203276e-21,0.000000000000000000e+00
0.000000000000000000e+00,9.200000000000000000e+01,3.418184122266649133e-10,3.418184122266649133e-10,-3.418184122286125617e-10,1.947652279349503026e-21,0.000000000000000000e+00
0.000000000000000000e+00,9.300000000000000000e+01,3.393339325401573420e-10,3.393339325401573420e-10,-3.393339325415214662e-10,1.364111850630587235e-21,0.000000000000000000e+00
0.000000000000000000e+00,9.400000000000000000e+01,2.460165419555273336e-10,2.460165419555273336e-10,-2.460165419585606566e-10,3.033289556025575492e-21,0.000000000000000000e+00
0.000000000000000000e+00,9.500000000000000000e+01,2.014677211531356878e-10,2.014677211531356878e-10,-2.014677211569831116e-10,3.847405002411412306e-21,0.000000000000000000e+00
0.000000000000000000e+00,9.600000000000000000e+01,1.780936662749239574e-10,1.780936662749239574e-10,-1.780936662791682470e-10,4.244298549357868963e-21,0.000000000000000000e+00
0.000000000000000000e+00,9.700000000000000000e+01,1.638699365703925636e-10,1.638699365703925636e-10,-1.638699365748452769e-10,4.452734710570715784e-21,0.000000000000000000e+00
0.000000000000000000e+00,9.800000000000000000e+01,1.544893224816923033e-10,1.544893224816923033e-10,-1.544893224862471475e-10,4.554821443248480748e-21,0.000000000000000000e+00
0.000000000000000000e+00,9.900000000000000000e+01,1.479803042166144948e-10,1.479803042166144948e-10,-1.479803042212029949e-10,4.588505259081114515e-21,0.000000000000000000e+00
0.000000000000000000e+00,1.000000000000000000e+02,1.433022579888804018e-10,1.433022579888804018e-10,-1.433022579934546072e-10,4.574191741308685194e-21,0.000000000000000000e+00
0.000000000000000000e+00,1.010000000000000000e+02,1.398513299814846662e-10,1.398513299814846662e-10,-1.398513299860087497e-10,4.524080516144167121e-21,0.000000000000000000e+00
0.000000000000000000e+00,1.020000000000000000e+02,1.372526832508224314e-10,1.372526832508224314e-10,-1.372526832552685014e-10,4.446078308588359639e-21,0.000000000000000000e+00
0.000000000000000000e+00,1.030000000000000000e+02,1.352617387531614040e-10,1.352617387531614040e-10,-1.352617387575070490e-10,4.345651984060735780e-21,0.000000000000000000e+00
0.000000000000000000e+00,1.040000000000000000e+02,1.337127405484174645e-10,1.337127405484174645e-10,-1.337127405526442540e-10,4.226789224031620735e-21,0.000000000000000000e+00
0.000000000000000000e+00,1.050000000000000000e+02,1.324900063398778796e-10,1.324900063398778796e-10,-1.324900063439704074e-10,4.092532646005845044e-21,0.000000000000000000e+00
0.000000000000000000e+00,1.060000000000000000e+02,1.315109207311778574e-10,1.315109207311778574e-10,-1.315109207351231470e-10,3.945294047734208366e-21,0.000000000000000000e+00
0.000000000000000000e+00,1.070000000000000000e+02,1.307153966993855703e-10,1.307153966993855703e-10,-1.307153967031726099e-10,3.787048234361175736e-21,0.000000000000000000e+00
0.000000000000000000e+00,1.080000000000000000e+02,1.300590886794022416e-10,1.300590886794022416e-10,-1.300590886830216997e-10,3.619457495406828503e-21,0.000000000000000000e+00
0.000000000000000000e+00,1.090000000000000000e+02,1.295088787488955534e-10,1.295088787488955534e-10,-1.295088787523394940e-10,3.443954379263809849e-21,0.000000000000000000e+00
0.000000000000000000e+00,1.100000000000000000e+02,1.290397925689788571e-10,1.290397925689788571e-10,-1.290397925722406629e-10,3.261798412675066065e-21,0.000000000000000000e+00
0.000000000000000000e+00,1.110000000000000000e+02,1.286328440810437828e-10,1.286328440810437828e-10,-1.286328440841178961e-10,3.074115964810813049e-21,0.000000000000000000e+00
0.000000000000000000e+00,1.120000000000000000e+02,1.282735005346913229e-10,1.282735005346913229e-10,-1.282735005375732460e-10,2.881928849983404315e-21,0.000000000000000000e+00
0.000000000000000000e+00,1.130000000000000000e+02,1.279505718989001265e-10,1.279505718989001265e-10,-1.279505719015862921e-10,2.686175176966911885e-21,0.000000000000000000e+00
0.000000000000000000e+00,1.140000000000000000e+02,1.276553966442106198e-10,1.276553966442106198e-10,-1.276553966466983397e-10,2.487724709646812237e-21,0.000000000000000000e+00
0.000000000000000000e+00,1.150000000000000000e+02,1.273812381746450801e-10,1.273812381746450801e-10,-1.273812381769324930e-10,2.287390242944826851e-21,0.000000000000000000e+00
0.000000000000000000e+00,1.160000000000000000e+02,1.271228332443758780e-10,1.271228332443758780e-10,-1.271228332464617948e-10,2.085936020976249230e-21,0.000000000000000000e+00
0.000000000000000000e+00,1.170000000000000000e+02,1.268760514374077383e-10,1.268760514374077383e-10,-1.268760514392918231e-10,1.884083918376821898e-21,0.000000000000000000e+00
0.000000000000000000e+00,1.180000000000000000e+02,1.266376366874672937e-10,1.266376366874672937e-10,-1.266376366891498050e-10,1.682517904931453832e-21,0.000000000000000000e+00
0.000000000000000000e+00,1.190000000000000000e+02,1.264050099562969540e-10,1.264050099562969540e-10,-1.264050099577788222e-10,1.481887178891786154e-21,0.000000000000000000e+00
0.000000000000000000e+00,1.200000000000000000e+02,1.261761178589788813e-10,1.261761178589788813e-10,-1.261761178602617092e-10,1.282808261867245305e-21,0.000000000000000000e+00
0.000000000000000000e+00,1.210000000000000000e+02,1.259493160371750037e-10,1.259493160371750037e-10,-1.259493160382608851e-10,1.085866283206331596e-21,0.000000000000000000e+00
0.000000000000000000e+00,1.220000000000000000e+02,1.257232789598665078e-10,1.257232789598665078e-10,-1.257232789607581309e-10,8.916156350602567135e-22,0.000000000000000000e+00
0.000000000000000000e+00,1.230000000000000000e+02,1.254969299214404646e-10,1.254969299214404646e-10,-1.254969299221410607e-10,7.005801449511041362e-22,0.000000000000000000e+00
0.000000000000000000e+00,1.240000000000000000e+02,1.252693865408638488e-10,1.252693865408638488e-10,-1.252693865413771143e-10,5.132528867703314226e-22,0.000000000000000000e+00
0.000000000000000000e+00,1.250000000000000000e+02,1.250399182013419196e-10,1.250399182013419196e-10,-1.250399182016720163e-10,3.300957311793953159e-22,0.000000000000000000e+00
0.000000000000000000e+00,1.260000000000000000e+02,1.248079127173632257e-10,1.248079127173632257e-10,-1.248079127175147548e-10,1.515387206664984909e-22,0.000000000000000000e+00
0.000000000000000000e+00,1.270000000000000000e+02,1.245728501527071246e-10,1.245728501527071246e-10,-1.245728501526851009e-10,-2.202065815737174260e-23,0.000000000000000000e+00
0.000000000000000000e+00,1.280000000000000000e+02,1.243342821940416586e-10,1.243342821940416586e-10,-1.243342821938514329e-10,-1.902182428617497496e-22,0.000000000000000000e+00
0.000000000000000000e+00,1.290000000000000000e+02,1.240918158501947439e-10,1.240918158501947439e-10,-1.240918158498420290e-10,-3.527239507200488749e-22,0.000000000000000000e+00
0.000000000000000000e+00,1.300000000000000000e+02,1.238451005257838172e-10,1.238451005257838172e-10,-1.238451005252745841e-10,-5.092424755965175844e-22,0.000000000000000000e+00
0.000000000000000000e+00,1.310000000000000000e+02,1.235938177314299682e-10,1.235938177314299682e-10,-1.235938177307704467e-10,-6.595138869634724190e-22,0.000000000000000000e+00
0.000000000000000000e+00,1.320000000000000000e+02,1.233376728566978396e-10,1.233376728566978396e-10,-1.233376728558945180e-10,-8.033140977128231593e-22,0.000000000000000000e+00
0.000000000000000000e+00,1.330000000000000000e+02,1.230763885583477007e-10,1.230763885583477007e-10,-1.230763885574072481e-10,-9.404551728178774982e-22,0.000000000000000000e+00
0.000000000000000000e+00,1.340000000000000000e+02,1.228096994141702644e-10,1.228096994141702644e-10,-1.228096994130994791e-10,-1.070785455873351132e-21,0.000000000000000000e+00
0.000000000000000000e+00,1.350000000000000000e+02,1.225373475683450433e-10,1.225373475683450433e-10,-1.225373475671508530e-10,-1.194189495220643250e-21,0.000000000000000000e+00
0.000000000000000000e+00,1.360000000000000000e+02,1.222590791530259232e-10,1.222590791530259232e-10,-1.222590791517153331e-10,-1.310587755792033907e-21,0.000000000000000000e+00
0.000000000000000000e+00,1.370000000000000000e+02,1.219746413165694686e-10,1.219746413165694686e-10,-1.219746413151495356e-10,-1.419936107046115600e-21,0.000000000000000000e+00
0.000000000000000000e+00,1.380000000000000000e+02,1.216837797244409844e-10,1.216837797244409844e-10,-1.216837797229187653e-10,-1.522225081438921523e-21,0.000000000000000000e+00
0.000000000000000000e+00,1.390000000000000000e+02,1.213862364266330370e-10,1.213862364266330370e-10,-1.213862364250155629e-10,-1.617478901795852664e-21,0.000000000000000000e+00
0.000000000000000000e+00,1.400000000000000000e+02,1.210817480071362531e-10,1.210817480071362531e-10,-1.210817480054305033e-10,-1.705754279723166973e-21,0.000000000000000000e+00
0.000000000000000000e+00,1.410000000000000000e+02,1.207700439480029740e-10,1.207700439480029740e-10,-1.207700439462158503e-10,-1.787138990821894508e-21,0.000000000000000000e+00
0.000000000000000000e+00,1.420000000000000000e+02,1.204508451538136644e-10,1.204508451538136644e-10,-1.204508451519519135e-10,-1.861750235917827392e-21,0.000000000000000000e+00
0.000000000000000000e+00,1.430000000000000000e+02,1.201238625927503514e-10,1.201238625927503514e-10,-1.201238625908206165e-10,-1.929732800788236554e-21,0.000000000000000000e+00
0.000000000000000000e+00,1.440000000000000000e+02,1.197887960186222755e-10,1.197887960186222755e-10,-1.197887960166310191e-10,-1.991257029921864345e-21,0.000000000000000000e+00
0.000000000000000000e+00,1.450000000000000000e+02,1.194453327444865963e-10,1.194453327444865963e-10,-1.194453327424400740e-10,-2.046516632651274104e-21,0.000000000000000000e+00
0.000000000000000000e+00,1.460000000000000000e+02,1.190931464434696398e-10,1.190931464434696398e-10,-1.190931464413739260e-10,-2.095726342542133360e-21,0.000000000000000000e+00
0.000000000000000000e+00,1.470000000000000000e+02,1.187318959561723998e-10,1.187318959561723998e-10,-1.187318959540332849e-10,-2.139119453142230267e-21,0.000000000000000000e+00
0.000000000000000000e+00,1.480000000000000000e+02,1.183612240870111814e-10,1.183612240870111814e-10,-1.183612240848342489e-10,-2.176945255090903434e-21,0.000000000000000000e+00
0.000000000000000000e+00,1.490000000000000000e+02,1.179807563740082530e-10,1.179807563740082530e-10,-1.179807563717987760e-10,-2.209466401104237013e-21,0.000000000000000000e+00
0.000000000000000000e+00,1.500000000000000000e+02,1.175900998182238397e-10,1.175900998182238397e-10,-1.175900998159868848e-10,-2.236956226466910630e-21,0.000000000000000000e+00
0.000000000000000000e+00,1.510000000000000000e+02,1.171888415602111535e-10,1.171888415602111535e-10,-1.171888415579514511e-10,-2.259696053354534336e-21,0.000000000000000000e+00
0.000000000000000000e+00,1.520000000000000000e+02,1.167765474916744112e-10,1.167765474916744112e-10,-1.167765474893964333e-10,-2.277972507556974243e-21,0.000000000000000000e+00
0.000000000000000000e+00,1.530000000000000000e+02,1.163527607910035788e-10,1.163527607910035788e-10,-1.163527607887115130e-10,-2.292074875941548348e-21,0.000000000000000000e+00
0.000000000000000000e+00,1.540000000000000000e+02,1.159170292339292455e-10,1.159170292339292455e-10,-1.159170292316268788e-10,-2.302375685509359724e-21,0.000000000000000000e+00
0.000000000000000000e+00,1.550000000000000000e+02,1.154689345750473361e-10,1.154689345750473361e-10,-1.154689345727382485e-10,-2.309095857624911074e-21,0.000000000000000000e+00
0.000000000000000000e+00,1.560000000000000000e+02,1.150078042138094357e-10,1.150078042138094357e-10,-1.150078042114969489e-10,-2.312492334345847163e-21,0.000000000000000000e+00
0.000000000000000000e+00,1.570000000000000000e+02,1.145330777891774698e-10,1.145330777891774698e-10,-1.145330777868646211e-10,-2.312842190910941093e-21,0.000000000000000000e+00
0.000000000000000000e+00,1.580000000000000000e+02,1.140441627893117540e-10,1.140441627893117540e-10,-1.140441627870013480e-10,-2.310413386699060502e-21,0.000000000000000000e+00
0.000000000000000000e+00,1.590000000000000000e+02,1.135404325094309872e-10,1.135404325094309872e-10,-1.135404325071255185e-10,-2.305462930373188199e-21,0.000000000000000000e+00
0.000000000000000000e+00,1.600000000000000000e+02,1.130212233086702289e-10,1.130212233086702289e-10,-1.130212233063719851e-10,-2.298233216279559527e-21,0.000000000000000000e+00
0.000000000000000000e+00,1.610000000000000000e+02,1.124858310615848193e-10,1.124858310615848193e-10,-1.124858310592958684e-10,-2.288953028070035823e-21,0.000000000000000000e+00
0.000000000000000000e+00,1.620000000000000000e+02,1.119335115946415557e-10,1.119335115946415557e-10,-1.119335115923637200e-10,-2.277837225519928510e-21,0.000000000000000000e+00
0.000000000000000000e+00,1.630000000000000000e+02,1.113634775748645869e-10,1.113634775748645869e-10,-1.113634775725995079e-10,-2.265084639067659054e-21,0.000000000000000000e+00
0.000000000000000000e+00,1.640000000000000000e+02,1.107748943581637028e-10,1.107748943581637028e-10,-1.107748943559128280e-10,-2.250877056746394263e-21,0.000000000000000000e+00
0.000000000000000000e+00,1.650000000000000000e+02,1.101668767094128268e-10,1.101668767094128268e-10,-1.101668767071774487e-10,-2.235378650129790424e-21,0.000000000000000000e+00
0.000000000000000000e+00,1.660000000000000000e+02,1.095385122178403645e-10,1.095385122178403645e-10,-1.095385122156214912e-10,-2.218875449568593716e-21,0.000000000000000000e+00
0.000000000000000000e+00,1.670000000000000000e+02,1.088888613130408353e-10,1.088888613130408353e-10,-1.088888613108394750e-10,-2.201369606690339119e-21,0.000000000000000000e+00
0.000000000000000000e+00,1.680000000000000000e+02,1.082167751313066327e-10,1.082167751313066327e-10,-1.082167751291236772e-10,-2.182953790043569554e-21,0.000000000000000000e+00
0.000000000000000000e+00,1.690000000000000000e+02,1.075211283827432540e-10,1.075211283827432540e-10,-1.075211283805795305e-10,-2.163716342712514641e-21,0.000000000000000000e+00
0.000000000000000000e+00,1.700000000000000000e+02,1.068007225238330598e-10,1.068007225238330598e-10,-1.068007225216893178e-10,-2.143736352069638219e-21,0.000000000000000000e+00
0.000000000000000000e+00,1.710000000000000000e+02,1.060542875757460998e-10,1.060542875757460998e-10,-1.060542875736230244e-10,-2.123077452741601946e-21,0.000000000000000000e+00
0.000000000000000000e+00,1.720000000000000000e+02,1.052804719108163057e-10,1.052804719108163057e-10,-1.052804719087145173e-10,-2.101787468024524758e-21,0.000000000000000000e+00
0.000000000000000000e+00,1.730000000000000000e+02,1.044778364921971655e-10,1.044778364921971655e-10,-1.044778364901172716e-10,-2.079899264114239524e-21,0.000000000000000000e+00
0.000000000000000000e+00,1.740000000000000000e+02,1.036448487055589908e-10,1.036448487055589908e-10,-1.036448487035015600e-10,-2.057431660168018980e-21,0.000000000000000000e+00
0.000000000000000000e+00,1.750000000000000000e+02,1.027798757654756321e-10,1.027798757654756321e-10,-1.027798757634412460e-10,-2.034390337921405825e-21,0.000000000000000000e+00
0.000000000000000000e+00,1.760000000000000000e+02,1.018811776716402478e-10,1.018811776716402478e-10,-1.018811776696294751e-10,-2.010768631684510816e-21,0.000000000000000000e+00
0.000000000000000000e+00,1.770000000000000000e+02,1.009468996516318817e-10,1.009468996516318817e-10,-1.009468996496453428e-10,-1.986547823532825218e-21,0.000000000000000000e+00
0.000000000000000000e+00,1.780000000000000000e+02,9.997506234134327182e-11,9.997506234134327182e-11,-9.997506233938158715e-11,-1.961683377190649359e-21,0.000000000000000000e+00
0.000000000000000000e+00,1.790000000000000000e+02,9.896355335123910144e-11,9.896355335123910144e-11,-9.896355334930295597e-11,-1.936135208090829251e-21,0.000000000000000000e+00
0.000000000000000000e+00,1.800000000000000000e+02,9.791012718891072315e-11,9.791012718891072315e-11,-9.791012718700084067e-11,-1.909873213923098422e-21,0.000000000000000000e+00
0.000000000000000000e+00,1.810000000000000000e+02,9.681239238972699618e-11,9.681239238972699618e-11,-9.681239238784415216e-11,-1.882840547437871686e-21,0.000000000000000000e+00
0.000000000000000000e+00,1.820000000000000000e+02,9.566779642665328313e-11,9.566779642665328313e-11,-9.566779642479830476e-11,-1.854973817644309851e-21,0.000000000000000000e+00
0.000000000000000000e+00,1.830000000000000000e+02,9.447362160444117915e-11,9.447362160444117915e-11,-9.447362160261497116e-11,-1.826207193378743868e-21,0.000000000000000000e+00
0.000000000000000000e+00,1.840000000000000000e+02,9.322697649278072330e-11,9.322697649278072330e-11,-9.322697649098424211e-11,-1.796471735211803766e-21,0.000000000000000000e+00
0.000000000000000000e+00,1.850000000000000000e+02,9.192478645326769269e-11,9.192478645326769269e-11,-9.192478645150201105e-11,-1.765688064825155455e-21,0.000000000000000000e+00
0.000000000000000000e+00,1.860000000000000000e+02,9.056378368988309499e-11,9.056378368988309499e-11,-9.056378368814933735e-11,-1.733756167819805258e-21,0.000000000000000000e+00
0.000000000000000000e+00,1.870000000000000000e+02,8.914050290345416865e-11,8.914050290345416865e-11,-8.914050290175357579e-11,-1.700591683300761804e-21,0.000000000000000000e+00
0.000000000000000000e+00,1.880000000000000000e+02,8.765128050411558703e-11,8.765128050411558703e-11,-8.765128050244947726e-11,-1.666107952422598068e-21,0.000000000000000000e+00
0.000000000000000000e+00,1.890000000000000000e+02,8.609225000174802976e-11,8.609225000174802976e-11,-8.609225000011782479e-11,-1.630215735927982613e-21,0.000000000000000000e+00
0.000000000000000000e+00,1.900000000000000000e+02,8.445933714974773439e-11,8.445933714974773439e-11,-8.445933714815499812e-11,-1.592743597178702416e-21,0.000000000000000000e+00
0.000000000000000000e+00,1.910000000000000000e+02,8.274828026513456120e-11,8.274828026513456120e-11,-8.274828026358084459e-11,-1.553720573857558620e-21,0.000000000000000000e+00
0.000000000000000000e+00,1.920000000000000000e+02,8.095464565937664851e-11,8.095464565937664851e-11,-8.095464565786361884e-11,-1.513029084399685289e-21,0.000000000000000000e+00
0.000000000000000000e+00,1.930000000000000000e+02,7.907382898411402052e-11,7.907382898411402052e-11,-7.907382898264346142e-11,-1.470557774794058457e-21,0.000000000000000000e+00
0.000000000000000000e+00,1.940000000000000000e+02,7.710110186174513607e-11,7.710110186174513607e-11,-7.710110186031893452e-11,-1.426202228547916818e-21,0.000000000000000000e+00
0.000000000000000000e+00,1.950000000000000000e+02,7.503166025799301913e-11,7.503166025799301913e-11,-7.503166025661315263e-11,-1.379865104946196967e-21,0.000000000000000000e+00
0.000000000000000000e+00,1.960000000000000000e+02,7.286069228988056634e-11,7.286069228988056634e-11,-7.286069228854907698e-11,-1.331490404310309494e-21,0.000000000000000000e+00
0.000000000000000000e+00,1.970000000000000000e+02,7.058346934758576147e-11,7.058346934758576147e-11,-7.058346934630475597e-11,-1.281012917621645960e-21,0.000000000000000000e+00
0.000000000000000000e+00,1.980000000000000000e+02,6.819546709878451460e-11,6.819546709878451460e-11,-6.819546709755613846e-11,-1.228368819501357114e-21,0.000000000000000000e+00
0.000000000000000000e+00,1.990000000000000000e+02,6.569251840555652230e-11,6.569251840555652230e-11,-6.569251840438312783e-11,-1.173382707452382003e-21,0.000000000000000000e+00
0.000000000000000000e+00,2.000000000000000000e+02,6.307103669499773099e-11,6.307103669499773099e-11,-6.307103669388147661e-11,-1.116263749065744635e-21,0.000000000000000000e+00
0.000000000000000000e+00,2.010000000000000000e+02,6.032826579751879479e-11,6.032826579751879479e-11,-6.032826579646174844e-11,-1.057045297714967527e-21,0.000000000000000000e+00
0.000000000000000000e+00,2.020000000000000000e+02,5.746258201976514999e-11,5.746258201976514999e-11,-5.746258201876981260e-11,-9.953381446829422904e-22,0.000000000000000000e+00
0.000000000000000000e+00,2.030000000000000000e+02,5.447392970658875584e-11,5.447392970658875584e-11,-5.447392970565706613e-11,-9.316835210383624337e-22,0.000000000000000000e+00
0.000000000000000000e+00,2.040000000000000000e+02,5.136433937024974011e-11,5.136433937024974011e-11,-5.136433936938330719e-11,-8.664313732760257298e-22,0.000000000000000000e+00
0.000000000000000000e+00,2.050000000000000000e+02,4.813845563993242349e-11,4.813845563993242349e-11,-4.813845563913267555e-11,-7.997464802157212265e-22,0.000000000000000000e+00
0.000000000000000000e+00,2.060000000000000000e+02,4.480421458311425771e-11,4.480421458311425771e-11,-4.480421458238248721e-11,-7.317689775050749772e-22,0.000000000000000000e+00
0.000000000000000000e+00,2.070000000000000000e+02,4.137361200052305541e-11,4.137361200052305541e-11,-4.137361199986008954e-11,-6.629690689976906892e-22,0.000000000000000000e+00
0.000000000000000000e+00,2.080000000000000000e+02,3.786350732058206082e-11,3.786350732058206082e-11,-3.786350731998816453e-11,-5.938933191762363589e-22,0.000000000000000000e+00
0.000000000000000000e+00,2.090000000000000000e+02,3.429642198373920247e-11,3.429642198373920247e-11,-3.429642198321399448e-11,-5.252052755509035474e-22,0.000000000000000000e+00
0.000000000000000000e+00,2.100000000000000000e+02,3.070124085236161220e-11,3.070124085236161220e-11,-3.070124085190390990e-11,-4.577018440680724284e-22,0.000000000000000000e+00
0.000000000000000000e+00,2.110000000000000000e+02,2.711367980754274852e-11,2.711367980754274852e-11,-2.711367980715050012e-11,-3.922465873964078130e-22,0.000000000000000000e+00
0.000000000000000000e+00,2.120000000000000000e+02,2.357633386549071086e-11,2.357633386549071086e-11,-2.357633386516102123e-11,-3.296904189439049221e-22,0.000000000000000000e+00
0.000000000000000000e+00,2.130000000000000000e+02,2.013807985005571440e-11,2.013807985005571440e-11,-2.013807984978468996e-11,-2.710248568344035576e-22,0.000000000000000000e+00
0.000000000000000000e+00,2.140000000000000000e+02,1.685258676406148631e-11,1.685258676406148631e-11,-1.685258676384427708e-11,-2.172100237685261847e-22,0.000000000000000000e+00
0.000000000000000000e+00,2.150000000000000000e+02,1.377572757251917036e-11,1.377572757251917036e-11,-1.377572757235023810e-11,-1.689309458206915204e-22,0.000000000000000000e+00
0.000000000000000000e+00,2.160000000000000000e+02,1.096181069194590405e-11,1.096181069194590405e-11,-1.096181069181886559e-11,-1.270381203870008492e-22,0.000000000000000000e+00
0.000000000000000000e+00,2.170000000000000000e+02,8.458784336907259367e-12,8.458784336907259367e-12,-8.458784336815240371e-12,-9.201899826189925202e-23,0.000000000000000000e+00
0.000000000000000000e+00,2.180000000000000000e+02,6.302910146939848489e-12,6.302910146939848489e-12,-6.302910146875862353e-12,-6.398628613236824610e-23,0.000000000000000000e+00
0.000000000000000000e+00,2.190000000000000000e+02,4.513779694659721164e-12,4.513779694659721164e-12,-4.513779694617119747e-12,-4.260149689679189226e-23,0.000000000000000000e+00
0.000000000000000000e+00,2.200000000000000000e+02,3.090822851645647132e-12,3.090822851645647132e-12,-3.090822851618614320e-12,-2.703294169088984240e-23,0.000000000000000000e+00
0.000000000000000000e+00,2.210000000000000000e+02,2.012443262324456079e-12,2.012443262324456079e-12,-2.012443262308225082e-12,-1.623096293391869132e-23,0.000000000000000000e+00
0.000000000000000000e+00,2.220000000000000000e+02,1.238470687153475205e-12,1.238470687153475205e-12,-1.238470687144461441e-12,-9.013639771013889209e-24,0.000000000000000000e+00
0.000000000000000000e+00,2.230000000000000000e+02,7.157680128927141460e-13,7.157680128927141460e-13,-7.157680128883284328e-13,-4.385697671073799709e-24,0.000000000000000000e+00
0.000000000000000000e+00,2.240000000000000000e+02,3.858372485163432540e-13,3.858372485163432540e-13,-3.858372485145998840e-13,-1.743360014983440860e-24,0.000000000000000000e+00
0.000000000000000000e+00,2.250000000000000000e+02,1.925738224722301238e-13,1.925738224722301238e-13,-1.925738224715656883e-13,-6.644543868416337447e-25,0.000000000000000000e+00
0.000000000000000000e+00,2.260000000000000000e+02,8.829591599947584605e-14,8.829591599947584605e-14,-8.829591599905591962e-14,-4.199339981959882956e-25,0.000000000000000000e+00
0.000000000000000000e+00,2.270000000000000000e+02,3.687801368684082586e-14,3.687801368684082586e-14,-3.687801368658769617e-14,-2.531277543257851771e-25,0.000000000000000000e+00
0.000000000000000000e+00,2.280000000000000000e+02,1.390346004056013355e-14,1.390346004056013355e-14,-1.390346004050142968e-14,-5.870370328599837494e-26,0.000000000000000000e+00
0.000000000000000000e+00,2.290000000000000000e+02,4.685171901641635338e-15,4.685171901641635338e-15,-4.685171901631205808e-15,-1.042927371072552344e-26,0.000000000000000000e+00
0.000000000000000000e+00,2.300000000000000000e+02,1.396162600850673991e-15,1.396162600850673991e-15,-1.396162600848744832e-15,-1.929078659290376697e-27,0.000000000000000000e+00
0.000000000000000000e+00,2.310000000000000000e+02,3.636747717382983229e-16,3.636747717382983229e-16,-3.636747717280074845e-16,-1.029084962051416077e-26,0.000000000000000000e+00
0.000000000000000000e+00,2.320000000000000000e+02,8.176911358436024516e-17,8.176911358436024516e-17,-8.176911353908677825e-17,-4.527347019986901090e-26,0.000000000000000000e+00
0.000000000000000000e+00,2.330000000000000000e+02,1.566030658938665856e-17,1.566030658938665856e-17,-1.566030658791003112e-17,-1.476625029132773852e-27,0.000000000000000000e+00
0.000000000000000000e+00,2.340000000000000000e+02,2.515690882523623808e-18,2.515690882523623808e-18,-2.515691023564122446e-18,1.410404985890287948e-25,0.000000000000000000e+00
0.000000000000000000e+00,2.350000000000000000e+02,3.333313452458754694e-19,3.333313452458754694e-19,-3.333315936299329757e-19,2.483840575062816148e-25,0.000000000000000000e+00
0.000000000000000000e+00,2.360000000000000000e+02,3.352060694820109889e-20,3.352060694820109889e-20,-3.352016727687020513e-20,-4.396713308997791560e-25,0.000000000000000000e+00
0.000000000000000000e+00,2.370000000000000000e+02,2.608209882607859657e-21,2.608209882607859657e-21,-2.607703597432882502e-21,-5.062851749722655593e-25,0.000000000000000000e+00
0.000000000000000000e+00,2.380000000000000000e+02,1.782516452169963922e-22,1.782516452169963922e-22,-1.804515127437227856e-22,2.199867526727263264e-24,0.000000000000000000e+00
0.000000000000000000e+00,2.390000000000000000e+02,2.200647837406310858e-24,2.200647837406310858e-24,1.335519509482206700e-25,-2.334199788357489067e-24,0.000000000000000000e+00
0.000000000000000000e+00,2.400000000000000000e+02,2.558217942955688448e-24,2.558217942955688448e-24,1.847013050247349897e-26,-2.576688073459900784e-24,0.000000000000000000e+00
0.000000000000000000e+00,2.410000000000000000e+02,2.438781673392126799e-24,2.438781673392126799e-24,1.677179986893701178e-27,-2.440458853378607264e-24,0.000000000000000000e+00
0.000000000000000000e+00,2.420000000000000000e+02,2.252718573372964082e-24,2.252718573372964082e-24,-6.036018994638901422e-28,-2.252114971472805319e-24,0.000000000000000000e+00
0.000000000000000000e+00,2.430000000000000000e+02,2.034354842695893260e-24,2.034354842695893260e-24,-8.765959112332178813e-28,-2.033478246786316479e-24,0.000000000000000000e+00
0.000000000000000000e+00,2.440000000000000000e+02,1.803586663725312375e-24,1.803586663725312375e-24,-8.879900330969413527e-28,-1.802698673689183921e-24,0.000000000000000000e+00
0.000000000000000000e+00,2.450000000000000000e+02,1.574154800388793279e-24,1.574154800388793279e-24,-8.659449050226723098e-28,-1.573288855485699129e-24,0.000000000000000000e+00
0.000000000000000000e+00,2.460000000000000000e+02,1.270072128857848970e-24,1.270072128857848970e-24,-8.025639785133496318e-28,-1.269269564876814208e-24,0.000000000000000000e+00
0.000000000000000000e+00,2.470000000000000000e+02,1.004207740848688193e-24,1.004207740848688193e-24,-7.290369502177833063e-28,-1.003478703901623466e-24,0.000000000000000000e+00
0.000000000000000000e+00,2.480000000000000000e+02,5.040340774077479854e-25,5.040340774077479854e-25,-5.676584408777066417e-28,-5.034664189696224509e-25,0.000000000000000000e+00
0.000000000000000000e+00,2.490000000000000000e+02,3.878371979124472377e-25,3.878371979124472377e-25,-4.989995217972308096e-28,-3.873381983893380909e-25,0.000000000000000000e+00
0.000000000000000000e+00,2.500000000000000000e+02,2.983563991742555245e-25,2.983563991742555245e-25,-4.418037711141294165e-28,-2.979145954070596484e-25,0.000000000000000000e+00
0.000000000000000000e+00,2.510000000000000000e+02,2.294271126872549939e-25,2.294271126872549939e-25,-3.902887908650360849e-28,-2.290368238988416441e-25,0.000000000000000000e+00
0.000000000000000000e+00,2.520000000000000000e+02,1.763723166766154132e-25,1.763723166766154132e-25,-3.438085136123440518e-28,-1.760285081671278146e-25,0.000000000000000000e+00
0.000000000000000000e+00,2.530000000000000000e+02,1.355655394705950774e-25,1.355655394705950774e-25,-3.020137730301480710e-28,-1.352635256992383099e-25,0.000000000000000000e+00
0.000000000000000000e+00,2.540000000000000000e+02,1.042010245881188816e-25,1.042010245881188816e-25,-2.645699733882565053e-28,-1.039364546143332070e-25,0.000000000000000000e+00
0.000000000000000000e+00,2.550000000000000000e+02,8.009683912888903577e-26,8.009683912888903577e-26,-2.311465253766544696e-28,-7.986569260400820115e-26,0.000000000000000000e+00
0.000000000000000000e+00,2.560000000000000000e+02,6.157982990695664219e-26,6.157982990695664219e-26,-2.014191532796280118e-28,-6.137841075475024971e-26,0.000000000000000000e+00
0.000000000000000000e+00,2.570000000000000000e+02,4.736316155214884916e-26,4.736316155214884916e-26,-1.750719475222457888e-28,-4.718808960306416015e-26,0.000000000000000000e+00
0.000000000000000000e+00,2.580000000000000000e+02,3.643706710480467098e-26,3.643706710480467098e-26,-1.518001655018765763e-28,-3.628526693760999070e-26,0.000000000000000000e+00
0.000000000000000000e+00,2.590000000000000000e+02,2.804856347761787647e-26,2.804856347761787647e-26,-1.313133736692524890e-28,-2.791725010131712375e-26,0.000000000000000000e+00
0.000000000000000000e+00,2.600000000000000000e+02,2.159988604742402118e-26,2.159988604742402118e-26,-1.133359429030024168e-28,-2.148655010168881206e-26,0.000000000000000000e+00
0.000000000000000000e+00,2.610000000000000000e+02,1.664214041695482033e-26,1.664214041695482033e-26,-9.760918872275751050e-29,-1.654453122995948850e-26,0.000000000000000000e+00
0.000000000000000000e+00,2.620000000000000000e+02,1.283910710737203593e-26,1.283910710737203593e-26,-8.389203916872038074e-29,-1.275521506751611053e-26,0.000000000000000000e+00
0.000000000000000000e+00,2.630000000000000000e+02,9.905840269505269288e-27,9.905840269505269288e-27,-7.196155141490189477e-29,-9.833878721671997661e-27,0.000000000000000000e+00
0.000000000000000000e+00,2.640000000000000000e+02,7.653836085503437330e-27,7.653836085503437330e-27,-6.161352010333526794e-29,-7.592222565279889398e-27,0.000000000000000000e+00
0.000000000000000000e+00,2.650000000000000000e+02,5.917816760513693282e-27,5.917816760513693282e-27,-5.266110456131963735e-29,-5.865155660821262063e-27,0.000000000000000000e+00
0.000000000000000000e+00,2.660000000000000000e+02,4.577496991708371259e-27,4.577496991708371259e-27,-4.493399337257989791e-29,-4.532562993786720059e-27,0.000000000000000000e+00
0.000000000000000000e+00,2.670000000000000000e+02,8.631413328926364263e-27,8.631413328926364263e-27,-4.329877881880746405e-29,-8.588114553861057198e-27,0.000000000000000000e+00
0.000000000000000000e+00,2.680000000000000000e+02,3.491124025912320134e-27,3.491124025912320134e-27,-3.344843664456828818e-29,-3.457675588066451721e-27,0.000000000000000000e+00
0.000000000000000000e+00,2.690000000000000000e+02,3.273026385387669809e-26,3.273026385387669809e-26,-6.690960330355576740e-29,-3.266335424899173508e-26,0.000000000000000000e+00
0.000000000000000000e+00,2.700000000000000000e+02,5.170154935189928291e-26,5.170154935189928291e-26,-9.402848665980916558e-29,-5.160752085987508690e-26,0.000000000000000000e+00
0.000000000000000000e+00,2.710000000000000000e+02,6.309961190854403652e-26,6.309961190854403652e-26,-1.153427703861538222e-28,-6.298426914380677591e-26,0.000000000000000000e+00
0.000000000000000000e+00,2.720000000000000000e+02,6.899478872459716377e-26,6.899478872459716377e-26,-1.314900155001884146e-28,-6.886329871042785537e-26,0.000000000000000000e+00
0.000000000000000000e+00,2.730000000000000000e+02,5.829954234317775096e-26,5.829954234317775096e-26,-1.198853702673001613e-28,-5.817965697174009923e-26,0.000000000000000000e+00
0.000000000000000000e+00,2.740000000000000000e+02,4.918225262130148655e-26,4.918225262130148655e-26,-1.088251317044555592e-28,-4.907342749238552399e-26,0.000000000000000000e+00
0.000000000000000000e+00,2.750000000000000000e+02,4.134342223175106363e-26,4.134342223175106363e-26,-9.850036696915106495e-29,-4.124492186280368414e-26,0.000000000000000000e+00
0.000000000000000000e+00,2.760000000000000000e+02,3.419750610741375082e-26,3.419750610741375082e-26,-8.826472186170344387e-29,-3.410924138806384004e-26,0.000000000000000000e+00
0.000000000000000000e+00,2.770000000000000000e+02,2.830692917642126697e-26,2.830692917642126697e-26,-7.899871486397283636e-29,-2.822793046112713667e-26,0.000000000000000000e+00
0.000000000000000000e+00,2.780000000000000000e+02,2.344697084535606731e-26,2.344697084535606731e-26,-7.062827992914405210e-29,-2.337634256465651528e-26,0.000000000000000000e+00
0.000000000000000000e+00,2.790000000000000000e+02,1.943245594729379506e-26,1.943245594729379506e-26,-6.307948755812157969e-29,-1.936937646336335924e-26,0.000000000000000000e+00
0.000000000000000000e+00,2.800000000000000000e+02,1.611829580774703273e-26,1.611829580774703273e-26,-5.628195959234346164e-29,-1.606201385142559413e-26,0.000000000000000000e+00
0.000000000000000000e+00,2.810000000000000000e+02,1.338026408140585268e-26,1.338026408140585268e-26,-5.017123611105410295e-29,-1.333009284200111851e-26,0.000000000000000000e+00
0.000000000000000000e+00,2.820000000000000000e+02,1.111566498362467766e-26,1.111566498362467766e-26,-4.468504268131932953e-29,-1.107097994224099389e-26,0.000000000000000000e+00
0.000000000000000000e+00,2.830000000000000000e+02,9.234737142856751399e-27,9.234737142856751399e-27,-3.976635156700681719e-29,-9.194970794143348954e-27,0.000000000000000000e+00
0.000000000000000000e+00,2.840000000000000000e+02,7.685957377061690652e-27,7.685957377061690652e-27,-3.536247104043540198e-29,-7.650594907907372670e-27,0.000000000000000000e+00
0.000000000000000000e+00,2.850000000000000000e+02,6.406778228419134427e-27,6.406778228419134427e-27,-3.142351352332015271e-29,-6.375354719335325830e-27,0.000000000000000000e+00
0.000000000000000000e+00,2.860000000000000000e+02,5.329477903312447312e-27,5.329477903312447312e-27,-2.790509182413415925e-29,-5.301572809440197918e-27,0.000000000000000000e+00
0.000000000000000000e+00,2.870000000000000000e+02,4.462764758800543547e-27,4.462764758800543547e-27,-2.476605728227622956e-29,-4.437998702033464451e-27,0.000000000000000000e+00
0.000000000000000000e+00,2.880000000000000000e+02,3.722793109753846703e-27,3.722793109753846703e-27,-2.196773371465734157e-29,-3.700825375029182575e-27,0.000000000000000000e+00
0.000000000000000000e+00,2.890000000000000000e+02,3.174856188240306347e-27,3.174856188240306347e-27,-1.947572430314845168e-29,-3.155380468437464549e-27,0.000000000000000000e+00
0.000000000000000000e+00,2.900000000000000000e+02,1.787376221035022689e-27,1.787376221035022689e-27,-2.304340109036371755e-29,-1.764332818325231832e-27,0.000000000000000000e+00
0.000000000000000000e+00,2.910000000000000000e+02,1.458675741218542615e-27,1.458675741218542615e-27,-2.059152793961991524e-29,-1.438084209828295767e-27,0.000000000000000000e+00
0.000000000000000000e+00,2.920000000000000000e+02,1.193595119145175877e-27,1.193595119145175877e-27,-1.838551104130848706e-29,-1.175209608098540931e-27,0.000000000000000000e+00
0.000000000000000000e+00,2.930000000000000000e+02,9.747221365398079231e-28,9.747221365398079231e-28,-1.640605107242329605e-29,-9.583160902714831021e-28,0.000000000000000000e+00
0.000000000000000000e+00,2.940000000000000000e+02,8.010672385599504389e-28,8.010672385599504389e-28,-1.467444660315056612e-29,-7.863927898860931054e-28,0.000000000000000000e+00
0.000000000000000000e+00,2.950000000000000000e+02,6.583258152663792024e-28,6.583258152663792024e-28,-1.314436998355167221e-29,-6.451814457109646132e-28,0.000000000000000000e+00
0.000000000000000000e+00,2.960000000000000000e+02,5.437504914822393643e-28,5.437504914822393643e-28,-1.176501720920102903e-29,-5.319854789715259897e-28,0.000000000000000000e+00
0.000000000000000000e+00,2.970000000000000000e+02,4.473323657683584415e-28,4.473323657683584415e-28,-1.052311456244064979e-29,-4.368092470525656425e-28,0.000000000000000000e+00
0.000000000000000000e+00,2.980000000000000000e+02,3.713830415590182900e-28,3.713830415590182900e-28,-9.404710461366782663e-30,-3.619783344360554636e-28,0.000000000000000000e+00
0.000000000000000000e+00,2.990000000000000000e+02,3.045991938808926890e-28,3.045991938808926890e-28,-8.399827314705093885e-30,-2.961993647805382078e-28,0.000000000000000000e+00
0.000000000000000000e+00,3.000000000000000000e+02,2.522818124982238287e-28,2.522818124982238287e-28,-7.497102943017709990e-30,-2.447847088925211785e-28,0.000000000000000000e+00
0.000000000000000000e+00,3.010000000000000000e+02,2.085283193545158611e-28,2.085283193545158611e-28,-6.686640280617761351e-30,-2.018416771620667407e-28,0.000000000000000000e+00
0.000000000000000000e+00,3.020000000000000000e+02,1.723785842057120630e-28,1.723785842057120630e-28,-5.959660573144478927e-30,-1.664189203819583621e-28,0.000000000000000000e+00
0.000000000000000000e+00,3.030000000000000000e+02,1.422575213579817911e-28,1.422575213579817911e-28,-5.309302536111903843e-30,-1.369482200023233549e-28,0.000000000000000000e+00
0.000000000000000000e+00,3.040000000000000000e+02,1.187378602470682757e-28,1.187378602470682757e-28,-4.726459683109824979e-30,-1.140113994593611030e-28,0.000000000000000000e+00
0.000000000000000000e+00,3.050000000000000000e+02,9.845571746532508487e-29,9.845571746532508487e-29,-4.205203892536605875e-30,-9.425051563559739369e-29,0.000000000000000000e+00
0.000000000000000000e+00,3.060000000000000000e+02,8.143018981185703321e-29,8.143018981185703321e-29,-3.739421810962201383e-30,-7.769076812064831882e-29,0.000000000000000000e+00
0.000000000000000000e+00,3.070000000000000000e+02,6.707528902695999941e-29,6.707528902695999941e-29,-3.322938073037785675e-30,-6.375234968622502477e-29,0.000000000000000000e+00
0.000000000000000000e+00,3.080000000000000000e+02,5.591568657573367619e-29,5.591568657573367619e-29,-2.951387784467072469e-30,-5.296429523245745661e-29,0.000000000000000000e+00
0.000000000000000000e+00,3.090000000000000000e+02,4.706023059878578469e-29,4.706023059878578469e-29,-2.619710978389069379e-30,-4.444052050311950438e-29,0.000000000000000000e+00
0.000000000000000000e+00,3.100000000000000000e+02,3.842030423820805351e-29,3.842030423820805351e-29,-2.324519424213303646e-30,-3.609578503623665057e-29,0.000000000000000000e+00
0.000000000000000000e+00,3.110000000000000000e+02,3.192667031884191523e-29,3.192667031884191523e-29,-2.061807545960821627e-30,-2.986486601687815988e-29,0.000000000000000000e+00
0.000000000000000000e+00,3.120000000000000000e+02,2.716683677631715739e-29,2.716683677631715739e-29,-1.827458701068932240e-30,-2.533937601886779518e-29,0.000000000000000000e+00
0.000000000000000000e+00,3.130000000000000000e+02,2.212962719208310411e-29,2.212962719208310411e-29,-1.618575181352159340e-30,-2.051105159269576626e-29,0.000000000000000000e+00
0.000000000000000000e+00,3.140000000000000000e+02,1.854643453055065181e-29,1.854643453055065181e-29,-1.434019384152737412e-30,-1.711241718661529704e-29,0.000000000000000000e+00
0.000000000000000000e+00,3.150000000000000000e+02,1.632121507280563951e-29,1.632121507280563951e-29,-1.269252019383505155e-30,-1.505196103561261277e-29,0.000000000000000000e+00
0.000000000000000000e+00,3.160000000000000000e+02,1.371076749646564656e-29,1.371076749646564656e-29,-1.123170835909930097e-30,-1.258759524555439166e-29,0.000000000000000000e+00
0.000000000000000000e+00,3.170000000000000000e+02,1.071085475565302105e-29,1.071085475565302105e-29,-9.932754690857369192e-31,-9.717580460959609002e-30,0.000000000000000000e+00
0.000000000000000000e+00,3.180000000000000000e+02,9.118604211193026232e-30,9.118604211193026232e-30,-8.785860940436633514e-31,-8.240019044687874076e-30,0.000000000000000000e+00
0.000000000000000000e+00,3.190000000000000000e+02,7.606075129368510554e-30,7.606075129368510554e-30,-7.766643215056872889e-31,-6.829407768107900436e-30,0.000000000000000000e+00
0.000000000000000000e+00,3.200000000000000000e+02,7.237614638351851285e-30,7.237614638351851285e-30,-6.864376785479184633e-31,-6.551177094985783167e-30,0.000000000000000000e+00
0.000000000000000000e+00,3.210000000000000000e+02,5.224349789517730496e-30,5.224349789517730496e-30,-6.065309932675802513e-31,-4.617820283250504035e-30,0.000000000000000000e+00
0.000000000000000000e+00,3.220000000000000000e+02,5.889247010162042624e-30,5.889247010162042624e-30,-5.358032371755584597e-31,-5.353441262571361190e-30,0.000000000000000000e+00
0.000000000000000000e+00,3.230000000000000000e+02,3.182767751970041130e-30,3.182767751970041130e-30,-4.729792806525131191e-31,-2.709789450283917055e-30,0.000000000000000000e+00
0.000000000000000000e+00,3.240000000000000000e+02,4.930609361812219768e-30,4.930609361812219768e-30,-4.178499885597535594e-31,-4.512760804784180319e-30,0.000000000000000000e+00
0.000000000000000000e+00,3.250000000000000000e+02,2.277869567599698365e-29,2.277869567599698365e-29,-3.687693844834324729e-31,-2.240992222136436145e-29,0.000000000000000000e+00
0.000000000000000000e+00,3.260000000000000000e+02,1.281345266125132853e-32,1.281345266125132853e-32,-1.413818887687996756e-32,1.330095367842434761e-33,0.000000000000000000e+00
0.000000000000000000e+00,3.270000000000000000e+02,1.801346351109686534e-32,1.801346351109686534e-32,-1.259931873283378653e-32,-5.416677968589100837e-33,0.000000000000000000e+00
0.000000000000000000e+00,3.280000000000000000e+02,2.995422916629772763e-32,2.995422916629772763e-32,-1.093937193596894062e-32,-1.901253966974774394e-32,0.000000000000000000e+00
0.000000000000000000e+00,3.290000000000000000e+02,1.761624046006699794e-32,1.761624046006699794e-32,-1.005807994392847060e-32,-7.559275031719900723e-33,0.000000000000000000e+00
0.000000000000000000e+00,3.300000000000000000e+02,2.008985673238935399e-32,2.008985673238935399e-32,-8.951206545203372655e-33,-1.114030102206491739e-32,0.000000000000000000e+00
0.000000000000000000e+00,3.310000000000000000e+02,1.488382735146760708e-32,1.488382735146760708e-32,-7.949323893789905844e-33,-6.933347799794049071e-33,0.000000000000000000e+00
0.000000000000000000e+00,3.320000000000000000e+02,2.135374825839347752e-32,2.135374825839347752e-32,-7.083478264861225312e-33,-1.426993718169417565e-32,0.000000000000000000e+00
0.000000000000000000e+00,3.330000000000000000e+02,2.415838373990738973e-32,2.415838373990738973e-32,-6.169347736104580792e-33,-1.798938938679202489e-32,0.000000000000000000e+00
0.000000000000000000e+00,3.340000000000000000e+02,-7.402793223738437810e-34,-7.402793223738437810e-34,-5.705518971105214795e-33,6.445846782621029996e-33,0.000000000000000000e+00
0.000000000000000000e+00,3.350000000000000000e+02,-4.520372335963694477e-20,-4.520372335963694477e-20,-2.393894245449588510e-35,4.520372335963696884e-20,0.000000000000000000e+00
0.000000000000000000e+00,3.360000000000000000e+02,-2.232694473341665264e-31,-2.232694473341665264e-31,-2.738308212768764638e-33,2.260018604427659172e-31,0.000000000000000000e+00
0.000000000000000000e+00,3.370000000000000000e+02,-4.539421101495351761e-20,-4.539421101495351761e-20,-2.435822659575480978e-34,4.539421101495375836e-20,0.000000000000000000e+00
0.000000000000000000e+00,3.380000000000000000e+02,-8.681731077433086619e-32,-8.681731077433086619e-32,-1.546317268100624853e-33,8.836407326091686498e-32,0.000000000000000000e+00
0.000000000000000000e+00,3.390000000000000000e+02,-4.558413588454700594e-20,-4.558413588454700594e-20,-8.683942476180571047e-34,4.558413588454787261e-20,0.000000000000000000e+00
0.000000000000000000e+00,3.400000000000000000e+02,-6.088947889801770352e-32,-6.088947889801770352e-32,-7.873791769593850497e-34,6.167188793792501808e-32,0.000000000000000000e+00
0.000000000000000000e+00,3.410000000000000000e+02,-4.577350214177420452e-20,-4.577350214177420452e-20,-2.148626614466548958e-33,4.577350214177635313e-20,0.000000000000000000e+00
0.000000000000000000e+00,3.420000000000000000e+02,-5.016445652021128386e-32,-5.016445652021128386e-32,-1.050281427256666707e-33,5.121769945854805347e-32,0.000000000000000000e+00
0.000000000000000000e+00,3.430000000000000000e+02,-4.596231391565828874e-20,-4.596231391565828874e-20,-1.767773791639820444e-33,4.596231391566005819e-20,0.000000000000000000e+00
0.000000000000000000e+00,3.440000000000000000e+02,-3.541363870552792026e-31,-3.541363870552792026e-31,-4.778283884388809562e-33,3.589151007297900316e-31,0.000000000000000000e+00
0.000000000000000000e+00,3.450000000000000000e+02,-4.615057529142132830e-20,-4.615057529142132830e-20,-1.307924809701957155e-33,4.615057529142263432e-20,0.000000000000000000e+00
0.000000000000000000e+00,3.460000000000000000e+02,-4.056128833501042909e-31,-4.056128833501042909e-31,-6.859728057969987732e-33,4.124740087769838186e-31,0.000000000000000000e+00
0.000000000000000000e+00,3.470000000000000000e+02,-4.633829031102386646e-20,-4.633829031102386646e-20,-9.699128784909469096e-34,4.633829031102483544e-20,0.000000000000000000e+00
0.000000000000000000e+00,3.480000000000000000e+02,-4.963903875725814108e-31,-4.963903875725814108e-31,-7.838614366461524279e-33,5.042325335648831868e-31,0.000000000000000000e+00
0.000000000000000000e+00,3.490000000000000000e+02,-4.652546297366791889e-20,-4.652546297366791889e-20,-2.174892301051703708e-34,4.652546297366813555e-20,0.000000000000000000e+00
0.000000000000000000e+00,3.500000000000000000e+02,-4.939348268934876851e-31,-4.939348268934876851e-31,-8.069657781115644889e-33,5.020056770666854453e-31,0.000000000000000000e+00
0.000000000000000000e+00,3.510000000000000000e+02,-4.671209723641709895e-20,-4.671209723641709895e-20,-1.602485326918790806e-34,4.671209723641726145e-20,0.000000000000000000e+00
0.000000000000000000e+00,3.520000000000000000e+02,-4.485490840477872302e-31,-4.485490840477872302e-31,-7.864738259040611091e-33,4.564153041643938466e-31,0.000000000000000000e+00
0.000000000000000000e+00,3.530000000000000000e+02,-4.689819701457168057e-20,-4.689819701457168057e-20,-1.182899965232467919e-34,4.689819701457180094e-20,0.000000000000000000e+00
0.000000000000000000e+00,3.540000000000000000e+02,-4.488801032569787863e-31,-4.488801032569787863e-31,-7.370287131518355241e-33,4.562528038253361736e-31,0.000000000000000000e+00
0.000000000000000000e+00,3.550000000000000000e+02,-4.708376618227510365e-20,-4.708376618227510365e-20,-8.750306479124181816e-35,4.708376618227519393e-20,0.000000000000000000e+00
0.000000000000000000e+00,3.560000000000000000e+02,-3.581086175655778765e-31,-3.581086175655778765e-31,-6.728299708024394086e-33,3.648373353087807818e-31,0.000000000000000000e+00
0.000000000000000000e+00,3.570000000000000000e+02,-4.726880857299812878e-20,-4.726880857299812878e-20,-6.485790080661971325e-35,4.726880857299819498e-20,0.000000000000000000e+00
0.000000000000000000e+00,3.580000000000000000e+02,-4.905885236151148628e-31,-4.905885236151148628e-31,-6.027323773954262751e-33,4.966190917534773950e-31,0.000000000000000000e+00
0.000000000000000000e+00,3.590000000000000000e+02,-4.745332798004062625e-20,-4.745332798004062625e-20,-4.817175849669734208e-35,4.745332798004067440e-20,0.000000000000000000e+00
0.000000000000000000e+00,3.600000000000000000e+02,-3.488761908946715647e-31,-3.488761908946715647e-31,-5.319073733904449249e-33,3.541965723660413037e-31,0.000000000000000000e+00
0.000000000000000000e+00,3.610000000000000000e+02,-4.763732815702755718e-20,-4.763732815702755718e-20,-3.585551643595682471e-35,4.763732815702759329e-20,0.000000000000000000e+00
0.000000000000000000e+00,3.620000000000000000e+02,-2.098541415652941866e-31,-2.098541415652941866e-31,-4.652508192902732590e-33,2.145064660872046032e-31,0.000000000000000000e+00
0.000000000000000000e+00,3.630000000000000000e+02,-4.782081281839986899e-20,-4.782081281839986899e-20,-2.674249648120704081e-35,4.782081281839989306e-20,0.000000000000000000e+00
0.000000000000000000e+00,3.640000000000000000e+02,-2.096254373843982024e-32,-2.096254373843982024e-32,-4.020665285656367776e-33,2.498292249734817508e-32,0.000000000000000000e+00
0.000000000000000000e+00,3.650000000000000000e+02,-4.800378563989927002e-20,-4.800378563989927002e-20,-1.998634269985594335e-35,4.800378563989928808e-20,0.000000000000000000e+00
0.000000000000000000e+00,3.660000000000000000e+02,-6.528902511472729542e-32,-6.528902511472729542e-32,-3.458733435557219983e-33,6.874968048354810984e-32,0.000000000000000000e+00
0.000000000000000000e+00,3.670000000000000000e+02,-4.818625025904796063e-20,-4.818625025904796063e-20,-1.497138992566035927e-35,4.818625025904797267e-20,0.000000000000000000e+00
0.000000000000000000e+00,3.680000000000000000e+02,-1.638244158944392498e-32,-1.638244158944392498e-32,-2.137354358326132484e-33,1.851902012149851475e-32,0.000000000000000000e+00
0.000000000000000000e+00,3.690000000000000000e+02,-4.836821027562234574e-20,-4.836821027562234574e-20,-1.123772599386106858e-35,4.836821027562235778e-20,0.000000000000000000e+00
0.000000000000000000e+00,3.700000000000000000e+02,-3.685146577963451603e-32,-3.685146577963451603e-32,-7.854124279736655099e-34,3.763989335061804070e-32,0.000000000000000000e+00
0.000000000000000000e+00,3.710000000000000000e+02,-4.854966925212161965e-20,-4.854966925212161965e-20,-8.454743118289302901e-36,4.854966925212162567e-20,0.000000000000000000e+00
0.000000000000000000e+00,3.720000000000000000e+02,1.715281356719881932e-33,1.715281356719881932e-33,-1.369744792295670519e-35,-1.697225763491251596e-33,0.000000000000000000e+00
0.000000000000000000e+00,3.730000000000000000e+02,-4.873063071423028406e-20,-4.873063071423028406e-20,-6.372648749395326153e-36,4.873063071423029008e-20,0.000000000000000000e+00
0.000000000000000000e+00,3.740000000000000000e+02,-5.476863279351201957e-34,-5.476863279351201957e-34,-6.325188164980876294e-35,6.078716386972213161e-34,0.000000000000000000e+00
0.000000000000000000e+00,3.750000000000000000e+02,-4.891109815127558662e-20,-4.891109815127558662e-20,-4.816588102494323064e-36,4.891109815127559264e-20,0.000000000000000000e+00
0.000000000000000000e+00,3.760000000000000000e+02,8.474091755303837753e-33,8.474091755303837753e-33,-1.133411653062849615e-34,-8.359739664855845625e-33,0.000000000000000000e+00
0.000000000000000000e+00,3.770000000000000000e+02,-4.909107501667916948e-20,-4.909107501667916948e-20,-3.646971223426146993e-36,4.909107501667917550e-20,0.000000000000000000e+00
0.000000000000000000e+00,3.780000000000000000e+02,3.400470058058713303e-33,3.400470058058713303e-33,-1.585315762557092769e-34,-3.243988250077250390e-33,0.000000000000000000e+00
0.000000000000000000e+00,3.790000000000000000e+02,-4.927056472840321098e-20,-4.927056472840321098e-20,-2.766819828247959222e-36,4.927056472840321098e-20,0.000000000000000000e+00
0.000000000000000000e+00,3.800000000000000000e+02,9.996780117584996100e-33,9.996780117584996100e-33,-1.989920918110124129e-34,-9.798168592070062402e-33,0.000000000000000000e+00
0.000000000000000000e+00,3.810000000000000000e+02,-4.944957066939116271e-20,-4.944957066939116271e-20,-2.105604255910422499e-36,4.944957066939116271e-20,0.000000000000000000e+00
0.000000000000000000e+00,3.820000000000000000e+02,2.046300565911438094e-32,2.046300565911438094e-32,-2.322894386659922344e-34,-2.023430147821839668e-32,0.000000000000000000e+00
0.000000000000000000e+00,3.830000000000000000e+02,-4.962809618800298557e-20,-4.962809618800298557e-20,-1.604549788872422448e-36,4.962809618800298557e-20,0.000000000000000000e+00
0.000000000000000000e+00,3.840000000000000000e+02,1.654494192850159800e-32,1.654494192850159800e-32,-2.582414151962712869e-34,-1.628614509222456318e-32,0.000000000000000000e+00
0.000000000000000000e+00,3.850000000000000000e+02,-4.980614459844493911e-20,-4.980614459844493911e-20,-1.223983492793706868e-36,4.980614459844493911e-20,0.000000000000000000e+00
0.000000000000000000e+00,3.860000000000000000e+02,1.263891526004123529e-34,1.263891526004123529e-34,-5.319111937470850974e-37,-1.263891526004123529e-34,0.000000000000000000e+00
0.000000000000000000e+00,3.870000000000000000e+02,-4.998371918119395419e-20,-4.998371918119395419e-20,-9.330486409651907095e-37,4.998371918119395419e-20,0.000000000000000000e+00
0.000000000000000000e+00,3.880000000000000000e+02,3.009265538105056020e-35,3.009265538105056020e-35,-4.202392304189677841e-37,-2.407412430484044816e-35,0.000000000000000000e+00
0.000000000000000000e+00,3.890000000000000000e+02,-5.016082318341672129e-20,-5.016082318341672129e-20,-7.199902898786510986e-37,5.016082318341672129e-20,0.000000000000000000e+00
0.000000000000000000e+00,3.900000000000000000e+02,1.805559322863033612e-34,1.805559322863033612e-34,-1.792628885003988450e-37,-1.805559322863033612e-34,0.000000000000000000e+00
0.000000000000000000e+00,3.910000000000000000e+02,-5.033745981938326599e-20,-5.033745981938326599e-20,-5.466048731323636912e-37,5.033745981938326599e-20,0.000000000000000000e+00
0.000000000000000000e+00,3.920000000000000000e+02,-1.083335593717820167e-34,-1.083335593717820167e-34,-2.586087571809032518e-37,1.083335593717820167e-34,0.000000000000000000e+00
0.000000000000000000e+00,3.930000000000000000e+02,-5.051363227087547478e-20,-5.051363227087547478e-20,-4.231779662960235029e-37,5.051363227087547478e-20,0.000000000000000000e+00
0.000000000000000000e+00,3.940000000000000000e+02,7.824090399073145653e-35,7.824090399073145653e-35,-1.822016243774545637e-37,-7.824090399073145653e-35,0.000000000000000000e+00
0.000000000000000000e+00,3.950000000000000000e+02,-5.068934368759015006e-20,-5.068934368759015006e-20,-3.291384182302405022e-37,5.068934368759015006e-20,0.000000000000000000e+00
0.000000000000000000e+00,3.960000000000000000e+02,9.027796614315168061e-35,9.027796614315168061e-35,-2.057115113939003139e-37,-9.027796614315168061e-35,0.000000000000000000e+00
0.000000000000000000e+00,3.970000000000000000e+02,-5.086459718753694343e-20,-5.086459718753694343e-20,-2.527312854267918142e-37,5.086459718753694343e-20,0.000000000000000000e+00
0.000000000000000000e+00,3.980000000000000000e+02,1.263891526004123529e-34,1.263891526004123529e-34,-1.968953037627331576e-37,-1.263891526004123529e-34,0.000000000000000000e+00
0.000000000000000000e+00,3.990000000000000000e+02,-5.103939585743117910e-20,-5.103939585743117910e-20,-1.880790961315660013e-37,5.103939585743117910e-20,0.000000000000000000e+00
0.000000000000000000e+00,4.000000000000000000e+02,-3.009265538105056020e-35,-3.009265538105056020e-35,-9.110081218872728187e-38,3.009265538105056020e-35,0.000000000000000000e+00
0.000000000000000000e+00,4.010000000000000000e+02,-5.121374275308142935e-20,-5.121374275308142935e-20,-1.557530014839530948e-37,5.121374275308142935e-20,0.000000000000000000e+00
0.000000000000000000e+00,4.020000000000000000e+02,3.611118645726067224e-35,3.611118645726067224e-35,-4.408103815583578155e-38,-3.611118645726067224e-35,0.000000000000000000e+00
0.000000000000000000e+00,4.030000000000000000e+02,-5.138764089977204023e-20,-5.138764089977204023e-20,-1.234269068363401883e-37,5.138764089977204023e-20,0.000000000000000000e+00
0.000000000000000000e+00,4.040000000000000000e+02,1.805559322863033612e-35,1.805559322863033612e-35,-5.877471754111437540e-38,-1.805559322863033612e-35,0.000000000000000000e+00
0.000000000000000000e+00,4.050000000000000000e+02,-5.156109329264083657e-20,-5.156109329264083657e-20,-9.110081218872728187e-38,5.156109329264083657e-20,0.000000000000000000e+00
0.000000000000000000e+00,4.060000000000000000e+02,-1.805559322863033612e-35,-1.805559322863033612e-35,-5.877471754111437540e-38,1.805559322863033612e-35,0.000000000000000000e+00
0.000000000000000000e+00,4.070000000000000000e+02,-5.173410289705144637e-20,-5.173410289705144637e-20,-7.346839692639296925e-38,5.173410289705144637e-20,0.000000000000000000e+00
0.000000000000000000e+00,4.080000000000000000e+02,6.018531076210112041e-36,6.018531076210112041e-36,-2.644862289350146893e-38,-6.018531076210112041e-36,0.000000000000000000e+00
0.000000000000000000e+00,4.090000000000000000e+02,-5.190667264896105707e-20,-5.190667264896105707e-20,-5.583598166405865663e-38,5.190667264896105707e-20,0.000000000000000000e+00
0.000000000000000000e+00,4.100000000000000000e+02,-6.018531076210112041e-36,-6.018531076210112041e-36,-2.938735877055718770e-38,6.018531076210112041e-36,0.000000000000000000e+00
0.000000000000000000e+00,4.110000000000000000e+02,-5.207880545528312241e-20,-5.207880545528312241e-20,-4.114230227878006278e-38,5.207880545528312241e-20,0.000000000000000000e+00
0.000000000000000000e+00,4.120000000000000000e+02,-3.009265538105056020e-35,-3.009265538105056020e-35,-2.938735877055718770e-38,3.009265538105056020e-35,0.000000000000000000e+00
0.000000000000000000e+00,4.130000000000000000e+02,-5.225050419424527234e-20,-5.225050419424527234e-20,-2.938735877055718770e-38,5.225050419424527234e-20,0.000000000000000000e+00
0.000000000000000000e+00,4.140000000000000000e+02,1.805559322863033612e-35,1.805559322863033612e-35,-2.057115113939003139e-38,-1.805559322863033612e-35,0.000000000000000000e+00
0.000000000000000000e+00,4.150000000000000000e+02,-5.242177171574244439e-20,-5.242177171574244439e-20,-2.350988701644575016e-38,5.242177171574244439e-20,0.000000000000000000e+00
0.000000000000000000e+00,4.160000000000000000e+02,2.407412430484044816e-35,2.407412430484044816e-35,-5.877471754111437540e-39,-2.407412430484044816e-35,0.000000000000000000e+00
0.000000000000000000e+00,4.170000000000000000e+02,-5.259261084168523621e-20,-5.259261084168523621e-20,-2.057115113939003139e-38,5.259261084168523621e-20,0.000000000000000000e+00
0.000000000000000000e+00,4.180000000000000000e+02,-6.018531076210112041e-36,-6.018531076210112041e-36,-1.175494350822287508e-38,6.018531076210112041e-36,0.000000000000000000e+00
0.000000000000000000e+00,4.190000000000000000e+02,-5.276302436634375029e-20,-5.276302436634375029e-20,-1.763241526233431262e-38,5.276302436634375029e-20,0.000000000000000000e+00
0.000000000000000000e+00,4.200000000000000000e+02,6.018531076210112041e-36,6.018531076210112041e-36,-8.816207631167156310e-39,-6.018531076210112041e-36,0.000000000000000000e+00
0.000000000000000000e+00,4.210000000000000000e+02,-5.293301505668649138e-20,-5.293301505668649138e-20,-2.350988701644575016e-38,5.293301505668649138e-20,0.000000000000000000e+00
0.000000000000000000e+00,4.220000000000000000e+02,6.018531076210112041e-36,6.018531076210112041e-36,-5.877471754111437540e-39,-6.018531076210112041e-36,0.000000000000000000e+00
0.000000000000000000e+00,4.230000000000000000e+02,-5.310258565271523162e-20,-5.310258565271523162e-20,-1.469367938527859385e-38,5.310258565271523162e-20,0.000000000000000000e+00
0.000000000000000000e+00,4.240000000000000000e+02,0.000000000000000000e+00,0.000000000000000000e+00,-8.816207631167156310e-39,0.000000000000000000e+00,0.000000000000000000e+00
0.000000000000000000e+00,4.250000000000000000e+02,-5.327173886779459124e-20,-5.327173886779459124e-20,-1.175494350822287508e-38,5.327173886779459124e-20,0.000000000000000000e+00
0.000000000000000000e+00,4.260000000000000000e+02,-6.018531076210112041e-36,-6.018531076210112041e-36,-1.175494350822287508e-38,6.018531076210112041e-36,0.000000000000000000e+00
0.000000000000000000e+00,4.270000000000000000e+02,-5.344047738897808652e-20,-5.344047738897808652e-20,0.000000000000000000e+00,5.344047738897808652e-20,0.000000000000000000e+00
0.000000000000000000e+00,4.280000000000000000e+02,1.203706215242022408e-35,1.203706215242022408e-35,0.000000000000000000e+00,-1.203706215242022408e-35,0.000000000000000000e+00
0.000000000000000000e+00,4.290000000000000000e+02,-5.360880387732881514e-20,-5.360880387732881514e-20,0.000000000000000000e+00,5.360880387732881514e-20,0.000000000000000000e+00
0.000000000000000000e+00,4.300000000000000000e+02,1.203706215242022408e-35,1.203706215242022408e-35,5.877471754111437540e-39,-1.203706215242022408e-35,0.000000000000000000e+00
0.000000000000000000e+00,4.310000000000000000e+02,-5.377672096823657865e-20,-5.377672096823657865e-20,5.877471754111437540e-39,5.377672096823657865e-20,0.000000000000000000e+00
0.000000000000000000e+00,4.320000000000000000e+02,-1.203706215242022408e-35,-1.203706215242022408e-35,0.000000000000000000e+00,1.203706215242022408e-35,0.000000000000000000e+00
0.000000000000000000e+00,4.330000000000000000e+02,-5.394423127173026221e-20,-5.394423127173026221e-20,5.877471754111437540e-39,5.394423127173026221e-20,0.000000000000000000e+00
0.000000000000000000e+00,4.340000000000000000e+02,0.000000000000000000e+00,0.000000000000000000e+00,-5.877471754111437540e-39,0.000000000000000000e+00,0.000000000000000000e+00
0.000000000000000000e+00,4.350000000000000000e+02,-5.411133737278609182e-20,-5.411133737278609182e-20,5.877471754111437540e-39,5.411133737278609182e-20,0.000000000000000000e+00
0.000000000000000000e+00,4.360000000000000000e+02,-6.018531076210112041e-36,-6.018531076210112041e-36,-5.877471754111437540e-39,6.018531076210112041e-36,0.000000000000000000e+00
0.000000000000000000e+00,4.370000000000000000e+02,-5.427804183163164226e-20,-5.427804183163164226e-20,-1.763241526233431262e-38,5.427804183163164226e-20,0.000000000000000000e+00
0.000000000000000000e+00,4.380000000000000000e+02,0.000000000000000000e+00,0.000000000000000000e+00,5.877471754111437540e-39,0.000000000000000000e+00,0.000000000000000000e+00
0.000000000000000000e+00,4.390000000000000000e+02,-5.444434718404578870e-20,-5.444434718404578870e-20,0.000000000000000000e+00,5.444434718404578870e-20,0.000000000000000000e+00
0.000000000000000000e+00,4.400000000000000000e+02,0.000000000000000000e+00,0.000000000000000000e+00,-5.877471754111437540e-39,0.000000000000000000e+00,0.000000000000000000e+00
0.000000000000000000e+00,4.410000000000000000e+02,-5.461025594165454760e-20,-5.461025594165454760e-20,1.175494350822287508e-38,5.461025594165454760e-20,0.000000000000000000e+00
0.000000000000000000e+00,4.420000000000000000e+02,-1.203706215242022408e-35,-1.203706215242022408e-35,0.000000000000000000e+00,1.203706215242022408e-35,0.000000000000000000e+00
0.000000000000000000e+00,4.430000000000000000e+02,-5.477577059222287912e-20,-5.477577059222287912e-20,-5.877471754111437540e-39,5.477577059222287912e-20,0.000000000000000000e+00
0.000000000000000000e+00,4.440000000000000000e+02,0.000000000000000000e+00,0.000000000000000000e+00,0.000000000000000000e+00,0.000000000000000000e+00,0.000000000000000000e+00
0.000000000000000000e+00,4.450000000000000000e+02,-5.494089359994236094e-20,-5.494089359994236094e-20,5.877471754111437540e-39,5.494089359994236094e-20,0.000000000000000000e+00
0.000000000000000000e+00,4.460000000000000000e+02,-1.203706215242022408e-35,-1.203706215242022408e-35,5.877471754111437540e-39,1.203706215242022408e-35,0.000000000000000000e+00
0.000000000000000000e+00,4.470000000000000000e+02,-5.510562740571515450e-20,-5.510562740571515450e-20,0.000000000000000000e+00,5.510562740571515450e-20,0.000000000000000000e+00
0.000000000000000000e+00,4.480000000000000000e+02,0.000000000000000000e+00,0.000000000000000000e+00,-5.877471754111437540e-39,0.000000000000000000e+00,0.000000000000000000e+00
0.000000000000000000e+00,4.490000000000000000e+02,-5.526997442743411959e-20,-5.526997442743411959e-20,1.175494350822287508e-38,5.526997442743411959e-20,0.000000000000000000e+00
0.000000000000000000e+00,4.500000000000000000e+02,1.203706215242022408e-35,1.203706215242022408e-35,0.000000000000000000e+00,-1.203706215242022408e-35,0.000000000000000000e+00
0.000000000000000000e+00,4.510000000000000000e+02,-5.543393706025867963e-20,-5.543393706025867963e-20,5.877471754111437540e-39,5.543393706025867963e-20,0.000000000000000000e+00
0.000000000000000000e+00,4.520000000000000000e+02,0.000000000000000000e+00,0.000000000000000000e+00,0.000000000000000000e+00,0.000000000000000000e+00,0.000000000000000000e+00
0.000000000000000000e+00,4.530000000000000000e+02,-5.559751767688755749e-20,-5.559751767688755749e-20,0.000000000000000000e+00,5.559751767688755749e-20,0.000000000000000000e+00
0.000000000000000000e+00,4.540000000000000000e+02,1.203706215242022408e-35,1.203706215242022408e-35,0.000000000000000000e+00,-1.203706215242022408e-35,0.000000000000000000e+00
0.000000000000000000e+00,4.550000000000000000e+02,-5.576071862782717788e-20,-5.576071862782717788e-20,-5.877471754111437540e-39,5.576071862782717788e-20,0.000000000000000000e+00
0.000000000000000000e+00,4.560000000000000000e+02,-1.203706215242022408e-35,-1.203706215242022408e-35,0.000000000000000000e+00,1.203706215242022408e-35,0.000000000000000000e+00
0.000000000000000000e+00,4.570000000000000000e+02,-5.592354224165677163e-20,-5.592354224165677163e-20,5.877471754111437540e-39,5.592354224165677163e-20,0.000000000000000000e+00
0.000000000000000000e+00,4.580000000000000000e+02,-1.203706215242022408e-35,-1.203706215242022408e-35,0.000000000000000000e+00,1.203706215242022408e-35,0.000000000000000000e+00
0.000000000000000000e+00,4.590000000000000000e+02,-5.608599082528970025e-20,-5.608599082528970025e-20,-5.877471754111437540e-39,5.608599082528970025e-20,0.000000000000000000e+00
0.000000000000000000e+00,4.600000000000000000e+02,0.000000000000000000e+00,0.000000000000000000e+00,0.000000000000000000e+00,0.000000000000000000e+00,0.000000000000000000e+00
0.000000000000000000e+00,4.610000000000000000e+02,-5.629632302417910666e-20,-5.629632302417910666e-20,4.825635994767039447e-23,5.624806666423143432e-20,0.000000000000000000e+00
0.000000000000000000e+00,4.620000000000000000e+02,-1.203706215242022408e-35,-1.203706215242022408e-35,-2.762411724432375644e-37,1.203706215242022408e-35,0.000000000000000000e+00
0.000000000000000000e+00,4.630000000000000000e+02,-5.645951785229456009e-20,-5.645951785229456009e-20,4.974582946114283293e-23,5.640977202283341508e-20,0.000000000000000000e+00
0.000000000000000000e+00,4.640000000000000000e+02,0.000000000000000000e+00,0.000000000000000000e+00,-1.763241526233431262e-37,0.000000000000000000e+00,0.000000000000000000e+00
0.000000000000000000e+00,4.650000000000000000e+02,-5.662237869872818335e-20,-5.662237869872818335e-20,5.126955418387315888e-23,5.657110914454431610e-20,0.000000000000000000e+00
0.000000000000000000e+00,4.660000000000000000e+02,0.000000000000000000e+00,0.000000000000000000e+00,4.643202685748035656e-37,0.000000000000000000e+00,0.000000000000000000e+00
0.000000000000000000e+00,4.670000000000000000e+02,-5.678490826703930815e-20,-5.678490826703930815e-20,5.282801488225820420e-23,5.673208025215705580e-20,0.000000000000000000e+00
0.000000000000000000e+00,4.680000000000000000e+02,0.000000000000000000e+00,0.000000000000000000e+00,-1.645692091151202511e-37,0.000000000000000000e+00,0.000000000000000000e+00
0.000000000000000000e+00,4.690000000000000000e+02,-5.694710924126963940e-20,-5.694710924126963940e-20,5.442169321659354358e-23,5.689268754805304149e-20,0.000000000000000000e+00
0.000000000000000000e+00,4.700000000000000000e+02,1.203706215242022408e-35,1.203706215242022408e-35,-4.701977403289150032e-38,-1.203706215242022408e-35,0.000000000000000000e+00
0.000000000000000000e+00,4.710000000000000000e+02,-5.710898428611037774e-20,-5.710898428611037774e-20,5.605107166780459080e-23,5.705293321444257358e-20,0.000000000000000000e+00
0.000000000000000000e+00,4.720000000000000000e+02,-1.203706215242022408e-35,-1.203706215242022408e-35,-3.761581922631320025e-37,1.203706215242022408e-35,0.000000000000000000e+00
0.000000000000000000e+00,4.730000000000000000e+02,-5.727053604706703097e-20,-5.727053604706703097e-20,5.771663346460994179e-23,5.721281941360242109e-20,0.000000000000000000e+00
0.000000000000000000e+00,4.740000000000000000e+02,1.203706215242022408e-35,1.203706215242022408e-35,-1.880790961315660013e-37,-1.203706215242022408e-35,0.000000000000000000e+00
0.000000000000000000e+00,4.750000000000000000e+02,-5.743176715062099964e-20,-5.743176715062099964e-20,5.941886251113817652e-23,5.737234828810985821e-20,0.000000000000000000e+00
0.000000000000000000e+00,4.760000000000000000e+02,0.000000000000000000e+00,0.000000000000000000e+00,1.175494350822287508e-37,0.000000000000000000e+00,0.000000000000000000e+00
0.000000000000000000e+00,4.770000000000000000e+02,-5.759268020438855047e-20,-5.759268020438855047e-20,6.115824331501917844e-23,5.753152196107353518e-20,0.000000000000000000e+00
0.000000000000000000e+00,4.780000000000000000e+02,-1.203706215242022408e-35,-1.203706215242022408e-35,-3.526483052466862524e-38,1.203706215242022408e-35,0.000000000000000000e+00
0.000000000000000000e+00,4.790000000000000000e+02,-5.775327779727741857e-20,-5.775327779727741857e-20,6.293526091597119527e-23,5.769034253636144823e-20,0.000000000000000000e+00
0.000000000000000000e+00,4.800000000000000000e+02,0.000000000000000000e+00,0.000000000000000000e+00,1.175494350822287508e-37,0.000000000000000000e+00,0.000000000000000000e+00
0.000000000000000000e+00,4.810000000000000000e+02,-5.791356249964025587e-20,-5.791356249964025587e-20,6.475040081490206097e-23,5.784881209882535852e-20,0.000000000000000000e+00
0.000000000000000000e+00,4.820000000000000000e+02,-1.203706215242022408e-35,-1.203706215242022408e-35,-3.526483052466862524e-38,1.203706215242022408e-35,0.000000000000000000e+00
0.000000000000000000e+00,4.830000000000000000e+02,-5.807353686342621389e-20,-5.807353686342621389e-20,6.660414890354469161e-23,5.800693271452267131e-20,0.000000000000000000e+00
0.000000000000000000e+00,4.840000000000000000e+02,0.000000000000000000e+00,0.000000000000000000e+00,0.000000000000000000e+00,0.000000000000000000e+00,0.000000000000000000e+00
0.000000000000000000e+00,4.850000000000000000e+02,-5.823320342232957733e-20,-5.823320342232957733e-20,6.849699139464427608e-23,5.816470643093493278e-20,0.000000000000000000e+00
0.000000000000000000e+00,4.860000000000000000e+02,1.203706215242022408e-35,1.203706215242022408e-35,7.052966104933725048e-38,-1.203706215242022408e-35,0.000000000000000000e+00
0.000000000000000000e+00,4.870000000000000000e+02,-5.839256469193613479e-20,-5.839256469193613479e-20,7.042941475271475865e-23,5.832213527718342577e-20,0.000000000000000000e+00
0.000000000000000000e+00,4.880000000000000000e+02,-1.203706215242022408e-35,-1.203706215242022408e-35,-7.052966104933725048e-38,1.203706215242022408e-35,0.000000000000000000e+00
0.000000000000000000e+00,4.890000000000000000e+02,-5.855162316986729849e-20,-5.855162316986729849e-20,7.240190562538069422e-23,5.847922126424191284e-20,0.000000000000000000e+00
0.000000000000000000e+00,4.900000000000000000e+02,0.000000000000000000e+00,0.000000000000000000e+00,-9.403954806578300064e-38,0.000000000000000000e+00,0.000000000000000000e+00
0.000000000000000000e+00,4.910000000000000000e+02,-5.871038133592185273e-20,-5.871038133592185273e-20,7.441495077532217927e-23,5.863596638514652655e-20,0.000000000000000000e+00
0.000000000000000000e+00,4.920000000000000000e+02,-1.203706215242022408e-35,-1.203706215242022408e-35,-1.410593220986745010e-37,1.203706215242022408e-35,0.000000000000000000e+00
0.000000000000000000e+00,4.930000000000000000e+02,-5.886884165221546343e-20,-5.886884165221546343e-20,7.646903701283535377e-23,5.879237261520262634e-20,0.000000000000000000e+00
0.000000000000000000e+00,4.940000000000000000e+02,0.000000000000000000e+00,0.000000000000000000e+00,4.701977403289150032e-38,0.000000000000000000e+00,0.000000000000000000e+00
0.000000000000000000e+00,4.950000000000000000e+02,-5.902700656331805712e-20,-5.902700656331805712e-20,7.856465112902613034e-23,5.894844191218903139e-20,0.000000000000000000e+00
0.000000000000000000e+00,4.960000000000000000e+02,0.000000000000000000e+00,0.000000000000000000e+00,-9.403954806578300064e-38,0.000000000000000000e+00,0.000000000000000000e+00
0.000000000000000000e+00,4.970000000000000000e+02,-5.918487849638909345e-20,-5.918487849638909345e-20,8.070227982964836449e-23,5.910417621655944880e-20,0.000000000000000000e+00
0.000000000000000000e+00,4.980000000000000000e+02,1.203706215242022408e-35,1.203706215242022408e-35,2.350988701644575016e-38,-1.203706215242022408e-35,0.000000000000000000e+00
0.000000000000000000e+00,4.990000000000000000e+02,-5.934245986131074325e-20,-5.934245986131074325e-20,8.288240966960092487e-23,5.925957745164114531e-20,0.000000000000000000e+00
