dist(m), time(s),Acetaldehyde
0.000000000000000000e+00,0.000000000000000000e+00,1.065219295252977159e-40
0.000000000000000000e+00,1.000000000000000000e+00,8.306385430886363016e-30
0.000000000000000000e+00,2.000000000000000000e+00,3.829703001172976025e-29
0.000000000000000000e+00,3.000000000000000000e+00,1.666751395343173372e-28
0.000000000000000000e+00,4.000000000000000000e+00,6.869431413411748391e-28
0.000000000000000000e+00,5.000000000000000000e+00,2.689089784559186403e-27
0.000000000000000000e+00,6.000000000000000000e+00,1.002588018063023671e-26
0.000000000000000000e+00,7.000000000000000000e+00,3.569328189095838046e-26
0.000000000000000000e+00,8.000000000000000000e+00,1.216282490362709999e-25
0.000000000000000000e+00,9.000000000000000000e+00,3.975880692062749424e-25
0.000000000000000000e+00,1.000000000000000000e+01,1.249354262876637662e-24
0.000000000000000000e+00,1.100000000000000000e+01,3.781242316925647010e-24
0.000000000000000000e+00,1.200000000000000000e+01,1.104253883479581264e-23
0.000000000000000000e+00,1.300000000000000000e+01,3.116934420569956905e-23
0.000000000000000000e+00,1.400000000000000000e+01,8.517326767755632020e-23
0.000000000000000000e+00,1.500000000000000000e+01,2.256554655387911882e-22
0.000000000000000000e+00,1.600000000000000000e+01,5.804514535476131321e-22
0.000000000000000000e+00,1.700000000000000000e+01,1.451568682184672879e-21
0.000000000000000000e+00,1.800000000000000000e+01,3.533468999713770771e-21
0.000000000000000000e+00,1.900000000000000000e+01,8.382354689597789243e-21
0.000000000000000000e+00,2.000000000000000000e+01,1.940044933832249250e-20
0.000000000000000000e+00,2.100000000000000000e+01,4.385220811355403464e-20
0.000000000000000000e+00,2.200000000000000000e+01,9.690201764280287539e-20
0.000000000000000000e+00,2.300000000000000000e+01,2.095270813210545690e-19
0.000000000000000000e+00,2.400000000000000000e+01,4.437066698138030293e-19
0.000000000000000000e+00,2.500000000000000000e+01,9.210055831247957449e-19
0.000000000000000000e+00,2.600000000000000000e+01,1.875348937670565209e-18
0.000000000000000000e+00,2.700000000000000000e+01,3.748699395849593774e-18
0.000000000000000000e+00,2.800000000000000000e+01,7.361500775463777999e-18
0.000000000000000000e+00,2.900000000000000000e+01,1.421124787541331598e-17
0.000000000000000000e+00,3.000000000000000000e+01,2.698711242517148442e-17
0.000000000000000000e+00,3.100000000000000000e+01,5.044329842117245646e-17
0.000000000000000000e+00,3.200000000000000000e+01,9.285921100857437154e-17
0.000000000000000000e+00,3.300000000000000000e+01,1.684458931619560929e-16
0.000000000000000000e+00,3.400000000000000000e+01,3.012574897197115541e-16
0.000000000000000000e+00,3.500000000000000000e+01,5.314649029064241624e-16
0.000000000000000000e+00,3.600000000000000000e+01,9.252899361719168765e-16
0.000000000000000000e+00,3.700000000000000000e+01,1.590542407747484369e-15
0.000000000000000000e+00,3.800000000000000000e+01,2.700632356329491576e-15
0.000000000000000000e+00,3.900000000000000000e+01,4.531255801843533384e-15
0.000000000000000000e+00,4.000000000000000000e+01,7.515823987154697035e-15
0.000000000000000000e+00,4.100000000000000000e+01,1.232831830634260205e-14
0.000000000000000000e+00,4.200000000000000000e+01,2.000586107110829301e-14
0.000000000000000000e+00,4.300000000000000000e+01,3.212822330592573918e-14
0.000000000000000000e+00,4.400000000000000000e+01,5.107815898844791960e-14
0.000000000000000000e+00,4.500000000000000000e+01,8.041537394924884139e-14
0.000000000000000000e+00,4.600000000000000000e+01,1.254087262425630229e-13
0.000000000000000000e+00,4.700000000000000000e+01,1.937866294156260925e-13
0.000000000000000000e+00,4.800000000000000000e+01,2.967853614009578654e-13
0.000000000000000000e+00,4.900000000000000000e+01,4.505997843239680910e-13
0.000000000000000000e+00,5.000000000000000000e+01,6.783712707455022345e-13
0.000000000000000000e+00,5.100000000000000000e+01,1.012883041686412535e-12
0.000000000000000000e+00,5.200000000000000000e+01,1.500171572894689590e-12
0.000000000000000000e+00,5.300000000000000000e+01,2.204298743383392270e-12
0.000000000000000000e+00,5.400000000000000000e+01,3.213551168311193854e-12
0.000000000000000000e+00,5.500000000000000000e+01,4.648317627161931417e-12
0.000000000000000000e+00,5.600000000000000000e+01,6.670800765058487654e-12
0.000000000000000000e+00,5.700000000000000000e+01,9.496473963927451295e-12
0.000000000000000000e+00,5.800000000000000000e+01,1.340668549034924817e-11
0.000000000000000000e+00,5.900000000000000000e+01,1.876087888187848751e-11
0.000000000000000000e+00,6.000000000000000000e+01,2.600535033524952009e-11
0.000000000000000000e+00,6.100000000000000000e+01,3.567316421147490375e-11
0.000000000000000000e+00,6.200000000000000000e+01,4.836693341265770890e-11
0.000000000000000000e+00,6.300000000000000000e+01,6.471347908144734428e-11
0.000000000000000000e+00,6.400000000000000000e+01,8.527904727306161397e-11
0.000000000000000000e+00,6.500000000000000000e+01,1.104395491624776853e-10
0.000000000000000000e+00,6.600000000000000000e+01,1.402165270773072144e-10
0.000000000000000000e+00,6.700000000000000000e+01,1.741169794053585244e-10
0.000000000000000000e+00,6.800000000000000000e+01,2.110440650201624141e-10
0.000000000000000000e+00,6.900000000000000000e+01,2.493523738228015347e-10
0.000000000000000000e+00,7.000000000000000000e+01,2.870808509165889802e-10
0.000000000000000000e+00,7.100000000000000000e+01,3.223122680824192296e-10
0.000000000000000000e+00,7.200000000000000000e+01,3.535308103165408839e-10
0.000000000000000000e+00,7.300000000000000000e+01,3.798431473373923842e-10
0.000000000000000000e+00,7.400000000000000000e+01,4.010037725539829584e-10
0.000000000000000000e+00,7.500000000000000000e+01,4.172826943230748755e-10
0.000000000000000000e+00,7.600000000000000000e+01,4.292659429220082405e-10
0.000000000000000000e+00,7.700000000000000000e+01,4.376686094232289420e-10
0.000000000000000000e+00,7.800000000000000000e+01,4.432025930964463345e-10
0.000000000000000000e+00,7.900000000000000000e+01,4.465027699827362679e-10
0.000000000000000000e+00,8.000000000000000000e+01,4.480979821026071738e-10
0.000000000000000000e+00,8.100000000000000000e+01,4.484094683621794631e-10
0.000000000000000000e+00,8.200000000000000000e+01,4.477629772778007695e-10
0.000000000000000000e+00,8.300000000000000000e+01,4.464047033421045937e-10
0.000000000000000000e+00,8.400000000000000000e+01,4.445187548944156863e-10
0.000000000000000000e+00,8.500000000000000000e+01,4.422413458647402058e-10
0.000000000000000000e+00,8.600000000000000000e+01,4.396726555736416703e-10
0.000000000000000000e+00,8.700000000000000000e+01,4.368858750433999501e-10
0.000000000000000000e+00,8.800000000000000000e+01,4.339344448711279697e-10
0.000000000000000000e+00,8.900000000000000000e+01,4.308571960047447168e-10
0.000000000000000000e+00,9.000000000000000000e+01,4.276822124867637637e-10
0.000000000000000000e+00,9.100000000000000000e+01,4.244297339924660033e-10
0.000000000000000000e+00,9.200000000000000000e+01,4.211141763665345738e-10
0.000000000000000000e+00,9.300000000000000000e+01,4.177456716053666194e-10
0.000000000000000000e+00,9.400000000000000000e+01,4.143311750529152272e-10
0.000000000000000000e+00,9.500000000000000000e+01,4.108752718381611227e-10
0.000000000000000000e+00,9.600000000000000000e+01,4.073807640396347675e-10
0.000000000000000000e+00,9.700000000000000000e+01,4.038490979465420469e-10
0.000000000000000000e+00,9.800000000000000000e+01,4.002806745552293224e-10
0.000000000000000000e+00,9.900000000000000000e+01,3.966750746051780091e-10
0.000000000000000000e+00,1.000000000000000000e+02,3.189492653066306348e-10
0.000000000000000000e+00,1.010000000000000000e+02,2.401197353243640938e-10
0.000000000000000000e+00,1.020000000000000000e+02,2.044521015671558379e-10
0.000000000000000000e+00,1.030000000000000000e+02,1.840528730201794568e-10
0.000000000000000000e+00,1.040000000000000000e+02,1.710320956187265008e-10
0.000000000000000000e+00,1.050000000000000000e+02,1.621638060276640204e-10
0.000000000000000000e+00,1.060000000000000000e+02,1.558579850339498821e-10
0.000000000000000000e+00,1.070000000000000000e+02,1.512334899581181549e-10
0.000000000000000000e+00,1.080000000000000000e+02,1.477608789134532676e-10
0.000000000000000000e+00,1.090000000000000000e+02,1.451027047895333792e-10
0.000000000000000000e+00,1.100000000000000000e+02,1.430341045777733924e-10
0.000000000000000000e+00,1.110000000000000000e+02,1.414000039582035459e-10
0.000000000000000000e+00,1.120000000000000000e+02,1.400905408953059728e-10
0.000000000000000000e+00,1.130000000000000000e+02,1.390262045890932844e-10
0.000000000000000000e+00,1.140000000000000000e+02,1.381484572947202294e-10
0.000000000000000000e+00,1.150000000000000000e+02,1.374136008970785416e-10
0.000000000000000000e+00,1.160000000000000000e+02,1.367886430427573524e-10
0.000000000000000000e+00,1.170000000000000000e+02,1.362484392337526898e-10
0.000000000000000000e+00,1.180000000000000000e+02,1.357736741588411420e-10
0.000000000000000000e+00,1.190000000000000000e+02,1.353494097320573410e-10
0.000000000000000000e+00,1.200000000000000000e+02,1.349640246540654507e-10
0.000000000000000000e+00,1.210000000000000000e+02,1.346084298732293489e-10
0.000000000000000000e+00,1.220000000000000000e+02,1.342754818171895077e-10
0.000000000000000000e+00,1.230000000000000000e+02,1.339595394861089922e-10
0.000000000000000000e+00,1.240000000000000000e+02,1.336561275170055386e-10
0.000000000000000000e+00,1.250000000000000000e+02,1.333616781512494755e-10
0.000000000000000000e+00,1.260000000000000000e+02,1.330733324921932182e-10
0.000000000000000000e+00,1.270000000000000000e+02,1.327887866651408401e-10
0.000000000000000000e+00,1.280000000000000000e+02,1.325061722117219477e-10
0.000000000000000000e+00,1.290000000000000000e+02,1.322239627353185958e-10
0.000000000000000000e+00,1.300000000000000000e+02,1.319409007755067574e-10
0.000000000000000000e+00,1.310000000000000000e+02,1.316559403375148120e-10
0.000000000000000000e+00,1.320000000000000000e+02,1.313682015817026131e-10
0.000000000000000000e+00,1.330000000000000000e+02,1.310769349886940399e-10
0.000000000000000000e+00,1.340000000000000000e+02,1.307814929288546500e-10
0.000000000000000000e+00,1.350000000000000000e+02,1.304813070315229579e-10
0.000000000000000000e+00,1.360000000000000000e+02,1.301758701063376256e-10
0.000000000000000000e+00,1.370000000000000000e+02,1.298647216434099891e-10
0.000000000000000000e+00,1.380000000000000000e+02,1.295474355517374628e-10
0.000000000000000000e+00,1.390000000000000000e+02,1.292236065906316902e-10
0.000000000000000000e+00,1.400000000000000000e+02,1.288928516828150855e-10
0.000000000000000000e+00,1.410000000000000000e+02,1.285548008661766627e-10
0.000000000000000000e+00,1.420000000000000000e+02,1.282090902626154663e-10
0.000000000000000000e+00,1.430000000000000000e+02,1.278553577100957431e-10
0.000000000000000000e+00,1.440000000000000000e+02,1.274932390560054326e-10
0.000000000000000000e+00,1.450000000000000000e+02,1.271223649649176009e-10
0.000000000000000000e+00,1.460000000000000000e+02,1.267423581229751040e-10
0.000000000000000000e+00,1.470000000000000000e+02,1.263528307439426946e-10
0.000000000000000000e+00,1.480000000000000000e+02,1.259533822999750484e-10
0.000000000000000000e+00,1.490000000000000000e+02,1.255435974143307773e-10
0.000000000000000000e+00,1.500000000000000000e+02,1.251230438642900889e-10
0.000000000000000000e+00,1.510000000000000000e+02,1.246912706513265195e-10
0.000000000000000000e+00,1.520000000000000000e+02,1.242478061023154668e-10
0.000000000000000000e+00,1.530000000000000000e+02,1.237921559708464301e-10
0.000000000000000000e+00,1.540000000000000000e+02,1.233238015117818769e-10
0.000000000000000000e+00,1.550000000000000000e+02,1.228421975052514639e-10
0.000000000000000000e+00,1.560000000000000000e+02,1.223467702085936822e-10
0.000000000000000000e+00,1.570000000000000000e+02,1.218369152163692507e-10
0.000000000000000000e+00,1.580000000000000000e+02,1.213119952097610484e-10
0.000000000000000000e+00,1.590000000000000000e+02,1.207713375773491421e-10
0.000000000000000000e+00,1.600000000000000000e+02,1.202142318896391956e-10
0.000000000000000000e+00,1.610000000000000000e+02,1.196399272098446867e-10
0.000000000000000000e+00,1.620000000000000000e+02,1.190476291578054976e-10
0.000000000000000000e+00,1.630000000000000000e+02,1.184364943485272898e-10
0.000000000000000000e+00,1.640000000000000000e+02,1.178056216956645598e-10
0.000000000000000000e+00,1.650000000000000000e+02,1.171540679476595521e-10
0.000000000000000000e+00,1.660000000000000000e+02,1.164808326409003497e-10
0.000000000000000000e+00,1.670000000000000000e+02,1.157848540683829409e-10
0.000000000000000000e+00,1.680000000000000000e+02,1.150650049475909885e-10
0.000000000000000000e+00,1.690000000000000000e+02,1.143200877678453099e-10
0.000000000000000000e+00,1.700000000000000000e+02,1.135488297972888005e-10
0.000000000000000000e+00,1.710000000000000000e+02,1.127498777299701257e-10
0.000000000000000000e+00,1.720000000000000000e+02,1.119217919543972487e-10
0.000000000000000000e+00,1.730000000000000000e+02,1.110630404265835165e-10
0.000000000000000000e+00,1.740000000000000000e+02,1.101719921333729788e-10
0.000000000000000000e+00,1.750000000000000000e+02,1.092469064533729326e-10
0.000000000000000000e+00,1.760000000000000000e+02,1.082859211393697091e-10
0.000000000000000000e+00,1.770000000000000000e+02,1.072870622454269909e-10
0.000000000000000000e+00,1.780000000000000000e+02,1.062482282540230621e-10
0.000000000000000000e+00,1.790000000000000000e+02,1.051671796653008275e-10
0.000000000000000000e+00,1.800000000000000000e+02,1.040415300884029388e-10
0.000000000000000000e+00,1.810000000000000000e+02,1.028687370823444378e-10
0.000000000000000000e+00,1.820000000000000000e+02,1.016460909316413851e-10
0.000000000000000000e+00,1.830000000000000000e+02,1.003706999811999570e-10
0.000000000000000000e+00,1.840000000000000000e+02,9.903948671551775866e-11
0.000000000000000000e+00,1.850000000000000000e+02,9.764919005190390752e-11
0.000000000000000000e+00,1.860000000000000000e+02,9.619634907092822406e-11
0.000000000000000000e+00,1.870000000000000000e+02,9.467729625478311165e-11
0.000000000000000000e+00,1.880000000000000000e+02,9.308814743352116661e-11
0.000000000000000000e+00,1.890000000000000000e+02,9.142480101737665273e-11
0.000000000000000000e+00,1.900000000000000000e+02,8.968295133318907273e-11
0.000000000000000000e+00,1.910000000000000000e+02,8.785809042120338270e-11
0.000000000000000000e+00,1.920000000000000000e+02,8.594552091660594202e-11
0.000000000000000000e+00,1.930000000000000000e+02,8.394037964822827043e-11
0.000000000000000000e+00,1.940000000000000000e+02,8.183767740726115502e-11
0.000000000000000000e+00,1.950000000000000000e+02,7.963235096537381306e-11
0.000000000000000000e+00,1.960000000000000000e+02,7.731933453555594307e-11
0.000000000000000000e+00,1.970000000000000000e+02,7.489365814188617842e-11
0.000000000000000000e+00,1.980000000000000000e+02,7.235057879699805714e-11
0.000000000000000000e+00,1.990000000000000000e+02,6.968575000239247412e-11
0.000000000000000000e+00,2.000000000000000000e+02,6.689543950455823417e-11
0.000000000000000000e+00,2.010000000000000000e+02,6.397680784733857129e-11
0.000000000000000000e+00,2.020000000000000000e+02,6.092825616085799250e-11
0.000000000000000000e+00,2.030000000000000000e+02,5.774985301181340583e-11
0.000000000000000000e+00,2.040000000000000000e+02,5.444385440747127968e-11
0.000000000000000000e+00,2.050000000000000000e+02,5.101531802427491443e-11
0.000000000000000000e+00,2.060000000000000000e+02,4.747281492190440011e-11
0.000000000000000000e+00,2.070000000000000000e+02,4.382922285081423749e-11
0.000000000000000000e+00,2.080000000000000000e+02,4.010257127769643549e-11
0.000000000000000000e+00,2.090000000000000000e+02,3.631687794565058041e-11
0.000000000000000000e+00,2.100000000000000000e+02,3.250287735925026327e-11
0.000000000000000000e+00,2.110000000000000000e+02,2.869850169472818360e-11
0.000000000000000000e+00,2.120000000000000000e+02,2.494891388656362548e-11
0.000000000000000000e+00,2.130000000000000000e+02,2.130585838772811861e-11
0.000000000000000000e+00,2.140000000000000000e+02,1.782607068150110867e-11
0.000000000000000000e+00,2.150000000000000000e+02,1.456853124615055814e-11
0.000000000000000000e+00,2.160000000000000000e+02,1.159048160722996954e-11
0.000000000000000000e+00,2.170000000000000000e+02,8.942367478840254807e-12
0.000000000000000000e+00,2.180000000000000000e+02,6.662233768588097905e-12
0.000000000000000000e+00,2.190000000000000000e+02,4.770491396310168019e-12
0.000000000000000000e+00,2.200000000000000000e+02,3.266262987127356312e-12
0.000000000000000000e+00,2.210000000000000000e+02,2.126498338029929267e-12
0.000000000000000000e+00,2.220000000000000000e+02,1.308581546431491290e-12
0.000000000000000000e+00,2.230000000000000000e+02,7.562562654947014999e-13
0.000000000000000000e+00,2.240000000000000000e+02,4.076513326881954604e-13
0.000000000000000000e+00,2.250000000000000000e+02,2.034579612571289275e-13
0.000000000000000000e+00,2.260000000000000000e+02,9.328546361664542775e-14
0.000000000000000000e+00,2.270000000000000000e+02,3.896177982633220882e-14
0.000000000000000000e+00,2.280000000000000000e+02,1.468901075816559221e-14
0.000000000000000000e+00,2.290000000000000000e+02,4.949881255480639984e-15
0.000000000000000000e+00,2.300000000000000000e+02,1.475044435122569059e-15
0.000000000000000000e+00,2.310000000000000000e+02,3.842253296040098080e-16
0.000000000000000000e+00,2.320000000000000000e+02,8.638998569614794409e-17
0.000000000000000000e+00,2.330000000000000000e+02,1.654401851134314359e-17
0.000000000000000000e+00,2.340000000000000000e+02,2.658558046824254151e-18
0.000000000000000000e+00,2.350000000000000000e+02,3.522336236470981021e-19
0.000000000000000000e+00,2.360000000000000000e+02,3.537170157311850928e-20
0.000000000000000000e+00,2.370000000000000000e+02,2.778800258545577480e-21
0.000000000000000000e+00,2.380000000000000000e+02,1.876006769178926682e-22
0.000000000000000000e+00,2.390000000000000000e+02,2.147434184524863865e-24
0.000000000000000000e+00,2.400000000000000000e+02,2.558412753971421750e-24
0.000000000000000000e+00,2.410000000000000000e+02,2.438781452596295737e-24
0.000000000000000000e+00,2.420000000000000000e+02,2.252718837682774825e-24
0.000000000000000000e+00,2.430000000000000000e+02,2.034355122581662428e-24
0.000000000000000000e+00,2.440000000000000000e+02,1.803582039055940760e-24
0.000000000000000000e+00,2.450000000000000000e+02,1.574150050852957426e-24
0.000000000000000000e+00,2.460000000000000000e+02,1.270071552264516276e-24
0.000000000000000000e+00,2.470000000000000000e+02,1.004208297990128448e-24
0.000000000000000000e+00,2.480000000000000000e+02,5.040335965632261827e-25
0.000000000000000000e+00,2.490000000000000000e+02,3.878371993508761649e-25
0.000000000000000000e+00,2.500000000000000000e+02,2.983563991742555245e-25
0.000000000000000000e+00,2.510000000000000000e+02,2.294275583775367805e-25
0.000000000000000000e+00,2.520000000000000000e+02,1.763683818031275046e-25
0.000000000000000000e+00,2.530000000000000000e+02,1.355647001202326581e-25
0.000000000000000000e+00,2.540000000000000000e+02,1.041942583628900118e-25
0.000000000000000000e+00,2.550000000000000000e+02,8.009688192666351870e-26
0.000000000000000000e+00,2.560000000000000000e+02,6.157569671685124136e-26
0.000000000000000000e+00,2.570000000000000000e+02,4.735909697931624819e-26
0.000000000000000000e+00,2.580000000000000000e+02,3.644035489592392088e-26
0.000000000000000000e+00,2.590000000000000000e+02,2.804934263063247155e-26
0.000000000000000000e+00,2.600000000000000000e+02,2.159987825342627749e-26
0.000000000000000000e+00,2.610000000000000000e+02,1.664938185336040557e-26
0.000000000000000000e+00,2.620000000000000000e+02,1.284304544753384446e-26
0.000000000000000000e+00,2.630000000000000000e+02,9.905791597644455977e-27
0.000000000000000000e+00,2.640000000000000000e+02,7.653029445857417194e-27
0.000000000000000000e+00,2.650000000000000000e+02,5.917828045259461176e-27
0.000000000000000000e+00,2.660000000000000000e+02,4.577497437079670898e-27
0.000000000000000000e+00,2.670000000000000000e+02,8.631413359019019644e-27
0.000000000000000000e+00,2.680000000000000000e+02,3.496037656997966365e-27
0.000000000000000000e+00,2.690000000000000000e+02,3.273423535614473654e-26
0.000000000000000000e+00,2.700000000000000000e+02,5.170143082896679910e-26
0.000000000000000000e+00,2.710000000000000000e+02,6.310534274781627272e-26
0.000000000000000000e+00,2.720000000000000000e+02,6.899453444767772497e-26
0.000000000000000000e+00,2.730000000000000000e+02,5.829955386264623082e-26
0.000000000000000000e+00,2.740000000000000000e+02,4.917902845809277433e-26
0.000000000000000000e+00,2.750000000000000000e+02,4.134367496190801585e-26
0.000000000000000000e+00,2.760000000000000000e+02,3.420391257494754021e-26
0.000000000000000000e+00,2.770000000000000000e+02,2.830632769044404161e-26
0.000000000000000000e+00,2.780000000000000000e+02,2.344703081399971067e-26
0.000000000000000000e+00,2.790000000000000000e+02,1.943588859843751826e-26
0.000000000000000000e+00,2.800000000000000000e+02,1.611785380080626478e-26
0.000000000000000000e+00,2.810000000000000000e+02,1.338033094126757830e-26
0.000000000000000000e+00,2.820000000000000000e+02,1.111565256739506744e-26
0.000000000000000000e+00,2.830000000000000000e+02,9.243604930803874445e-27
0.000000000000000000e+00,2.840000000000000000e+02,7.693926038595745440e-27
0.000000000000000000e+00,2.850000000000000000e+02,6.393181554216280496e-27
0.000000000000000000e+00,2.860000000000000000e+02,5.334135692660574928e-27
0.000000000000000000e+00,2.870000000000000000e+02,4.442646404323508338e-27
0.000000000000000000e+00,2.880000000000000000e+02,3.737545666924011091e-27
0.000000000000000000e+00,2.890000000000000000e+02,3.096747836377997342e-27
0.000000000000000000e+00,2.900000000000000000e+02,1.788449313088848799e-27
0.000000000000000000e+00,2.910000000000000000e+02,1.461133655143287139e-27
0.000000000000000000e+00,2.920000000000000000e+02,1.194175696745442486e-27
0.000000000000000000e+00,2.930000000000000000e+02,9.747113693877125832e-28
0.000000000000000000e+00,2.940000000000000000e+02,8.010674612456002587e-28
0.000000000000000000e+00,2.950000000000000000e+02,6.583258273034413548e-28
0.000000000000000000e+00,2.960000000000000000e+02,5.437512498171549668e-28
0.000000000000000000e+00,2.970000000000000000e+02,4.473312403030471902e-28
0.000000000000000000e+00,2.980000000000000000e+02,3.713834387820693198e-28
0.000000000000000000e+00,2.990000000000000000e+02,3.061852573754063399e-28
0.000000000000000000e+00,3.000000000000000000e+02,2.507888496609280721e-28
0.000000000000000000e+00,3.010000000000000000e+02,2.085511055131703925e-28
0.000000000000000000e+00,3.020000000000000000e+02,1.723783855941865481e-28
0.000000000000000000e+00,3.030000000000000000e+02,1.434342164057537825e-28
0.000000000000000000e+00,3.040000000000000000e+02,1.187208940079644394e-28
0.000000000000000000e+00,3.050000000000000000e+02,9.794274602463754460e-29
0.000000000000000000e+00,3.060000000000000000e+02,8.143849538474220317e-29
0.000000000000000000e+00,3.070000000000000000e+02,6.662237048935088364e-29
0.000000000000000000e+00,3.080000000000000000e+02,5.592203612601907786e-29
0.000000000000000000e+00,3.090000000000000000e+02,4.746375505185244407e-29
0.000000000000000000e+00,3.100000000000000000e+02,3.918131138160836492e-29
0.000000000000000000e+00,3.110000000000000000e+02,3.191543973985370716e-29
0.000000000000000000e+00,3.120000000000000000e+02,2.716682473925500497e-29
0.000000000000000000e+00,3.130000000000000000e+02,2.212994015569906704e-29
0.000000000000000000e+00,3.140000000000000000e+02,1.788662296866573723e-29
0.000000000000000000e+00,3.150000000000000000e+02,1.439051243327496903e-29
0.000000000000000000e+00,3.160000000000000000e+02,1.310068103833237992e-29
0.000000000000000000e+00,3.170000000000000000e+02,1.072111635113795929e-29
0.000000000000000000e+00,3.180000000000000000e+02,9.774925025053738950e-30
0.000000000000000000e+00,3.190000000000000000e+02,7.593032972526363242e-30
0.000000000000000000e+00,3.200000000000000000e+02,6.506766354174428750e-30
0.000000000000000000e+00,3.210000000000000000e+02,5.243452607153621392e-30
0.000000000000000000e+00,3.220000000000000000e+02,4.918987578304058042e-30
0.000000000000000000e+00,3.230000000000000000e+02,4.520091375635004236e-30
0.000000000000000000e+00,3.240000000000000000e+02,2.537906221278432466e-30
0.000000000000000000e+00,3.250000000000000000e+02,2.951015786937064072e-29
0.000000000000000000e+00,3.260000000000000000e+02,3.558757425363039250e-32
0.000000000000000000e+00,3.270000000000000000e+02,1.768244430190530918e-32
0.000000000000000000e+00,3.280000000000000000e+02,3.005654419459329953e-32
0.000000000000000000e+00,3.290000000000000000e+02,4.614407776130292902e-32
0.000000000000000000e+00,3.300000000000000000e+02,2.888894916580853780e-32
0.000000000000000000e+00,3.310000000000000000e+02,-1.360188023223485321e-33
0.000000000000000000e+00,3.320000000000000000e+02,6.181031415267785066e-33
0.000000000000000000e+00,3.330000000000000000e+02,1.036391051323381293e-32
0.000000000000000000e+00,3.340000000000000000e+02,1.209724746318232520e-32
0.000000000000000000e+00,3.350000000000000000e+02,-4.520372335963694477e-20
0.000000000000000000e+00,3.360000000000000000e+02,-1.661896986073898238e-31
0.000000000000000000e+00,3.370000000000000000e+02,-4.539421101495351761e-20
0.000000000000000000e+00,3.380000000000000000e+02,-8.681731077433086619e-32
0.000000000000000000e+00,3.390000000000000000e+02,-4.558413588454700594e-20
0.000000000000000000e+00,3.400000000000000000e+02,-3.058015639822357928e-32
0.000000000000000000e+00,3.410000000000000000e+02,-4.577350214177420452e-20
0.000000000000000000e+00,3.420000000000000000e+02,-7.666404884876440718e-32
0.000000000000000000e+00,3.430000000000000000e+02,-4.596231391565828874e-20
0.000000000000000000e+00,3.440000000000000000e+02,-3.541363870552792026e-31
0.000000000000000000e+00,3.450000000000000000e+02,-4.615057529142132830e-20
0.000000000000000000e+00,3.460000000000000000e+02,-4.056068648190280808e-31
0.000000000000000000e+00,3.470000000000000000e+02,-4.633829031102386646e-20
0.000000000000000000e+00,3.480000000000000000e+02,-4.963964061036576209e-31
0.000000000000000000e+00,3.490000000000000000e+02,-4.652546297366791889e-20
0.000000000000000000e+00,3.500000000000000000e+02,-4.939348268934876851e-31
0.000000000000000000e+00,3.510000000000000000e+02,-4.671209723641709895e-20
0.000000000000000000e+00,3.520000000000000000e+02,-4.485490840477872302e-31
0.000000000000000000e+00,3.530000000000000000e+02,-4.689819701457168057e-20
0.000000000000000000e+00,3.540000000000000000e+02,-4.488801032569787863e-31
0.000000000000000000e+00,3.550000000000000000e+02,-4.708376618227510365e-20
0.000000000000000000e+00,3.560000000000000000e+02,-3.581086175655778765e-31
0.000000000000000000e+00,3.570000000000000000e+02,-4.726880857299812878e-20
0.000000000000000000e+00,3.580000000000000000e+02,-4.905885236151148628e-31
0.000000000000000000e+00,3.590000000000000000e+02,-4.745332798004062625e-20
0.000000000000000000e+00,3.600000000000000000e+02,-3.488761908946715647e-31
0.000000000000000000e+00,3.610000000000000000e+02,-4.763732815702755718e-20
0.000000000000000000e+00,3.620000000000000000e+02,-2.098541415652941866e-31
0.000000000000000000e+00,3.630000000000000000e+02,-4.782081281839986899e-20
0.000000000000000000e+00,3.640000000000000000e+02,-2.096254373843982024e-32
0.000000000000000000e+00,3.650000000000000000e+02,-4.800378563989927002e-20
0.000000000000000000e+00,3.660000000000000000e+02,-6.528902511472729542e-32
0.000000000000000000e+00,3.670000000000000000e+02,-4.818625025904796063e-20
0.000000000000000000e+00,3.680000000000000000e+02,-1.638244158944392498e-32
0.000000000000000000e+00,3.690000000000000000e+02,-4.836821027562234574e-20
0.000000000000000000e+00,3.700000000000000000e+02,-3.685146577963451603e-32
0.000000000000000000e+00,3.710000000000000000e+02,-4.854966925212161965e-20
0.000000000000000000e+00,3.720000000000000000e+02,1.715281356719881932e-33
0.000000000000000000e+00,3.730000000000000000e+02,-4.873063071423028406e-20
0.000000000000000000e+00,3.740000000000000000e+02,-5.476863279351201957e-34
0.000000000000000000e+00,3.750000000000000000e+02,-4.891109815127558662e-20
0.000000000000000000e+00,3.760000000000000000e+02,8.474091755303837753e-33
0.000000000000000000e+00,3.770000000000000000e+02,-4.909107501667916948e-20
0.000000000000000000e+00,3.780000000000000000e+02,3.400470058058713303e-33
0.000000000000000000e+00,3.790000000000000000e+02,-4.927056472840321098e-20
0.000000000000000000e+00,3.800000000000000000e+02,9.996780117584996100e-33
0.000000000000000000e+00,3.810000000000000000e+02,-4.944957066939116271e-20
0.000000000000000000e+00,3.820000000000000000e+02,2.046300565911438094e-32
0.000000000000000000e+00,3.830000000000000000e+02,-4.962809618800298557e-20
0.000000000000000000e+00,3.840000000000000000e+02,1.654494192850159800e-32
0.000000000000000000e+00,3.850000000000000000e+02,-4.980614459844493911e-20
0.000000000000000000e+00,3.860000000000000000e+02,1.263891526004123529e-34
0.000000000000000000e+00,3.870000000000000000e+02,-4.998371918119395419e-20
0.000000000000000000e+00,3.880000000000000000e+02,3.009265538105056020e-35
0.000000000000000000e+00,3.890000000000000000e+02,-5.016082318341672129e-20
0.000000000000000000e+00,3.900000000000000000e+02,1.805559322863033612e-34
0.000000000000000000e+00,3.910000000000000000e+02,-5.033745981938326599e-20
0.000000000000000000e+00,3.920000000000000000e+02,-1.023150282955719047e-34
0.000000000000000000e+00,3.930000000000000000e+02,-5.051363227087547478e-20
0.000000000000000000e+00,3.940000000000000000e+02,7.824090399073145653e-35
0.000000000000000000e+00,3.950000000000000000e+02,-5.068934368759015006e-20
0.000000000000000000e+00,3.960000000000000000e+02,9.027796614315168061e-35
0.000000000000000000e+00,3.970000000000000000e+02,-5.086459718753694343e-20
0.000000000000000000e+00,3.980000000000000000e+02,1.263891526004123529e-34
0.000000000000000000e+00,3.990000000000000000e+02,-5.103939585743117910e-20
0.000000000000000000e+00,4.000000000000000000e+02,-3.009265538105056020e-35
0.000000000000000000e+00,4.010000000000000000e+02,-5.121374275308142935e-20
0.000000000000000000e+00,4.020000000000000000e+02,3.611118645726067224e-35
0.000000000000000000e+00,4.030000000000000000e+02,-5.138764089977204023e-20
0.000000000000000000e+00,4.040000000000000000e+02,1.805559322863033612e-35
0.000000000000000000e+00,4.050000000000000000e+02,-5.156109329264083657e-20
0.000000000000000000e+00,4.060000000000000000e+02,-1.805559322863033612e-35
0.000000000000000000e+00,4.070000000000000000e+02,-5.173410289705144637e-20
0.000000000000000000e+00,4.080000000000000000e+02,6.018531076210112041e-36
0.000000000000000000e+00,4.090000000000000000e+02,-5.190667264896105707e-20
0.000000000000000000e+00,4.100000000000000000e+02,-6.018531076210112041e-36
0.000000000000000000e+00,4.110000000000000000e+02,-5.207880545528312241e-20
0.000000000000000000e+00,4.120000000000000000e+02,-3.009265538105056020e-35
0.000000000000000000e+00,4.130000000000000000e+02,-5.225050419424527234e-20
0.000000000000000000e+00,4.140000000000000000e+02,1.805559322863033612e-35
0.000000000000000000e+00,4.150000000000000000e+02,-5.242177171574244439e-20
0.000000000000000000e+00,4.160000000000000000e+02,2.407412430484044816e-35
0.000000000000000000e+00,4.170000000000000000e+02,-5.259261084168523621e-20
0.000000000000000000e+00,4.180000000000000000e+02,-6.018531076210112041e-36
0.000000000000000000e+00,4.190000000000000000e+02,-5.276302436634375029e-20
0.000000000000000000e+00,4.200000000000000000e+02,6.018531076210112041e-36
0.000000000000000000e+00,4.210000000000000000e+02,-5.293301505668649138e-20
0.000000000000000000e+00,4.220000000000000000e+02,6.018531076210112041e-36
0.000000000000000000e+00,4.230000000000000000e+02,-5.310258565271523162e-20
0.000000000000000000e+00,4.240000000000000000e+02,0.000000000000000000e+00
0.000000000000000000e+00,4.250000000000000000e+02,-5.327173886779459124e-20
0.000000000000000000e+00,4.260000000000000000e+02,-6.018531076210112041e-36
0.000000000000000000e+00,4.270000000000000000e+02,-5.344047738897808652e-20
0.000000000000000000e+00,4.280000000000000000e+02,1.203706215242022408e-35
0.000000000000000000e+00,4.290000000000000000e+02,-5.360880387732881514e-20
0.000000000000000000e+00,4.300000000000000000e+02,1.203706215242022408e-35
0.000000000000000000e+00,4.310000000000000000e+02,-5.377672096823657865e-20
0.000000000000000000e+00,4.320000000000000000e+02,-1.203706215242022408e-35
0.000000000000000000e+00,4.330000000000000000e+02,-5.394423127173026221e-20
0.000000000000000000e+00,4.340000000000000000e+02,0.000000000000000000e+00
0.000000000000000000e+00,4.350000000000000000e+02,-5.411133737278609182e-20
0.000000000000000000e+00,4.360000000000000000e+02,-6.018531076210112041e-36
0.000000000000000000e+00,4.370000000000000000e+02,-5.427804183163164226e-20
0.000000000000000000e+00,4.380000000000000000e+02,0.000000000000000000e+00
0.000000000000000000e+00,4.390000000000000000e+02,-5.444434718404578870e-20
0.000000000000000000e+00,4.400000000000000000e+02,0.000000000000000000e+00
0.000000000000000000e+00,4.410000000000000000e+02,-5.461025594165454760e-20
0.000000000000000000e+00,4.420000000000000000e+02,-1.203706215242022408e-35
0.000000000000000000e+00,4.430000000000000000e+02,-5.477577059222287912e-20
0.000000000000000000e+00,4.440000000000000000e+02,0.000000000000000000e+00
0.000000000000000000e+00,4.450000000000000000e+02,-5.494089359994236094e-20
0.000000000000000000e+00,4.460000000000000000e+02,-1.203706215242022408e-35
0.000000000000000000e+00,4.470000000000000000e+02,-5.510562740571515450e-20
0.000000000000000000e+00,4.480000000000000000e+02,0.000000000000000000e+00
0.000000000000000000e+00,4.490000000000000000e+02,-5.526997442743411959e-20
0.000000000000000000e+00,4.500000000000000000e+02,1.203706215242022408e-35
0.000000000000000000e+00,4.510000000000000000e+02,-5.543393706025867963e-20
0.000000000000000000e+00,4.520000000000000000e+02,0.000000000000000000e+00
0.000000000000000000e+00,4.530000000000000000e+02,-5.559751767688755749e-20
0.000000000000000000e+00,4.540000000000000000e+02,1.203706215242022408e-35
0.000000000000000000e+00,4.550000000000000000e+02,-5.576071862782717788e-20
0.000000000000000000e+00,4.560000000000000000e+02,-1.203706215242022408e-35
0.000000000000000000e+00,4.570000000000000000e+02,-5.592354224165677163e-20
0.000000000000000000e+00,4.580000000000000000e+02,-1.203706215242022408e-35
0.000000000000000000e+00,4.590000000000000000e+02,-5.608599082528970025e-20
0.000000000000000000e+00,4.600000000000000000e+02,0.000000000000000000e+00
0.000000000000000000e+00,4.610000000000000000e+02,-5.629632302417910666e-20
0.000000000000000000e+00,4.620000000000000000e+02,-1.203706215242022408e-35
0.000000000000000000e+00,4.630000000000000000e+02,-5.645951785229456009e-20
0.000000000000000000e+00,4.640000000000000000e+02,0.000000000000000000e+00
0.000000000000000000e+00,4.650000000000000000e+02,-5.662237869872818335e-20
0.000000000000000000e+00,4.660000000000000000e+02,0.000000000000000000e+00
0.000000000000000000e+00,4.670000000000000000e+02,-5.678490826703930815e-20
0.000000000000000000e+00,4.680000000000000000e+02,0.000000000000000000e+00
0.000000000000000000e+00,4.690000000000000000e+02,-5.694710924126963940e-20
0.000000000000000000e+00,4.700000000000000000e+02,1.203706215242022408e-35
0.000000000000000000e+00,4.710000000000000000e+02,-5.710898428611037774e-20
0.000000000000000000e+00,4.720000000000000000e+02,-1.203706215242022408e-35
0.000000000000000000e+00,4.730000000000000000e+02,-5.727053604706703097e-20
0.000000000000000000e+00,4.740000000000000000e+02,1.203706215242022408e-35
0.000000000000000000e+00,4.750000000000000000e+02,-5.743176715062099964e-20
0.000000000000000000e+00,4.760000000000000000e+02,0.000000000000000000e+00
0.000000000000000000e+00,4.770000000000000000e+02,-5.759268020438855047e-20
0.000000000000000000e+00,4.780000000000000000e+02,-1.203706215242022408e-35
0.000000000000000000e+00,4.790000000000000000e+02,-5.775327779727741857e-20
0.000000000000000000e+00,4.800000000000000000e+02,0.000000000000000000e+00
0.000000000000000000e+00,4.810000000000000000e+02,-5.791356249964025587e-20
0.000000000000000000e+00,4.820000000000000000e+02,-1.203706215242022408e-35
0.000000000000000000e+00,4.830000000000000000e+02,-5.807353686342621389e-20
0.000000000000000000e+00,4.840000000000000000e+02,0.000000000000000000e+00
0.000000000000000000e+00,4.850000000000000000e+02,-5.823320342232957733e-20
0.000000000000000000e+00,4.860000000000000000e+02,1.203706215242022408e-35
0.000000000000000000e+00,4.870000000000000000e+02,-5.839256469193613479e-20
0.000000000000000000e+00,4.880000000000000000e+02,-1.203706215242022408e-35
0.000000000000000000e+00,4.890000000000000000e+02,-5.855162316986729849e-20
0.000000000000000000e+00,4.900000000000000000e+02,0.000000000000000000e+00
0.000000000000000000e+00,4.910000000000000000e+02,-5.871038133592185273e-20
0.000000000000000000e+00,4.920000000000000000e+02,-1.203706215242022408e-35
0.000000000000000000e+00,4.930000000000000000e+02,-5.886884165221546343e-20
0.000000000000000000e+00,4.940000000000000000e+02,0.000000000000000000e+00
0.000000000000000000e+00,4.950000000000000000e+02,-5.902700656331805712e-20
0.000000000000000000e+00,4.960000000000000000e+02,0.000000000000000000e+00
0.000000000000000000e+00,4.970000000000000000e+02,-5.918487849638909345e-20
0.000000000000000000e+00,4.980000000000000000e+02,1.203706215242022408e-35
0.000000000000000000e+00,4.990000000000000000e+02,-5.934245986131074325e-20
