dist(m),time(s),CeCation(S), Acetaldehyde1-Ce(S), Acetaldehyde2-Ce(S), OAnion(S)
0.000000000000000000e+00,0.000000000000000000e+00,1.065219286347421475e-40,-1.065219286347607038e-40,1.856094967375556594e-53,0.000000000000000000e+00
0.000000000000000000e+00,1.000000000000000000e+00,8.306385430886363016e-30,-8.306385430887011817e-30,6.494642015053013453e-43,0.000000000000000000e+00
0.000000000000000000e+00,2.000000000000000000e+00,3.829703001172976025e-29,-3.829703001173361102e-29,3.850112356687926074e-42,0.000000000000000000e+00
0.000000000000000000e+00,3.000000000000000000e+00,1.666751395343173372e-28,-1.666751395343359240e-28,1.858197204403190462e-41,0.000000000000000000e+00
0.000000000000000000e+00,4.000000000000000000e+00,6.869431413411748391e-28,-6.869431413412574372e-28,8.256648082237884999e-41,0.000000000000000000e+00
0.000000000000000000e+00,5.000000000000000000e+00,2.689089784559186403e-27,-2.689089784559532221e-27,3.459688428918836339e-40,0.000000000000000000e+00
0.000000000000000000e+00,6.000000000000000000e+00,1.002588018063023671e-26,-1.002588018063161424e-26,1.376959721564627469e-39,0.000000000000000000e+00
0.000000000000000000e+00,7.000000000000000000e+00,3.569328189095838046e-26,-3.569328189096360360e-26,5.224279045377948037e-39,0.000000000000000000e+00
0.000000000000000000e+00,8.000000000000000000e+00,1.216282490362709999e-25,-1.216282490362899410e-25,1.894595025267822754e-38,0.000000000000000000e+00
0.000000000000000000e+00,9.000000000000000000e+00,3.975880692062749424e-25,-3.975880692063407885e-25,6.582736916954797432e-38,0.000000000000000000e+00
0.000000000000000000e+00,1.000000000000000000e+01,1.249354262876637662e-24,-1.249354262876857333e-24,2.195972796778865681e-37,0.000000000000000000e+00
0.000000000000000000e+00,1.100000000000000000e+01,3.781242316925647010e-24,-3.781242316926351572e-24,7.047622364350860504e-37,0.000000000000000000e+00
0.000000000000000000e+00,1.200000000000000000e+01,1.104253883479581264e-23,-1.104253883479799318e-23,2.180024785681557073e-36,0.000000000000000000e+00
0.000000000000000000e+00,1.300000000000000000e+01,3.116934420569956905e-23,-3.116934420570608128e-23,6.510880750079067488e-36,0.000000000000000000e+00
0.000000000000000000e+00,1.400000000000000000e+01,8.517326767755632020e-23,-8.517326767757512811e-23,1.880557570647436989e-35,0.000000000000000000e+00
0.000000000000000000e+00,1.500000000000000000e+01,2.256554655387911882e-22,-2.256554655388438033e-22,5.260991631540177983e-35,0.000000000000000000e+00
0.000000000000000000e+00,1.600000000000000000e+01,5.804514535476131321e-22,-5.804514535477558842e-22,1.427604565392651042e-34,0.000000000000000000e+00
0.000000000000000000e+00,1.700000000000000000e+01,1.451568682184672879e-21,-1.451568682185049225e-21,3.762665429204579915e-34,0.000000000000000000e+00
0.000000000000000000e+00,1.800000000000000000e+01,3.533468999713770771e-21,-3.533468999714735241e-21,9.644598697454386872e-34,0.000000000000000000e+00
0.000000000000000000e+00,1.900000000000000000e+01,8.382354689597789243e-21,-8.382354689600196655e-21,2.407105574012544702e-33,0.000000000000000000e+00
0.000000000000000000e+00,2.000000000000000000e+01,1.940044933832249250e-20,-1.940044933832834853e-20,5.856260185601266223e-33,0.000000000000000000e+00
0.000000000000000000e+00,2.100000000000000000e+01,4.385220811355403464e-20,-4.385220811356793745e-20,1.390349722941595323e-32,0.000000000000000000e+00
0.000000000000000000e+00,2.200000000000000000e+01,9.690201764280287539e-20,-9.690201764283512268e-20,3.224368982897095513e-32,0.000000000000000000e+00
0.000000000000000000e+00,2.300000000000000000e+01,2.095270813210545690e-19,-2.095270813211276821e-19,7.311340184930492142e-32,0.000000000000000000e+00
0.000000000000000000e+00,2.400000000000000000e+01,4.437066698138030293e-19,-4.437066698139652889e-19,1.622456617302032547e-31,0.000000000000000000e+00
0.000000000000000000e+00,2.500000000000000000e+01,9.210055831247957449e-19,-9.210055831251483827e-19,3.526504773732232446e-31,0.000000000000000000e+00
0.000000000000000000e+00,2.600000000000000000e+01,1.875348937670565209e-18,-1.875348937671316707e-18,7.513860255346851777e-31,0.000000000000000000e+00
0.000000000000000000e+00,2.700000000000000000e+01,3.748699395849593774e-18,-3.748699395851164562e-18,1.570589821195895020e-30,0.000000000000000000e+00
0.000000000000000000e+00,2.800000000000000000e+01,7.361500775463777999e-18,-7.361500775467001236e-18,3.222999273098824403e-30,0.000000000000000000e+00
0.000000000000000000e+00,2.900000000000000000e+01,1.421124787541331598e-17,-1.421124787541981484e-17,6.497647973708498531e-30,0.000000000000000000e+00
0.000000000000000000e+00,3.000000000000000000e+01,2.698711242517148442e-17,-2.698711242518436196e-17,1.287764670425535785e-29,0.000000000000000000e+00
0.000000000000000000e+00,3.100000000000000000e+01,5.044329842117245646e-17,-5.044329842119756442e-17,2.510573625889226060e-29,0.000000000000000000e+00
0.000000000000000000e+00,3.200000000000000000e+01,9.285921100857437154e-17,-9.285921100862254136e-17,4.817526707265829944e-29,0.000000000000000000e+00
0.000000000000000000e+00,3.300000000000000000e+01,1.684458931619560929e-16,-1.684458931620471324e-16,9.104082836178395000e-29,0.000000000000000000e+00
0.000000000000000000e+00,3.400000000000000000e+01,3.012574897197115541e-16,-3.012574897198810606e-16,1.695288819267744387e-28,0.000000000000000000e+00
0.000000000000000000e+00,3.500000000000000000e+01,5.314649029064241624e-16,-5.314649029067353680e-16,3.112219142276365849e-28,0.000000000000000000e+00
0.000000000000000000e+00,3.600000000000000000e+01,9.252899361719168765e-16,-9.252899361724805176e-16,5.635452801153923051e-28,0.000000000000000000e+00
0.000000000000000000e+00,3.700000000000000000e+01,1.590542407747484369e-15,-1.590542407748491349e-15,1.006985183814808158e-27,0.000000000000000000e+00
0.000000000000000000e+00,3.800000000000000000e+01,2.700632356329491576e-15,-2.700632356331268090e-15,1.776426269821995709e-27,0.000000000000000000e+00
0.000000000000000000e+00,3.900000000000000000e+01,4.531255801843533384e-15,-4.531255801846628874e-15,3.095185251755035414e-27,0.000000000000000000e+00
0.000000000000000000e+00,4.000000000000000000e+01,7.515823987154697035e-15,-7.515823987160025002e-15,5.328668709393281373e-27,0.000000000000000000e+00
0.000000000000000000e+00,4.100000000000000000e+01,1.232831830634260205e-14,-1.232831830635167079e-14,9.068027517708572258e-27,0.000000000000000000e+00
0.000000000000000000e+00,4.200000000000000000e+01,2.000586107110829301e-14,-2.000586107112355274e-14,1.525917086077892108e-26,0.000000000000000000e+00
0.000000000000000000e+00,4.300000000000000000e+01,3.212822330592573918e-14,-3.212822330595114050e-14,2.539965791330742246e-26,0.000000000000000000e+00
0.000000000000000000e+00,4.400000000000000000e+01,5.107815898844791960e-14,-5.107815898848975447e-14,4.183613743822596620e-26,0.000000000000000000e+00
0.000000000000000000e+00,4.500000000000000000e+01,8.041537394924884139e-14,-8.041537394931704946e-14,6.820927874078475403e-26,0.000000000000000000e+00
0.000000000000000000e+00,4.600000000000000000e+01,1.254087262425630229e-13,-1.254087262426731352e-13,1.101128905445927397e-25,0.000000000000000000e+00
0.000000000000000000e+00,4.700000000000000000e+01,1.937866294156260925e-13,-1.937866294158021663e-13,1.760612876475234371e-25,0.000000000000000000e+00
0.000000000000000000e+00,4.800000000000000000e+01,2.967853614009578654e-13,-2.967853614012367561e-13,2.788958501585492088e-25,0.000000000000000000e+00
0.000000000000000000e+00,4.900000000000000000e+01,4.505997843239680910e-13,-4.505997843244059151e-13,4.378114489329176976e-25,0.000000000000000000e+00
0.000000000000000000e+00,5.000000000000000000e+01,6.783712707455022345e-13,-6.783712707461835074e-13,6.812488895844064085e-25,0.000000000000000000e+00
0.000000000000000000e+00,5.100000000000000000e+01,1.012883041686412535e-12,-1.012883041687463676e-12,1.050984387306400240e-24,0.000000000000000000e+00
0.000000000000000000e+00,5.200000000000000000e+01,1.500171572894689590e-12,-1.500171572896297503e-12,1.607853952978157928e-24,0.000000000000000000e+00
0.000000000000000000e+00,5.300000000000000000e+01,2.204298743383392270e-12,-2.204298743385832210e-12,2.439680148712113508e-24,0.000000000000000000e+00
0.000000000000000000e+00,5.400000000000000000e+01,3.213551168311193854e-12,-3.213551168314865680e-12,3.672115775546596617e-24,0.000000000000000000e+00
0.000000000000000000e+00,5.500000000000000000e+01,4.648317627161931417e-12,-4.648317627167414720e-12,5.483271453181625971e-24,0.000000000000000000e+00
0.000000000000000000e+00,5.600000000000000000e+01,6.670800765058487654e-12,-6.670800765066610826e-12,8.123105110721046182e-24,0.000000000000000000e+00
0.000000000000000000e+00,5.700000000000000000e+01,9.496473963927451295e-12,-9.496473963939388869e-12,1.193856733973857211e-23,0.000000000000000000e+00
0.000000000000000000e+00,5.800000000000000000e+01,1.340668549034924817e-11,-1.340668549036665290e-11,1.740526233858034961e-23,0.000000000000000000e+00
0.000000000000000000e+00,5.900000000000000000e+01,1.876087888187848751e-11,-1.876087888190365513e-11,2.516569402509255920e-23,0.000000000000000000e+00
0.000000000000000000e+00,6.000000000000000000e+01,2.600535033524952009e-11,-2.600535033528559292e-11,3.607267740788486787e-23,0.000000000000000000e+00
0.000000000000000000e+00,6.100000000000000000e+01,3.567316421147490375e-11,-3.567316421152613725e-11,5.123377412521630574e-23,0.000000000000000000e+00
0.000000000000000000e+00,6.200000000000000000e+01,4.836693341265770890e-11,-4.836693341272975116e-11,7.204825121887776643e-23,0.000000000000000000e+00
0.000000000000000000e+00,6.300000000000000000e+01,6.471347908144734428e-11,-6.471347908154757530e-11,1.002220443796904141e-22,0.000000000000000000e+00
0.000000000000000000e+00,6.400000000000000000e+01,8.527904727306161397e-11,-8.527904727319935247e-11,1.377395604522577607e-22,0.000000000000000000e+00
0.000000000000000000e+00,6.500000000000000000e+01,1.104395491624776853e-10,-1.104395491626644472e-10,1.867670682042445866e-22,0.000000000000000000e+00
0.000000000000000000e+00,6.600000000000000000e+01,1.402165270773072144e-10,-1.402165270775566610e-10,2.494665901569815163e-22,0.000000000000000000e+00
0.000000000000000000e+00,6.700000000000000000e+01,1.741169794053585244e-10,-1.741169794056862431e-10,3.277178000695686028e-22,0.000000000000000000e+00
0.000000000000000000e+00,6.800000000000000000e+01,2.110440650201624141e-10,-2.110440650205852068e-10,4.227811443097085042e-22,0.000000000000000000e+00
0.000000000000000000e+00,6.900000000000000000e+01,2.493523738228015347e-10,-2.493523738233365138e-10,5.349764175145238295e-22,0.000000000000000000e+00
0.000000000000000000e+00,7.000000000000000000e+01,2.870808509165889802e-10,-2.870808509172524824e-10,6.634719623933879383e-22,0.000000000000000000e+00
0.000000000000000000e+00,7.100000000000000000e+01,3.223122680824192296e-10,-3.223122680832255239e-10,8.062573983180487185e-22,0.000000000000000000e+00
0.000000000000000000e+00,7.200000000000000000e+01,3.535308103165408839e-10,-3.535308103175011889e-10,9.603054146555236276e-22,0.000000000000000000e+00
0.000000000000000000e+00,7.300000000000000000e+01,3.798431473373923842e-10,-3.798431473385142479e-10,1.121854902943507844e-21,0.000000000000000000e+00
0.000000000000000000e+00,7.400000000000000000e+01,4.010037725539829584e-10,-4.010037725552696896e-10,1.286718361512774627e-21,0.000000000000000000e+00
0.000000000000000000e+00,7.500000000000000000e+01,4.172826943230748755e-10,-4.172826943245253884e-10,1.450531070620194949e-21,0.000000000000000000e+00
0.000000000000000000e+00,7.600000000000000000e+01,4.292659429220082405e-10,-4.292659429236171585e-10,1.608920499564911557e-21,0.000000000000000000e+00
0.000000000000000000e+00,7.700000000000000000e+01,4.376686094232289420e-10,-4.376686094249865457e-10,1.757592162642110553e-21,0.000000000000000000e+00
0.000000000000000000e+00,7.800000000000000000e+01,4.432025930964463345e-10,-4.432025930983387170e-10,1.892367619033184460e-21,0.000000000000000000e+00
0.000000000000000000e+00,7.900000000000000000e+01,4.465027699827362679e-10,-4.465027699847454896e-10,2.009203799479571634e-21,0.000000000000000000e+00
0.000000000000000000e+00,8.000000000000000000e+01,4.480979821026071738e-10,-4.480979821047113661e-10,2.104217155896294190e-21,0.000000000000000000e+00
0.000000000000000000e+00,8.100000000000000000e+01,4.484094683621794631e-10,-4.484094683643531903e-10,2.173723564990407737e-21,0.000000000000000000e+00
0.000000000000000000e+00,8.200000000000000000e+01,4.477629772778007695e-10,-4.477629772800150803e-10,2.214321272513156094e-21,0.000000000000000000e+00
0.000000000000000000e+00,8.300000000000000000e+01,4.464047033421045937e-10,-4.464047033443275899e-10,2.222982062968251804e-21,0.000000000000000000e+00
0.000000000000000000e+00,8.400000000000000000e+01,4.445187548944156863e-10,-4.445187548966128848e-10,2.197184641425117517e-21,0.000000000000000000e+00
0.000000000000000000e+00,8.500000000000000000e+01,4.422413458647402058e-10,-4.422413458668753141e-10,2.135069040804313575e-21,0.000000000000000000e+00
0.000000000000000000e+00,8.600000000000000000e+01,4.396726555736416703e-10,-4.396726555756772584e-10,2.035612467122285115e-21,0.000000000000000000e+00
0.000000000000000000e+00,8.700000000000000000e+01,4.368858750433999501e-10,-4.368858750452987432e-10,1.898803902535863441e-21,0.000000000000000000e+00
0.000000000000000000e+00,8.800000000000000000e+01,4.339344448711279697e-10,-4.339344448728537787e-10,1.725814133885551434e-21,0.000000000000000000e+00
0.000000000000000000e+00,8.900000000000000000e+01,4.308571960047447168e-10,-4.308571960062638340e-10,1.519139142569742201e-21,0.000000000000000000e+00
0.000000000000000000e+00,9.000000000000000000e+01,4.276822124867637637e-10,-4.276822124880464623e-10,1.282692853772278562e-21,0.000000000000000000e+00
0.000000000000000000e+00,9.100000000000000000e+01,4.244297339924660033e-10,-4.244297339934878299e-10,1.021832522758158154e-21,0.000000000000000000e+00
0.000000000000000000e+00,9.200000000000000000e+01,4.211141763665345738e-10,-4.211141763672778473e-10,7.432903462848896807e-22,0.000000000000000000e+00
0.000000000000000000e+00,9.300000000000000000e+01,4.177456716053666194e-10,-4.177456716058216204e-10,4.549945430514157664e-22,0.000000000000000000e+00
0.000000000000000000e+00,9.400000000000000000e+01,4.143311750529152272e-10,-4.143311750530809735e-10,1.657692818934806285e-22,0.000000000000000000e+00
0.000000000000000000e+00,9.500000000000000000e+01,4.108752718381611227e-10,-4.108752718380460412e-10,-1.150857089985856040e-22,0.000000000000000000e+00
0.000000000000000000e+00,9.600000000000000000e+01,4.073807640396347675e-10,-4.073807640392564874e-10,-3.783194675137029783e-22,0.000000000000000000e+00
0.000000000000000000e+00,9.700000000000000000e+01,4.038490979465420469e-10,-4.038490979459267279e-10,-6.153237614795967434e-22,0.000000000000000000e+00
0.000000000000000000e+00,9.800000000000000000e+01,4.002806745552293224e-10,-4.002806745544106204e-10,-8.187444605034507094e-22,0.000000000000000000e+00
0.000000000000000000e+00,9.900000000000000000e+01,3.966750746051780091e-10,-3.966750746041949566e-10,-9.830436252855910206e-22,0.000000000000000000e+00
0.000000000000000000e+00,1.000000000000000000e+02,3.189492653066306348e-10,-3.189492653072345283e-10,6.038832880137800753e-22,0.000000000000000000e+00
0.000000000000000000e+00,1.010000000000000000e+02,2.401197353243640938e-10,-2.401197353266904359e-10,2.326329834018493410e-21,0.000000000000000000e+00
0.000000000000000000e+00,1.020000000000000000e+02,2.044521015671558379e-10,-2.044521015701137323e-10,2.957889435894541652e-21,0.000000000000000000e+00
0.000000000000000000e+00,1.030000000000000000e+02,1.840528730201794568e-10,-1.840528730233938289e-10,3.214383348777695197e-21,0.000000000000000000e+00
0.000000000000000000e+00,1.040000000000000000e+02,1.710320956187265008e-10,-1.710320956220204116e-10,3.293930826689271173e-21,0.000000000000000000e+00
0.000000000000000000e+00,1.050000000000000000e+02,1.621638060276640204e-10,-1.621638060309404828e-10,3.276468197382652255e-21,0.000000000000000000e+00
0.000000000000000000e+00,1.060000000000000000e+02,1.558579850339498821e-10,-1.558579850371512262e-10,3.201364092470517452e-21,0.000000000000000000e+00
0.000000000000000000e+00,1.070000000000000000e+02,1.512334899581181549e-10,-1.512334899612088636e-10,3.090707741093330219e-21,0.000000000000000000e+00
0.000000000000000000e+00,1.080000000000000000e+02,1.477608789134532676e-10,-1.477608789164113431e-10,2.958081092909244058e-21,0.000000000000000000e+00
0.000000000000000000e+00,1.090000000000000000e+02,1.451027047895333792e-10,-1.451027047923457933e-10,2.812396683535074961e-21,0.000000000000000000e+00
0.000000000000000000e+00,1.100000000000000000e+02,1.430341045777733924e-10,-1.430341045804331400e-10,2.659771430497007540e-21,0.000000000000000000e+00
0.000000000000000000e+00,1.110000000000000000e+02,1.414000039582035459e-10,-1.414000039607080679e-10,2.504525072492979292e-21,0.000000000000000000e+00
0.000000000000000000e+00,1.120000000000000000e+02,1.400905408953059728e-10,-1.400905408976557345e-10,2.349753353919249417e-21,0.000000000000000000e+00
0.000000000000000000e+00,1.130000000000000000e+02,1.390262045890932844e-10,-1.390262045912909482e-10,2.197679703522266184e-21,0.000000000000000000e+00
0.000000000000000000e+00,1.140000000000000000e+02,1.381484572947202294e-10,-1.381484572967701122e-10,2.049884399579374791e-21,0.000000000000000000e+00
0.000000000000000000e+00,1.150000000000000000e+02,1.374136008970785416e-10,-1.374136008989859943e-10,1.907462138319962702e-21,0.000000000000000000e+00
0.000000000000000000e+00,1.160000000000000000e+02,1.367886430427573524e-10,-1.367886430445284753e-10,1.771135480025058943e-21,0.000000000000000000e+00
0.000000000000000000e+00,1.170000000000000000e+02,1.362484392337526898e-10,-1.362484392353940230e-10,1.641339645901517790e-21,0.000000000000000000e+00
0.000000000000000000e+00,1.180000000000000000e+02,1.357736741588411420e-10,-1.357736741603594320e-10,1.518287745428561974e-21,0.000000000000000000e+00
0.000000000000000000e+00,1.190000000000000000e+02,1.353494097320573410e-10,-1.353494097334593604e-10,1.402021991660632068e-21,0.000000000000000000e+00
0.000000000000000000e+00,1.200000000000000000e+02,1.349640246540654507e-10,-1.349640246553579204e-10,1.292454462082594023e-21,0.000000000000000000e+00
0.000000000000000000e+00,1.210000000000000000e+02,1.346084298732293489e-10,-1.346084298744187571e-10,1.189399792905248902e-21,0.000000000000000000e+00
0.000000000000000000e+00,1.220000000000000000e+02,1.342754818171895077e-10,-1.342754818182821099e-10,1.092601488233868975e-21,0.000000000000000000e+00
0.000000000000000000e+00,1.230000000000000000e+02,1.339595394861089922e-10,-1.339595394871107596e-10,1.001753082872745322e-21,0.000000000000000000e+00
0.000000000000000000e+00,1.240000000000000000e+02,1.336561275170055386e-10,-1.336561275179220547e-10,9.165151080291479596e-22,0.000000000000000000e+00
0.000000000000000000e+00,1.250000000000000000e+02,1.333616781512494755e-10,-1.333616781520860136e-10,8.365286106112799824e-22,0.000000000000000000e+00
0.000000000000000000e+00,1.260000000000000000e+02,1.330733324921932182e-10,-1.330733324929546380e-10,7.614258337637410180e-22,0.000000000000000000e+00
0.000000000000000000e+00,1.270000000000000000e+02,1.327887866651408401e-10,-1.327887866658316652e-10,6.908385583488225058e-22,0.000000000000000000e+00
0.000000000000000000e+00,1.280000000000000000e+02,1.325061722117219477e-10,-1.325061722123463656e-10,6.244045203796350835e-22,0.000000000000000000e+00
0.000000000000000000e+00,1.290000000000000000e+02,1.322239627353185958e-10,-1.322239627358803548e-10,5.617722509344110250e-22,0.000000000000000000e+00
0.000000000000000000e+00,1.300000000000000000e+02,1.319409007755067574e-10,-1.319409007760093471e-10,5.026046285172271363e-22,0.000000000000000000e+00
0.000000000000000000e+00,1.310000000000000000e+02,1.316559403375148120e-10,-1.316559403379613862e-10,4.465813864928771540e-22,0.000000000000000000e+00
0.000000000000000000e+00,1.320000000000000000e+02,1.313682015817026131e-10,-1.313682015820960150e-10,3.934007783097206621e-22,0.000000000000000000e+00
0.000000000000000000e+00,1.330000000000000000e+02,1.310769349886940399e-10,-1.310769349890368028e-10,3.427805694433949159e-22,0.000000000000000000e+00
0.000000000000000000e+00,1.340000000000000000e+02,1.307814929288546500e-10,-1.307814929291491004e-10,2.944584964071079862e-22,0.000000000000000000e+00
0.000000000000000000e+00,1.350000000000000000e+02,1.304813070315229579e-10,-1.304813070317711638e-10,2.481923089828046521e-22,0.000000000000000000e+00
0.000000000000000000e+00,1.360000000000000000e+02,1.301758701063376256e-10,-1.301758701065413964e-10,2.037594914245226538e-22,0.000000000000000000e+00
0.000000000000000000e+00,1.370000000000000000e+02,1.298647216434099891e-10,-1.298647216435709533e-10,1.609567412078004714e-22,0.000000000000000000e+00
0.000000000000000000e+00,1.380000000000000000e+02,1.295474355517374628e-10,-1.295474355518570421e-10,1.196020149748760596e-22,0.000000000000000000e+00
0.000000000000000000e+00,1.390000000000000000e+02,1.292236065906316902e-10,-1.292236065907112030e-10,7.952989180989355069e-23,0.000000000000000000e+00
0.000000000000000000e+00,1.400000000000000000e+02,1.288928516828150855e-10,-1.288928516828556949e-10,4.059036964035351556e-23,0.000000000000000000e+00
0.000000000000000000e+00,1.410000000000000000e+02,1.285548008661766627e-10,-1.285548008661792993e-10,2.649094045862827343e-24,0.000000000000000000e+00
0.000000000000000000e+00,1.420000000000000000e+02,1.282090902626154663e-10,-1.282090902625810349e-10,-3.441340445936091844e-23,0.000000000000000000e+00
0.000000000000000000e+00,1.430000000000000000e+02,1.278553577100957431e-10,-1.278553577100250450e-10,-7.070269948155006239e-23,0.000000000000000000e+00
0.000000000000000000e+00,1.440000000000000000e+02,1.274932390560054326e-10,-1.274932390558991399e-10,-1.063114430922849024e-22,0.000000000000000000e+00
0.000000000000000000e+00,1.450000000000000000e+02,1.271223649649176009e-10,-1.271223649647762823e-10,-1.413203131391552155e-22,0.000000000000000000e+00
0.000000000000000000e+00,1.460000000000000000e+02,1.267423581229751040e-10,-1.267423581227993022e-10,-1.757989243307568419e-22,0.000000000000000000e+00
0.000000000000000000e+00,1.470000000000000000e+02,1.263528307439426946e-10,-1.263528307437328751e-10,-2.098066964424078307e-22,0.000000000000000000e+00
0.000000000000000000e+00,1.480000000000000000e+02,1.259533822999750484e-10,-1.259533822997316505e-10,-2.433936750525604459e-22,0.000000000000000000e+00
0.000000000000000000e+00,1.490000000000000000e+02,1.255435974143307773e-10,-1.255435974140541630e-10,-2.766013018867115026e-22,0.000000000000000000e+00
0.000000000000000000e+00,1.500000000000000000e+02,1.251230438642900889e-10,-1.251230438639806199e-10,-3.094631331654292119e-22,0.000000000000000000e+00
0.000000000000000000e+00,1.510000000000000000e+02,1.246912706513265195e-10,-1.246912706509845320e-10,-3.420055054241514453e-22,0.000000000000000000e+00
0.000000000000000000e+00,1.520000000000000000e+02,1.242478061023154668e-10,-1.242478061019412193e-10,-3.742481490989321868e-22,0.000000000000000000e+00
0.000000000000000000e+00,1.530000000000000000e+02,1.237921559708464301e-10,-1.237921559704402327e-10,-4.062047508253596806e-22,0.000000000000000000e+00
0.000000000000000000e+00,1.540000000000000000e+02,1.233238015117818769e-10,-1.233238015113439881e-10,-4.378834659029810135e-22,0.000000000000000000e+00
0.000000000000000000e+00,1.550000000000000000e+02,1.228421975052514639e-10,-1.228421975047821681e-10,-4.692873827543429706e-22,0.000000000000000000e+00
0.000000000000000000e+00,1.560000000000000000e+02,1.306466284902983070e-10,-1.306466284898048937e-10,-4.934144724232979675e-22,0.000000000000000000e+00
0.000000000000000000e+00,1.570000000000000000e+02,1.600508218859440739e-10,-1.600508218856014402e-10,-3.426160172371145777e-22,0.000000000000000000e+00
0.000000000000000000e+00,1.580000000000000000e+02,1.980353563583952353e-10,-1.980353563587381534e-10,3.428965037066068500e-22,0.000000000000000000e+00
0.000000000000000000e+00,1.590000000000000000e+02,2.480735722338440333e-10,-2.480735722354424048e-10,1.598358899581971811e-21,0.000000000000000000e+00
0.000000000000000000e+00,1.600000000000000000e+02,3.153723686585898711e-10,-3.153723686620923606e-10,3.502487655776826943e-21,0.000000000000000000e+00
0.000000000000000000e+00,1.610000000000000000e+02,4.074352938340820204e-10,-4.074352938402672634e-10,6.185260447738077392e-21,0.000000000000000000e+00
0.000000000000000000e+00,1.620000000000000000e+02,5.328665263370526432e-10,-5.328665263468394306e-10,9.786769933780486571e-21,0.000000000000000000e+00
0.000000000000000000e+00,1.630000000000000000e+02,6.885451231293539602e-10,-6.885451231436572571e-10,1.430335827068486250e-20,0.000000000000000000e+00
0.000000000000000000e+00,1.640000000000000000e+02,5.255649775033730226e-10,-5.255649775222232280e-10,1.885022790964303826e-20,0.000000000000000000e+00
0.000000000000000000e+00,1.650000000000000000e+02,1.112353538309639245e-10,-1.112353538516199169e-10,2.065599101030251231e-20,0.000000000000000000e+00
0.000000000000000000e+00,1.660000000000000000e+02,9.028590118622039068e-11,-9.028590120642270033e-11,2.020231629386857239e-20,0.000000000000000000e+00
0.000000000000000000e+00,1.670000000000000000e+02,7.814401789075989866e-11,-7.814401791034701858e-11,1.958712756182136284e-20,0.000000000000000000e+00
0.000000000000000000e+00,1.680000000000000000e+02,7.015964134110855289e-11,-7.015964135993201708e-11,1.882345900818447947e-20,0.000000000000000000e+00
0.000000000000000000e+00,1.690000000000000000e+02,6.449117848783091323e-11,-6.449117850574211353e-11,1.791119462128310278e-20,0.000000000000000000e+00
0.000000000000000000e+00,1.700000000000000000e+02,6.024772790468010612e-11,-6.024772792152620798e-11,1.684610055508863419e-20,0.000000000000000000e+00
0.000000000000000000e+00,1.710000000000000000e+02,5.694148299448285631e-11,-5.694148301010586178e-11,1.562300858310203479e-20,0.000000000000000000e+00
0.000000000000000000e+00,1.720000000000000000e+02,5.428148070430609936e-11,-5.428148071854357084e-11,1.423747465173130976e-20,0.000000000000000000e+00
0.000000000000000000e+00,1.730000000000000000e+02,5.208286576309956596e-11,-5.208286577578652616e-11,1.268695994431007734e-20,0.000000000000000000e+00
0.000000000000000000e+00,1.740000000000000000e+02,5.022235504343437309e-11,-5.022235505440623244e-11,1.097186036728724529e-20,0.000000000000000000e+00
0.000000000000000000e+00,1.750000000000000000e+02,4.861449833582725657e-11,-4.861449834492374885e-11,9.096493779421383346e-21,0.000000000000000000e+00
0.000000000000000000e+00,1.760000000000000000e+02,4.719818082417338969e-11,-4.719818083124345749e-11,7.070067902167118803e-21,0.000000000000000000e+00
0.000000000000000000e+00,1.770000000000000000e+02,4.592853757111913021e-11,-4.592853757602673462e-11,4.907606543102693023e-21,0.000000000000000000e+00
0.000000000000000000e+00,1.780000000000000000e+02,4.477189607688346527e-11,-4.477189607951424212e-11,2.630780045243283478e-21,0.000000000000000000e+00
0.000000000000000000e+00,1.790000000000000000e+02,4.370249436421842895e-11,-4.370249436448699124e-11,2.685594917311919782e-22,0.000000000000000000e+00
0.000000000000000000e+00,1.800000000000000000e+02,4.270028373313190922e-11,-4.270028373098949851e-11,-2.142407283624921334e-21,0.000000000000000000e+00
0.000000000000000000e+00,1.810000000000000000e+02,4.174942286215117260e-11,-4.174942285759334926e-11,-4.557822185581221543e-21,0.000000000000000000e+00
0.000000000000000000e+00,1.820000000000000000e+02,4.083721487789717446e-11,-4.083721487097088746e-11,-6.926293148645797644e-21,0.000000000000000000e+00
0.000000000000000000e+00,1.830000000000000000e+02,3.995334172084657515e-11,-3.995334171165603632e-11,-9.190544319647558945e-21,0.000000000000000000e+00
0.000000000000000000e+00,1.840000000000000000e+02,3.908930500010409260e-11,-3.908930498881471221e-11,-1.128938000718163511e-20,0.000000000000000000e+00
0.000000000000000000e+00,1.850000000000000000e+02,3.823801017890565065e-11,-3.823801016574520064e-11,-1.316044955998794642e-20,0.000000000000000000e+00
0.000000000000000000e+00,1.860000000000000000e+02,3.739345165405016720e-11,-3.739345163930640302e-11,-1.474376516981662329e-20,0.000000000000000000e+00
0.000000000000000000e+00,1.870000000000000000e+02,3.655047266728018324e-11,-3.655047265129432337e-11,-1.598585490560227987e-20,0.000000000000000000e+00
0.000000000000000000e+00,1.880000000000000000e+02,3.570458455575487194e-11,-3.570458453891061831e-11,-1.684425722534124865e-20,0.000000000000000000e+00
0.000000000000000000e+00,1.890000000000000000e+02,3.485182370279980335e-11,-3.485182368550787699e-11,-1.729192549450487101e-20,0.000000000000000000e+00
0.000000000000000000e+00,1.900000000000000000e+02,3.398864006656315327e-11,-3.398864004924215280e-11,-1.732100632130050436e-20,0.000000000000000000e+00
0.000000000000000000e+00,1.910000000000000000e+02,3.311181092093119568e-11,-3.311181090398584507e-11,-1.694534583419351552e-20,0.000000000000000000e+00
0.000000000000000000e+00,1.920000000000000000e+02,3.221837553266300577e-11,-3.221837551646182044e-11,-1.620118589119364435e-20,0.000000000000000000e+00
0.000000000000000000e+00,1.930000000000000000e+02,3.130558848442186508e-11,-3.130558846927631731e-11,-1.514554943753416346e-20,0.000000000000000000e+00
0.000000000000000000e+00,1.940000000000000000e+02,3.037088649437729679e-11,-3.037088648052514930e-11,-1.385214679806518377e-20,0.000000000000000000e+00
0.000000000000000000e+00,1.950000000000000000e+02,2.941186893462410804e-11,-2.941186892221905488e-11,-1.240505075741665128e-20,0.000000000000000000e+00
0.000000000000000000e+00,1.960000000000000000e+02,2.842629233421439476e-11,-2.842629232332356679e-11,-1.089082947716225844e-20,0.000000000000000000e+00
0.000000000000000000e+00,1.970000000000000000e+02,2.741207892894235193e-11,-2.741207891955210068e-11,-9.390253560673808205e-21,0.000000000000000000e+00
0.000000000000000000e+00,1.980000000000000000e+02,2.636733992728066313e-11,-2.636733991930976334e-11,-7.970897261853474744e-21,0.000000000000000000e+00
0.000000000000000000e+00,1.990000000000000000e+02,2.529041486486597955e-11,-2.529041485818416320e-11,-6.681815752891506589e-21,0.000000000000000000e+00
0.000000000000000000e+00,2.000000000000000000e+02,2.417992972481222494e-11,-2.417992971926089306e-11,-5.551331096138010625e-21,0.000000000000000000e+00
0.000000000000000000e+00,2.010000000000000000e+02,2.303487740949703651e-11,-2.303487740490883691e-11,-4.588201070971539500e-21,0.000000000000000000e+00
0.000000000000000000e+00,2.020000000000000000e+02,2.185472140610215258e-11,-2.185472140231698055e-11,-3.785171612819911094e-21,0.000000000000000000e+00
0.000000000000000000e+00,2.030000000000000000e+02,2.063952731280665688e-11,-2.063952730968220830e-11,-3.124449657608514234e-21,0.000000000000000000e+00
0.000000000000000000e+00,2.040000000000000000e+02,1.939012543431260056e-11,-1.939012543172922180e-11,-2.583379333461878040e-21,0.000000000000000000e+00
0.000000000000000000e+00,2.050000000000000000e+02,1.810830450133207387e-11,-1.810830449919315606e-11,-2.138919329711373004e-21,0.000000000000000000e+00
0.000000000000000000e+00,2.060000000000000000e+02,1.679703739527268400e-11,-1.679703739350183571e-11,-1.770849000394585062e-21,0.000000000000000000e+00
0.000000000000000000e+00,2.070000000000000000e+02,1.546073350624873005e-11,-1.546073350478580298e-11,-1.462924874977842341e-21,0.000000000000000000e+00
0.000000000000000000e+00,2.080000000000000000e+02,1.410550756159242732e-11,-1.410550756038942883e-11,-1.202997653874200901e-21,0.000000000000000000e+00
0.000000000000000000e+00,2.090000000000000000e+02,1.273944526479615998e-11,-1.273944526381378445e-11,-9.823756658230161235e-22,0.000000000000000000e+00
0.000000000000000000e+00,2.100000000000000000e+02,1.137283293533239683e-11,-1.137283293453776707e-11,-7.946297935334972101e-22,0.000000000000000000e+00
0.000000000000000000e+00,2.110000000000000000e+02,1.001830540124104286e-11,-1.001830540060586186e-11,-6.351801277436238736e-22,0.000000000000000000e+00
0.000000000000000000e+00,2.120000000000000000e+02,8.690846379903196483e-12,-8.690846379402844301e-12,-5.003531142303460879e-22,0.000000000000000000e+00
0.000000000000000000e+00,2.130000000000000000e+02,7.407564001468741047e-12,-7.407564001081407263e-12,-3.873324888216069971e-22,0.000000000000000000e+00
0.000000000000000000e+00,2.140000000000000000e+02,6.187155940419563194e-12,-6.187155940125821180e-12,-2.937423230131810368e-22,0.000000000000000000e+00
0.000000000000000000e+00,2.150000000000000000e+02,5.048992595542201463e-12,-5.048992595324875105e-12,-2.173260766738886754e-22,0.000000000000000000e+00
0.000000000000000000e+00,2.160000000000000000e+02,4.011789877450314297e-12,-4.011789877294040170e-12,-1.562743713975974192e-22,0.000000000000000000e+00
0.000000000000000000e+00,2.170000000000000000e+02,3.091924711801155481e-12,-3.091924711692334782e-12,-1.088208542767870189e-22,0.000000000000000000e+00
0.000000000000000000e+00,2.180000000000000000e+02,2.301566125389289090e-12,-2.301566125316161558e-12,-7.312731368746202998e-23,0.000000000000000000e+00
0.000000000000000000e+00,2.190000000000000000e+02,1.646927922803640336e-12,-1.646927922756352100e-12,-4.728823409310357961e-23,0.000000000000000000e+00
0.000000000000000000e+00,2.200000000000000000e+02,1.127047647852503608e-12,-1.127047647823212205e-12,-2.929153681695111139e-23,0.000000000000000000e+00
0.000000000000000000e+00,2.210000000000000000e+02,7.334947515904358282e-13,-7.334947515731807517e-13,-1.725504569203437575e-23,0.000000000000000000e+00
0.000000000000000000e+00,2.220000000000000000e+02,4.512563124350485803e-13,-4.512563124255967898e-13,-9.451776312090952272e-24,0.000000000000000000e+00
0.000000000000000000e+00,2.230000000000000000e+02,2.607475522351450330e-13,-2.607475522305764555e-13,-4.568577565884061110e-24,0.000000000000000000e+00
0.000000000000000000e+00,2.240000000000000000e+02,1.405388892093494891e-13,-1.405388892075369265e-13,-1.812570903387634660e-24,0.000000000000000000e+00
0.000000000000000000e+00,2.250000000000000000e+02,7.013864762568648051e-14,-7.013864762504322440e-14,-6.432589812187154659e-25,0.000000000000000000e+00
0.000000000000000000e+00,2.260000000000000000e+02,3.215757926656311047e-14,-3.215757926624827924e-14,-3.148337808104033862e-25,0.000000000000000000e+00
0.000000000000000000e+00,2.270000000000000000e+02,1.343081184124163224e-14,-1.343081184102854513e-14,-2.130867422971668857e-25,0.000000000000000000e+00
0.000000000000000000e+00,2.280000000000000000e+02,5.063530800705106278e-15,-5.063530800664860172e-15,-4.024618160439069991e-26,0.000000000000000000e+00
0.000000000000000000e+00,2.290000000000000000e+02,1.706323215200550825e-15,-1.706323215171699026e-15,-2.885167965887888080e-26,0.000000000000000000e+00
0.000000000000000000e+00,2.300000000000000000e+02,5.084768479460256109e-16,-5.084768479954473522e-16,4.942171538992308925e-26,0.000000000000000000e+00
0.000000000000000000e+00,2.310000000000000000e+02,1.324501398213531908e-16,-1.324501472618833324e-16,7.440530136183153285e-24,0.000000000000000000e+00
0.000000000000000000e+00,2.320000000000000000e+02,2.978130633144830383e-17,-2.978130638209493039e-17,5.064662826654253363e-26,0.000000000000000000e+00
0.000000000000000000e+00,2.330000000000000000e+02,5.704420765470750010e-18,-5.704420768392297914e-18,2.921547849063193045e-27,0.000000000000000000e+00
0.000000000000000000e+00,2.340000000000000000e+02,9.158127793843040365e-19,-9.158139929207702042e-19,1.213536466125569350e-24,0.000000000000000000e+00
0.000000000000000000e+00,2.350000000000000000e+02,1.190740808856421594e-19,-1.190740975045600441e-19,1.661891789072313930e-26,0.000000000000000000e+00
0.000000000000000000e+00,2.360000000000000000e+02,1.191068475155585817e-20,-1.191000359211822283e-20,-6.811594376338328215e-25,0.000000000000000000e+00
0.000000000000000000e+00,2.370000000000000000e+02,8.584095360643293777e-22,-8.475577255961856175e-22,-1.085181046814338402e-23,0.000000000000000000e+00
0.000000000000000000e+00,2.380000000000000000e+02,9.401561759294548220e-23,-9.253810827837445079e-23,-1.477509314570431904e-24,0.000000000000000000e+00
0.000000000000000000e+00,2.390000000000000000e+02,2.572544923185106898e-24,1.335519509482175935e-25,-2.706096874136285107e-24,0.000000000000000000e+00
0.000000000000000000e+00,2.400000000000000000e+02,2.556833400862205644e-24,1.846660889051109089e-26,-2.575300009755366418e-24,0.000000000000000000e+00
0.000000000000000000e+00,2.410000000000000000e+02,2.438788016165546209e-24,1.676702073821340608e-27,-2.440464718238529505e-24,0.000000000000000000e+00
0.000000000000000000e+00,2.420000000000000000e+02,2.252718906059306382e-24,-6.036631951606439021e-28,-2.252115242866427139e-24,0.000000000000000000e+00
0.000000000000000000e+00,2.430000000000000000e+02,2.034354850086649422e-24,-8.766033366355831310e-28,-2.033478246750205293e-24,0.000000000000000000e+00
0.000000000000000000e+00,2.440000000000000000e+02,1.803587242665872189e-24,-8.879909251612830102e-28,-1.802699251739001136e-24,0.000000000000000000e+00
0.000000000000000000e+00,2.450000000000000000e+02,1.574150047807580701e-24,-8.659450192252545701e-28,-1.573284102790134461e-24,0.000000000000000000e+00
0.000000000000000000e+00,2.460000000000000000e+02,1.270072130446741174e-24,-8.025639537830147892e-28,-1.269269566495799067e-24,0.000000000000000000e+00
0.000000000000000000e+00,2.470000000000000000e+02,1.004212749205434447e-24,-7.290369067787441453e-28,-1.003483712300499438e-24,0.000000000000000000e+00
0.000000000000000000e+00,2.480000000000000000e+02,5.040383853037734665e-25,-5.676584379967352917e-28,-5.034707268656479319e-25,0.000000000000000000e+00
0.000000000000000000e+00,2.490000000000000000e+02,3.878292512787369218e-25,-4.989996640207514930e-28,-3.873302516172015603e-25,0.000000000000000000e+00
0.000000000000000000e+00,2.500000000000000000e+02,2.983605241129548199e-25,-4.418038486583693334e-28,-2.979187202675180398e-25,0.000000000000000000e+00
0.000000000000000000e+00,2.510000000000000000e+02,2.294311073548491447e-25,-3.902887942710309664e-28,-2.290408185604172638e-25,0.000000000000000000e+00
0.000000000000000000e+00,2.520000000000000000e+02,1.763727359214716509e-25,-3.438085119359329872e-28,-1.760289274119840523e-25,0.000000000000000000e+00
0.000000000000000000e+00,2.530000000000000000e+02,1.355621007949017470e-25,-3.020136953536650396e-28,-1.352600871017858834e-25,0.000000000000000000e+00
0.000000000000000000e+00,2.540000000000000000e+02,1.041968122723854218e-25,-2.645699712107450559e-28,-1.039322422985997472e-25,0.000000000000000000e+00
0.000000000000000000e+00,2.550000000000000000e+02,8.010020809193691053e-26,-2.311465235008226251e-28,-7.986906156705607590e-26,0.000000000000000000e+00
0.000000000000000000e+00,2.560000000000000000e+02,6.157650008241635603e-26,-2.014191548029033866e-28,-6.137508093020996355e-26,0.000000000000000000e+00
0.000000000000000000e+00,2.570000000000000000e+02,4.736318703460942583e-26,-1.750719472531677851e-28,-4.718811509154326790e-26,0.000000000000000000e+00
0.000000000000000000e+00,2.580000000000000000e+02,3.644032082501949846e-26,-1.518002626226432914e-28,-3.628852056152832096e-26,0.000000000000000000e+00
0.000000000000000000e+00,2.590000000000000000e+02,2.804934305192964689e-26,-1.313133739431977741e-28,-2.791802967562889417e-26,0.000000000000000000e+00
0.000000000000000000e+00,2.600000000000000000e+02,2.160390916461456921e-26,-1.133357160058685787e-28,-2.149057344758354099e-26,0.000000000000000000e+00
0.000000000000000000e+00,2.610000000000000000e+02,1.664933903151179834e-26,-9.760917991793748086e-29,-1.655172985655352866e-26,0.000000000000000000e+00
0.000000000000000000e+00,2.620000000000000000e+02,1.284304594707192379e-26,-8.389203853693808492e-29,-1.275915390721599839e-26,0.000000000000000000e+00
0.000000000000000000e+00,2.630000000000000000e+02,9.905791465236772300e-27,-7.196155175873399239e-29,-9.833829917403500674e-27,0.000000000000000000e+00
0.000000000000000000e+00,2.640000000000000000e+02,7.653029295394140288e-27,-6.161366095391528385e-29,-7.591415636744377603e-27,0.000000000000000000e+00
0.000000000000000000e+00,2.650000000000000000e+02,5.917828045259461176e-27,-5.266081200042851386e-29,-5.865167234456521615e-27,0.000000000000000000e+00
0.000000000000000000e+00,2.660000000000000000e+02,4.577497124116054935e-27,-4.493429721885963777e-29,-4.532562825267849925e-27,0.000000000000000000e+00
0.000000000000000000e+00,2.670000000000000000e+02,8.631413346981957492e-27,-4.329878760057678416e-29,-8.588114559879588275e-27,0.000000000000000000e+00
0.000000000000000000e+00,2.680000000000000000e+02,3.496037307923163945e-27,-3.344798806729147776e-29,-3.462589321467126247e-27,0.000000000000000000e+00
0.000000000000000000e+00,2.690000000000000000e+02,3.273423500706993412e-26,-6.690952266602083343e-29,-3.266732548644440618e-26,0.000000000000000000e+00
0.000000000000000000e+00,2.700000000000000000e+02,5.170143082294826802e-26,-9.402848988608198111e-29,-5.160740233092407202e-26,0.000000000000000000e+00
0.000000000000000000e+00,2.710000000000000000e+02,6.310534274781627272e-26,-1.153426964637222028e-28,-6.299000005530138501e-26,0.000000000000000000e+00
0.000000000000000000e+00,2.720000000000000000e+02,6.899453411063998470e-26,-1.314900205951299059e-28,-6.886304409045214522e-26,0.000000000000000000e+00
0.000000000000000000e+00,2.730000000000000000e+02,5.829955417560984679e-26,-1.198853703442583071e-28,-5.817966880417219506e-26,0.000000000000000000e+00
0.000000000000000000e+00,2.740000000000000000e+02,4.917902877707492137e-26,-1.088257563986122781e-28,-4.907020302223172689e-26,0.000000000000000000e+00
0.000000000000000000e+00,2.750000000000000000e+02,4.134367466098146204e-26,-9.850007409638659651e-29,-4.124517458694210528e-26,0.000000000000000000e+00
0.000000000000000000e+00,2.760000000000000000e+02,3.420391256892900913e-26,-8.826471643909290223e-29,-3.411564785559762942e-26,0.000000000000000000e+00
0.000000000000000000e+00,2.770000000000000000e+02,2.830632741961014318e-26,-7.899844297451721407e-29,-2.822732898116844239e-26,0.000000000000000000e+00
0.000000000000000000e+00,2.780000000000000000e+02,2.344703081399971067e-26,-7.062802097407521519e-29,-2.337640279209699492e-26,0.000000000000000000e+00
0.000000000000000000e+00,2.790000000000000000e+02,1.943588835769627522e-26,-6.307948633790334224e-29,-1.937280887376583941e-26,0.000000000000000000e+00
0.000000000000000000e+00,2.800000000000000000e+02,1.611785402951044567e-26,-5.628219130266748886e-29,-1.606157183846629511e-26,0.000000000000000000e+00
0.000000000000000000e+00,2.810000000000000000e+02,1.338033094126757830e-26,-5.017143867380184008e-29,-1.333015950325131861e-26,0.000000000000000000e+00
0.000000000000000000e+00,2.820000000000000000e+02,1.111565220628320286e-26,-4.468504349332878656e-29,-1.107096716489951910e-26,0.000000000000000000e+00
0.000000000000000000e+00,2.830000000000000000e+02,9.243605249786021484e-27,-3.976635083195550594e-29,-9.203838901072619039e-27,0.000000000000000000e+00
0.000000000000000000e+00,2.840000000000000000e+02,7.693925749706253782e-27,-3.536221960008154468e-29,-7.658563533330241001e-27,0.000000000000000000e+00
0.000000000000000000e+00,2.850000000000000000e+02,6.393181806994585697e-27,-3.142380372863079975e-29,-6.361758009021285441e-27,0.000000000000000000e+00
0.000000000000000000e+00,2.860000000000000000e+02,5.334135235252213136e-27,-2.790526728099235688e-29,-5.306229966842562531e-27,0.000000000000000000e+00
0.000000000000000000e+00,2.870000000000000000e+02,4.442646404323508338e-27,-2.476607890145405111e-29,-4.417880323482304937e-27,0.000000000000000000e+00
0.000000000000000000e+00,2.880000000000000000e+02,3.737545853498474454e-27,-2.196802342442365133e-29,-3.715577829884318667e-27,0.000000000000000000e+00
0.000000000000000000e+00,2.890000000000000000e+02,3.096747842396528418e-27,-1.947579345068528384e-29,-3.077272050371313706e-27,0.000000000000000000e+00
0.000000000000000000e+00,2.900000000000000000e+02,1.788449307070317723e-27,-2.304339155692086138e-29,-1.765405910379057942e-27,0.000000000000000000e+00
0.000000000000000000e+00,2.910000000000000000e+02,1.461133655143287139e-27,-2.059152794292599310e-29,-1.440542123753040291e-27,0.000000000000000000e+00
0.000000000000000000e+00,2.920000000000000000e+02,1.194175233318549617e-27,-1.838503754869422699e-29,-1.175790191717338616e-27,0.000000000000000000e+00
0.000000000000000000e+00,2.930000000000000000e+02,9.747123142970915482e-28,-1.640652110339036394e-29,-9.583057925648117066e-28,0.000000000000000000e+00
0.000000000000000000e+00,2.940000000000000000e+02,8.010679487466174317e-28,-1.467492132580946173e-29,-7.863930246088050776e-28,0.000000000000000000e+00
0.000000000000000000e+00,2.950000000000000000e+02,6.583262726747409943e-28,-1.314437262547522569e-29,-6.451818971007953290e-28,0.000000000000000000e+00
0.000000000000000000e+00,2.960000000000000000e+02,5.437508405570417845e-28,-1.176459412674364901e-29,-5.319862493435037446e-28,0.000000000000000000e+00
0.000000000000000000e+00,2.970000000000000000e+02,4.473312282659850378e-28,-1.052270509900367901e-29,-4.368085188103054211e-28,0.000000000000000000e+00
0.000000000000000000e+00,2.980000000000000000e+02,3.713830596146115186e-28,-9.404704893564321596e-30,-3.619783524916486923e-28,0.000000000000000000e+00
0.000000000000000000e+00,2.990000000000000000e+02,3.061845231146150422e-28,-8.399462921007230576e-30,-2.977850611446562099e-28,0.000000000000000000e+00
0.000000000000000000e+00,3.000000000000000000e+02,2.507888436423969959e-28,-7.497099279148755271e-30,-2.432917460552254219e-28,0.000000000000000000e+00
0.000000000000000000e+00,3.010000000000000000e+02,2.085514365323795841e-28,-6.686972782051860897e-30,-2.018644633207212722e-28,0.000000000000000000e+00
0.000000000000000000e+00,3.020000000000000000e+02,1.723796374486503998e-28,-5.961216809564519576e-30,-1.664184208438790367e-28,0.000000000000000000e+00
0.000000000000000000e+00,3.030000000000000000e+02,1.434342224242848587e-28,-5.309314530195044061e-30,-1.381249090315642701e-28,0.000000000000000000e+00
0.000000000000000000e+00,3.040000000000000000e+02,1.187203342845743519e-28,-4.726459862740055464e-30,-1.139938734968671791e-28,0.000000000000000000e+00
0.000000000000000000e+00,3.050000000000000000e+02,9.794195157853548486e-29,-4.204413927823087658e-30,-9.373753817637877722e-29,0.000000000000000000e+00
0.000000000000000000e+00,3.060000000000000000e+02,8.143799584666287773e-29,-3.739419422504617306e-30,-7.769857415545416333e-29,0.000000000000000000e+00
0.000000000000000000e+00,3.070000000000000000e+02,6.662330938019877242e-29,-3.322938070833733767e-30,-6.330037003946379778e-29,0.000000000000000000e+00
0.000000000000000000e+00,3.080000000000000000e+02,5.592204214455015407e-29,-2.951388128299170084e-30,-5.297065080127393449e-29,0.000000000000000000e+00
0.000000000000000000e+00,3.090000000000000000e+02,4.746375505185244407e-29,-2.619710982429831210e-30,-4.484404495618616377e-29,0.000000000000000000e+00
0.000000000000000000e+00,3.100000000000000000e+02,3.918131138160836492e-29,-2.324519818371253156e-30,-3.685679217963696197e-29,0.000000000000000000e+00
0.000000000000000000e+00,3.110000000000000000e+02,3.191543973985370716e-29,-2.061440369647424732e-30,-2.985400256828560063e-29,0.000000000000000000e+00
0.000000000000000000e+00,3.120000000000000000e+02,2.716682473925500497e-29,-1.827113870535802491e-30,-2.533970703807698673e-29,0.000000000000000000e+00
0.000000000000000000e+00,3.130000000000000000e+02,2.212994015569906704e-29,-1.618899143554484132e-30,-2.051103955563361384e-29,0.000000000000000000e+00
0.000000000000000000e+00,3.140000000000000000e+02,1.788662296866573723e-29,-1.434018408492426229e-30,-1.645260562473038246e-29,0.000000000000000000e+00
0.000000000000000000e+00,3.150000000000000000e+02,1.439051243327496903e-29,-1.269535917432276061e-30,-1.312097552512136042e-29,0.000000000000000000e+00
0.000000000000000000e+00,3.160000000000000000e+02,1.310068103833237992e-29,-1.123169512744101452e-30,-1.197751480595220123e-29,0.000000000000000000e+00
0.000000000000000000e+00,3.170000000000000000e+02,1.072111635113795929e-29,-9.932789614059848152e-31,-9.727842056444547243e-30,0.000000000000000000e+00
0.000000000000000000e+00,3.180000000000000000e+02,9.774925025053738950e-30,-8.788189139241551522e-31,-8.896105135836614600e-30,0.000000000000000000e+00
0.000000000000000000e+00,3.190000000000000000e+02,7.593032972526363242e-30,-7.766632521731700253e-31,-6.816371629796829333e-30,0.000000000000000000e+00
0.000000000000000000e+00,3.200000000000000000e+02,6.506766354174428750e-30,-6.866410563356839967e-31,-5.820124180751769487e-30,0.000000000000000000e+00
0.000000000000000000e+00,3.210000000000000000e+02,5.243452607153621392e-30,-6.069150878834213569e-31,-4.636537914897517484e-30,0.000000000000000000e+00
0.000000000000000000e+00,3.220000000000000000e+02,4.918987578304058042e-30,-5.358011095307834714e-31,-4.383181830713376607e-30,0.000000000000000000e+00
0.000000000000000000e+00,3.230000000000000000e+02,4.520091375635004236e-30,-4.729791851435971148e-31,-4.047113073948880161e-30,0.000000000000000000e+00
0.000000000000000000e+00,3.240000000000000000e+02,2.537906221278432466e-30,-4.175416813707878284e-31,-2.120364609335279733e-30,0.000000000000000000e+00
0.000000000000000000e+00,3.250000000000000000e+02,2.951015786937064072e-29,-3.687750415499958052e-31,-2.914137839620694232e-29,0.000000000000000000e+00
0.000000000000000000e+00,3.260000000000000000e+02,3.558757425363039250e-32,-1.425640356829636480e-32,-2.132967413408863707e-32,0.000000000000000000e+00
0.000000000000000000e+00,3.270000000000000000e+02,1.768244430190530918e-32,-1.227511665619303037e-32,-5.404640906436680613e-33,0.000000000000000000e+00
0.000000000000000000e+00,3.280000000000000000e+02,3.005654419459329953e-32,-1.103873059597219448e-32,-1.901855820082395405e-32,0.000000000000000000e+00
0.000000000000000000e+00,3.290000000000000000e+02,4.614407776130292902e-32,-9.967019172016068204e-33,-3.617739029909898348e-32,0.000000000000000000e+00
0.000000000000000000e+00,3.300000000000000000e+02,2.888894916580853780e-32,-8.951550377300988174e-33,-1.993939345548410119e-32,0.000000000000000000e+00
0.000000000000000000e+00,3.310000000000000000e+02,-1.360188023223485321e-33,-7.948777288916773481e-33,9.310667574897043327e-33,0.000000000000000000e+00
0.000000000000000000e+00,3.320000000000000000e+02,6.181031415267785066e-33,-6.941883358148957406e-33,7.583349156024741171e-34,0.000000000000000000e+00
0.000000000000000000e+00,3.330000000000000000e+02,1.036391051323381293e-32,-6.299029007571264814e-33,-4.068527007518035740e-33,0.000000000000000000e+00
0.000000000000000000e+00,3.340000000000000000e+02,1.209724746318232520e-32,-5.586396577644791971e-33,-6.512050624459341228e-33,0.000000000000000000e+00
0.000000000000000000e+00,3.350000000000000000e+02,-4.520372335963694477e-20,-2.393967713846514903e-35,4.520372335963696884e-20,0.000000000000000000e+00
0.000000000000000000e+00,3.360000000000000000e+02,-1.661896986073898238e-31,-2.738320702396242125e-33,1.689221117159892146e-31,0.000000000000000000e+00
0.000000000000000000e+00,3.370000000000000000e+02,-4.539421101495351761e-20,-2.435741844338861945e-34,4.539421101495375836e-20,0.000000000000000000e+00
0.000000000000000000e+00,3.380000000000000000e+02,-8.681731077433086619e-32,-1.546317268100624853e-33,8.836407326091686498e-32,0.000000000000000000e+00
0.000000000000000000e+00,3.390000000000000000e+02,-4.558413588454700594e-20,-8.683957169859956326e-34,4.558413588454787261e-20,0.000000000000000000e+00
0.000000000000000000e+00,3.400000000000000000e+02,-3.058015639822357928e-32,-7.873850544311391611e-34,3.136256543813089384e-32,0.000000000000000000e+00
0.000000000000000000e+00,3.410000000000000000e+02,-4.577350214177420452e-20,-2.148621471678764110e-33,4.577350214177635313e-20,0.000000000000000000e+00
0.000000000000000000e+00,3.420000000000000000e+02,-7.666404884876440718e-32,-1.056417507767959047e-33,7.772331031817738689e-32,0.000000000000000000e+00
0.000000000000000000e+00,3.430000000000000000e+02,-4.596231391565828874e-20,-1.767780403795543820e-33,4.596231391566005819e-20,0.000000000000000000e+00
0.000000000000000000e+00,3.440000000000000000e+02,-3.541363870552792026e-31,-4.778283884388809562e-33,3.589151007297900316e-31,0.000000000000000000e+00
0.000000000000000000e+00,3.450000000000000000e+02,-4.615057529142132830e-20,-1.307954931744696976e-33,4.615057529142263432e-20,0.000000000000000000e+00
0.000000000000000000e+00,3.460000000000000000e+02,-4.056068648190280808e-31,-6.859728057969987732e-33,4.124679902459076085e-31,0.000000000000000000e+00
0.000000000000000000e+00,3.470000000000000000e+02,-4.633829031102386646e-20,-9.699003888634694228e-34,4.633829031102483544e-20,0.000000000000000000e+00
0.000000000000000000e+00,3.480000000000000000e+02,-4.963964061036576209e-31,-7.834063733955903499e-33,5.042325335648831868e-31,0.000000000000000000e+00
0.000000000000000000e+00,3.490000000000000000e+02,-4.652546297366791889e-20,-2.174892301051703708e-34,4.652546297366813555e-20,0.000000000000000000e+00
0.000000000000000000e+00,3.500000000000000000e+02,-4.939348268934876851e-31,-8.069657781115644889e-33,5.020056770666854453e-31,0.000000000000000000e+00
0.000000000000000000e+00,3.510000000000000000e+02,-4.671209723641709895e-20,-1.602492673758483445e-34,4.671209723641726145e-20,0.000000000000000000e+00
0.000000000000000000e+00,3.520000000000000000e+02,-4.485490840477872302e-31,-7.864738259040611091e-33,4.564153041643938466e-31,0.000000000000000000e+00
0.000000000000000000e+00,3.530000000000000000e+02,-4.689819701457168057e-20,-1.182907312072160559e-34,4.689819701457180094e-20,0.000000000000000000e+00
0.000000000000000000e+00,3.540000000000000000e+02,-4.488801032569787863e-31,-7.370285662150416713e-33,4.562528038253361736e-31,0.000000000000000000e+00
0.000000000000000000e+00,3.550000000000000000e+02,-4.708376618227510365e-20,-8.750306479124181816e-35,4.708376618227519393e-20,0.000000000000000000e+00
0.000000000000000000e+00,3.560000000000000000e+02,-3.581086175655778765e-31,-6.728299708024394086e-33,3.648373353087807818e-31,0.000000000000000000e+00
0.000000000000000000e+00,3.570000000000000000e+02,-4.726880857299812878e-20,-6.485790080661971325e-35,4.726880857299819498e-20,0.000000000000000000e+00
0.000000000000000000e+00,3.580000000000000000e+02,-4.905885236151148628e-31,-6.027323773954262751e-33,4.966190917534773950e-31,0.000000000000000000e+00
0.000000000000000000e+00,3.590000000000000000e+02,-4.745332798004062625e-20,-4.817028912875881422e-35,4.745332798004067440e-20,0.000000000000000000e+00
0.000000000000000000e+00,3.600000000000000000e+02,-3.488761908946715647e-31,-5.318991449299891689e-33,3.541965723660413037e-31,0.000000000000000000e+00
0.000000000000000000e+00,3.610000000000000000e+02,-4.763732815702755718e-20,-3.585257770007976899e-35,4.763732815702759329e-20,0.000000000000000000e+00
0.000000000000000000e+00,3.620000000000000000e+02,-2.098541415652941866e-31,-4.652508192902732590e-33,2.145064660872046032e-31,0.000000000000000000e+00
0.000000000000000000e+00,3.630000000000000000e+02,-4.782081281839986899e-20,-2.674102711326851295e-35,4.782081281839989306e-20,0.000000000000000000e+00
0.000000000000000000e+00,3.640000000000000000e+02,-2.096254373843982024e-32,-4.020665285656367776e-33,2.498292249734817508e-32,0.000000000000000000e+00
0.000000000000000000e+00,3.650000000000000000e+02,-4.800378563989927002e-20,-1.998634269985594335e-35,4.800378563989928808e-20,0.000000000000000000e+00
0.000000000000000000e+00,3.660000000000000000e+02,-6.528902511472729542e-32,-3.458733435557219983e-33,6.874968048354810984e-32,0.000000000000000000e+00
0.000000000000000000e+00,3.670000000000000000e+02,-4.818625025904796063e-20,-1.497138992566035927e-35,4.818625025904797267e-20,0.000000000000000000e+00
0.000000000000000000e+00,3.680000000000000000e+02,-1.638244158944392498e-32,-2.137354358326132484e-33,1.851902012149851475e-32,0.000000000000000000e+00
0.000000000000000000e+00,3.690000000000000000e+02,-4.836821027562234574e-20,-1.123772599386106858e-35,4.836821027562235778e-20,0.000000000000000000e+00
0.000000000000000000e+00,3.700000000000000000e+02,-3.685146577963451603e-32,-7.867965725717587534e-34,3.763989335061804070e-32,0.000000000000000000e+00
0.000000000000000000e+00,3.710000000000000000e+02,-4.854966925212161965e-20,-8.456212486227830760e-36,4.854966925212162567e-20,0.000000000000000000e+00
0.000000000000000000e+00,3.720000000000000000e+02,1.715281356719881932e-33,-1.406185117171161431e-35,-1.697225763491251596e-33,0.000000000000000000e+00
0.000000000000000000e+00,3.730000000000000000e+02,-4.873063071423028406e-20,-6.372648749395326153e-36,4.873063071423029008e-20,0.000000000000000000e+00
0.000000000000000000e+00,3.740000000000000000e+02,-5.476863279351201957e-34,-6.325188164980876294e-35,6.078716386972213161e-34,0.000000000000000000e+00
0.000000000000000000e+00,3.750000000000000000e+02,-4.891109815127558662e-20,-4.816588102494323064e-36,4.891109815127559264e-20,0.000000000000000000e+00
0.000000000000000000e+00,3.760000000000000000e+02,8.474091755303837753e-33,-1.133411653062849615e-34,-8.359739664855845625e-33,0.000000000000000000e+00
0.000000000000000000e+00,3.770000000000000000e+02,-4.909107501667916948e-20,-3.646971223426146993e-36,4.909107501667917550e-20,0.000000000000000000e+00
0.000000000000000000e+00,3.780000000000000000e+02,3.400470058058713303e-33,-1.585315762557092769e-34,-3.243988250077250390e-33,0.000000000000000000e+00
0.000000000000000000e+00,3.790000000000000000e+02,-4.927056472840321098e-20,-2.766819828247959222e-36,4.927056472840321098e-20,0.000000000000000000e+00
0.000000000000000000e+00,3.800000000000000000e+02,9.996780117584996100e-33,-1.989920918110124129e-34,-9.798168592070062402e-33,0.000000000000000000e+00
0.000000000000000000e+00,3.810000000000000000e+02,-4.944957066939116271e-20,-2.104134887971894639e-36,4.944957066939116271e-20,0.000000000000000000e+00
0.000000000000000000e+00,3.820000000000000000e+02,2.046300565911438094e-32,-2.318016085104009851e-34,-2.023430147821839668e-32,0.000000000000000000e+00
0.000000000000000000e+00,3.830000000000000000e+02,-4.962809618800298557e-20,-1.604549788872422448e-36,4.962809618800298557e-20,0.000000000000000000e+00
0.000000000000000000e+00,3.840000000000000000e+02,1.654494192850159800e-32,-2.582414151962712869e-34,-1.628614509222456318e-32,0.000000000000000000e+00
0.000000000000000000e+00,3.850000000000000000e+02,-4.980614459844493911e-20,-1.223983492793706868e-36,4.980614459844493911e-20,0.000000000000000000e+00
0.000000000000000000e+00,3.860000000000000000e+02,1.263891526004123529e-34,-5.319111937470850974e-37,-1.263891526004123529e-34,0.000000000000000000e+00
0.000000000000000000e+00,3.870000000000000000e+02,-4.998371918119395419e-20,-9.330486409651907095e-37,4.998371918119395419e-20,0.000000000000000000e+00
0.000000000000000000e+00,3.880000000000000000e+02,3.009265538105056020e-35,-4.202392304189677841e-37,-2.407412430484044816e-35,0.000000000000000000e+00
0.000000000000000000e+00,3.890000000000000000e+02,-5.016082318341672129e-20,-7.170515540015953799e-37,5.016082318341672129e-20,0.000000000000000000e+00
0.000000000000000000e+00,3.900000000000000000e+02,1.805559322863033612e-34,-2.350988701644575016e-37,-1.805559322863033612e-34,0.000000000000000000e+00
0.000000000000000000e+00,3.910000000000000000e+02,-5.033745981938326599e-20,-5.495436090094194100e-37,5.033745981938326599e-20,0.000000000000000000e+00
0.000000000000000000e+00,3.920000000000000000e+02,-1.023150282955719047e-34,-2.615474930579589705e-37,1.083335593717820167e-34,0.000000000000000000e+00
0.000000000000000000e+00,3.930000000000000000e+02,-5.051363227087547478e-20,-4.261167021730792216e-37,5.051363227087547478e-20,0.000000000000000000e+00
0.000000000000000000e+00,3.940000000000000000e+02,7.824090399073145653e-35,-1.792628885003988450e-37,-7.824090399073145653e-35,0.000000000000000000e+00
0.000000000000000000e+00,3.950000000000000000e+02,-5.068934368759015006e-20,-3.291384182302405022e-37,5.068934368759015006e-20,0.000000000000000000e+00
0.000000000000000000e+00,3.960000000000000000e+02,9.027796614315168061e-35,-2.057115113939003139e-37,-9.027796614315168061e-35,0.000000000000000000e+00
0.000000000000000000e+00,3.970000000000000000e+02,-5.086459718753694343e-20,-2.527312854267918142e-37,5.086459718753694343e-20,0.000000000000000000e+00
0.000000000000000000e+00,3.980000000000000000e+02,1.263891526004123529e-34,-1.968953037627331576e-37,-1.263891526004123529e-34,0.000000000000000000e+00
0.000000000000000000e+00,3.990000000000000000e+02,-5.103939585743117910e-20,-1.910178320086217200e-37,5.103939585743117910e-20,0.000000000000000000e+00
0.000000000000000000e+00,4.000000000000000000e+02,-3.009265538105056020e-35,-5.289724578700293786e-38,3.009265538105056020e-35,0.000000000000000000e+00
0.000000000000000000e+00,4.010000000000000000e+02,-5.121374275308142935e-20,-1.557530014839530948e-37,5.121374275308142935e-20,0.000000000000000000e+00
0.000000000000000000e+00,4.020000000000000000e+02,3.611118645726067224e-35,-4.408103815583578155e-38,-3.611118645726067224e-35,0.000000000000000000e+00
0.000000000000000000e+00,4.030000000000000000e+02,-5.138764089977204023e-20,-1.234269068363401883e-37,5.138764089977204023e-20,0.000000000000000000e+00
0.000000000000000000e+00,4.040000000000000000e+02,1.805559322863033612e-35,-5.877471754111437540e-38,-1.805559322863033612e-35,0.000000000000000000e+00
0.000000000000000000e+00,4.050000000000000000e+02,-5.156109329264083657e-20,-9.110081218872728187e-38,5.156109329264083657e-20,0.000000000000000000e+00
0.000000000000000000e+00,4.060000000000000000e+02,-1.805559322863033612e-35,-5.877471754111437540e-38,1.805559322863033612e-35,0.000000000000000000e+00
0.000000000000000000e+00,4.070000000000000000e+02,-5.173410289705144637e-20,-7.346839692639296925e-38,5.173410289705144637e-20,0.000000000000000000e+00
0.000000000000000000e+00,4.080000000000000000e+02,6.018531076210112041e-36,-2.644862289350146893e-38,-6.018531076210112041e-36,0.000000000000000000e+00
0.000000000000000000e+00,4.090000000000000000e+02,-5.190667264896105707e-20,-5.583598166405865663e-38,5.190667264896105707e-20,0.000000000000000000e+00
0.000000000000000000e+00,4.100000000000000000e+02,-6.018531076210112041e-36,-2.938735877055718770e-38,6.018531076210112041e-36,0.000000000000000000e+00
0.000000000000000000e+00,4.110000000000000000e+02,-5.207880545528312241e-20,-3.820356640172434401e-38,5.207880545528312241e-20,0.000000000000000000e+00
0.000000000000000000e+00,4.120000000000000000e+02,-3.009265538105056020e-35,-2.057115113939003139e-38,3.009265538105056020e-35,0.000000000000000000e+00
0.000000000000000000e+00,4.130000000000000000e+02,-5.225050419424527234e-20,-3.232609464761290647e-38,5.225050419424527234e-20,0.000000000000000000e+00
0.000000000000000000e+00,4.140000000000000000e+02,1.805559322863033612e-35,-1.175494350822287508e-38,-1.805559322863033612e-35,0.000000000000000000e+00
0.000000000000000000e+00,4.150000000000000000e+02,-5.242177171574244439e-20,-2.350988701644575016e-38,5.242177171574244439e-20,0.000000000000000000e+00
0.000000000000000000e+00,4.160000000000000000e+02,2.407412430484044816e-35,-5.877471754111437540e-39,-2.407412430484044816e-35,0.000000000000000000e+00
0.000000000000000000e+00,4.170000000000000000e+02,-5.259261084168523621e-20,-2.057115113939003139e-38,5.259261084168523621e-20,0.000000000000000000e+00
0.000000000000000000e+00,4.180000000000000000e+02,-6.018531076210112041e-36,-1.175494350822287508e-38,6.018531076210112041e-36,0.000000000000000000e+00
0.000000000000000000e+00,4.190000000000000000e+02,-5.276302436634375029e-20,-1.469367938527859385e-38,5.276302436634375029e-20,0.000000000000000000e+00
0.000000000000000000e+00,4.200000000000000000e+02,6.018531076210112041e-36,-8.816207631167156310e-39,-6.018531076210112041e-36,0.000000000000000000e+00
0.000000000000000000e+00,4.210000000000000000e+02,-5.293301505668649138e-20,-2.350988701644575016e-38,5.293301505668649138e-20,0.000000000000000000e+00
0.000000000000000000e+00,4.220000000000000000e+02,6.018531076210112041e-36,-5.877471754111437540e-39,-6.018531076210112041e-36,0.000000000000000000e+00
0.000000000000000000e+00,4.230000000000000000e+02,-5.310258565271523162e-20,-1.175494350822287508e-38,5.310258565271523162e-20,0.000000000000000000e+00
0.000000000000000000e+00,4.240000000000000000e+02,0.000000000000000000e+00,-8.816207631167156310e-39,0.000000000000000000e+00,0.000000000000000000e+00
0.000000000000000000e+00,4.250000000000000000e+02,-5.327173886779459124e-20,-1.175494350822287508e-38,5.327173886779459124e-20,0.000000000000000000e+00
0.000000000000000000e+00,4.260000000000000000e+02,-6.018531076210112041e-36,-1.175494350822287508e-38,6.018531076210112041e-36,0.000000000000000000e+00
0.000000000000000000e+00,4.270000000000000000e+02,-5.344047738897808652e-20,-5.877471754111437540e-39,5.344047738897808652e-20,0.000000000000000000e+00
0.000000000000000000e+00,4.280000000000000000e+02,1.203706215242022408e-35,0.000000000000000000e+00,-1.203706215242022408e-35,0.000000000000000000e+00
0.000000000000000000e+00,4.290000000000000000e+02,-5.360880387732881514e-20,-5.877471754111437540e-39,5.360880387732881514e-20,0.000000000000000000e+00
0.000000000000000000e+00,4.300000000000000000e+02,1.203706215242022408e-35,0.000000000000000000e+00,-1.203706215242022408e-35,0.000000000000000000e+00
0.000000000000000000e+00,4.310000000000000000e+02,-5.377672096823657865e-20,0.000000000000000000e+00,5.377672096823657865e-20,0.000000000000000000e+00
0.000000000000000000e+00,4.320000000000000000e+02,-1.203706215242022408e-35,-5.877471754111437540e-39,1.203706215242022408e-35,0.000000000000000000e+00
0.000000000000000000e+00,4.330000000000000000e+02,-5.394423127173026221e-20,0.000000000000000000e+00,5.394423127173026221e-20,0.000000000000000000e+00
0.000000000000000000e+00,4.340000000000000000e+02,0.000000000000000000e+00,-5.877471754111437540e-39,0.000000000000000000e+00,0.000000000000000000e+00
0.000000000000000000e+00,4.350000000000000000e+02,-5.411133737278609182e-20,5.877471754111437540e-39,5.411133737278609182e-20,0.000000000000000000e+00
0.000000000000000000e+00,4.360000000000000000e+02,-6.018531076210112041e-36,-5.877471754111437540e-39,6.018531076210112041e-36,0.000000000000000000e+00
0.000000000000000000e+00,4.370000000000000000e+02,-5.427804183163164226e-20,-1.763241526233431262e-38,5.427804183163164226e-20,0.000000000000000000e+00
0.000000000000000000e+00,4.380000000000000000e+02,0.000000000000000000e+00,5.877471754111437540e-39,0.000000000000000000e+00,0.000000000000000000e+00
0.000000000000000000e+00,4.390000000000000000e+02,-5.444434718404578870e-20,-1.175494350822287508e-38,5.444434718404578870e-20,0.000000000000000000e+00
0.000000000000000000e+00,4.400000000000000000e+02,0.000000000000000000e+00,-5.877471754111437540e-39,0.000000000000000000e+00,0.000000000000000000e+00
0.000000000000000000e+00,4.410000000000000000e+02,-5.461025594165454760e-20,1.175494350822287508e-38,5.461025594165454760e-20,0.000000000000000000e+00
0.000000000000000000e+00,4.420000000000000000e+02,-1.203706215242022408e-35,0.000000000000000000e+00,1.203706215242022408e-35,0.000000000000000000e+00
0.000000000000000000e+00,4.430000000000000000e+02,-5.477577059222287912e-20,-1.763241526233431262e-38,5.477577059222287912e-20,0.000000000000000000e+00
0.000000000000000000e+00,4.440000000000000000e+02,0.000000000000000000e+00,0.000000000000000000e+00,0.000000000000000000e+00,0.000000000000000000e+00
0.000000000000000000e+00,4.450000000000000000e+02,-5.494089359994236094e-20,5.877471754111437540e-39,5.494089359994236094e-20,0.000000000000000000e+00
0.000000000000000000e+00,4.460000000000000000e+02,-1.203706215242022408e-35,5.877471754111437540e-39,1.203706215242022408e-35,0.000000000000000000e+00
0.000000000000000000e+00,4.470000000000000000e+02,-5.510562740571515450e-20,0.000000000000000000e+00,5.510562740571515450e-20,0.000000000000000000e+00
0.000000000000000000e+00,4.480000000000000000e+02,0.000000000000000000e+00,-5.877471754111437540e-39,0.000000000000000000e+00,0.000000000000000000e+00
0.000000000000000000e+00,4.490000000000000000e+02,-5.526997442743411959e-20,1.175494350822287508e-38,5.526997442743411959e-20,0.000000000000000000e+00
0.000000000000000000e+00,4.500000000000000000e+02,1.203706215242022408e-35,0.000000000000000000e+00,-1.203706215242022408e-35,0.000000000000000000e+00
0.000000000000000000e+00,4.510000000000000000e+02,-5.543393706025867963e-20,0.000000000000000000e+00,5.543393706025867963e-20,0.000000000000000000e+00
0.000000000000000000e+00,4.520000000000000000e+02,0.000000000000000000e+00,0.000000000000000000e+00,0.000000000000000000e+00,0.000000000000000000e+00
0.000000000000000000e+00,4.530000000000000000e+02,-5.559751767688755749e-20,0.000000000000000000e+00,5.559751767688755749e-20,0.000000000000000000e+00
0.000000000000000000e+00,4.540000000000000000e+02,1.203706215242022408e-35,0.000000000000000000e+00,-1.203706215242022408e-35,0.000000000000000000e+00
0.000000000000000000e+00,4.550000000000000000e+02,-5.576071862782717788e-20,-5.877471754111437540e-39,5.576071862782717788e-20,0.000000000000000000e+00
0.000000000000000000e+00,4.560000000000000000e+02,-1.203706215242022408e-35,0.000000000000000000e+00,1.203706215242022408e-35,0.000000000000000000e+00
0.000000000000000000e+00,4.570000000000000000e+02,-5.592354224165677163e-20,5.877471754111437540e-39,5.592354224165677163e-20,0.000000000000000000e+00
0.000000000000000000e+00,4.580000000000000000e+02,-1.203706215242022408e-35,0.000000000000000000e+00,1.203706215242022408e-35,0.000000000000000000e+00
0.000000000000000000e+00,4.590000000000000000e+02,-5.608599082528970025e-20,-1.175494350822287508e-38,5.608599082528970025e-20,0.000000000000000000e+00
0.000000000000000000e+00,4.600000000000000000e+02,0.000000000000000000e+00,0.000000000000000000e+00,0.000000000000000000e+00,0.000000000000000000e+00
0.000000000000000000e+00,4.610000000000000000e+02,-5.629632302417910666e-20,4.825635994767039447e-23,5.624806666423143432e-20,0.000000000000000000e+00
0.000000000000000000e+00,4.620000000000000000e+02,-1.203706215242022408e-35,-2.762411724432375644e-37,1.203706215242022408e-35,0.000000000000000000e+00
0.000000000000000000e+00,4.630000000000000000e+02,-5.645951785229456009e-20,4.974582946114283293e-23,5.640977202283341508e-20,0.000000000000000000e+00
0.000000000000000000e+00,4.640000000000000000e+02,0.000000000000000000e+00,-1.763241526233431262e-37,0.000000000000000000e+00,0.000000000000000000e+00
0.000000000000000000e+00,4.650000000000000000e+02,-5.662237869872818335e-20,5.126955418387315888e-23,5.657110914454431610e-20,0.000000000000000000e+00
0.000000000000000000e+00,4.660000000000000000e+02,0.000000000000000000e+00,4.643202685748035656e-37,0.000000000000000000e+00,0.000000000000000000e+00
0.000000000000000000e+00,4.670000000000000000e+02,-5.678490826703930815e-20,5.282801488225820420e-23,5.673208025215705580e-20,0.000000000000000000e+00
0.000000000000000000e+00,4.680000000000000000e+02,0.000000000000000000e+00,-1.645692091151202511e-37,0.000000000000000000e+00,0.000000000000000000e+00
0.000000000000000000e+00,4.690000000000000000e+02,-5.694710924126963940e-20,5.442169321659354358e-23,5.689268754805304149e-20,0.000000000000000000e+00
0.000000000000000000e+00,4.700000000000000000e+02,1.203706215242022408e-35,-4.701977403289150032e-38,-1.203706215242022408e-35,0.000000000000000000e+00
0.000000000000000000e+00,4.710000000000000000e+02,-5.710898428611037774e-20,5.605107166780459080e-23,5.705293321444257358e-20,0.000000000000000000e+00
0.000000000000000000e+00,4.720000000000000000e+02,-1.203706215242022408e-35,-3.761581922631320025e-37,1.203706215242022408e-35,0.000000000000000000e+00
0.000000000000000000e+00,4.730000000000000000e+02,-5.727053604706703097e-20,5.771663346460994179e-23,5.721281941360242109e-20,0.000000000000000000e+00
0.000000000000000000e+00,4.740000000000000000e+02,1.203706215242022408e-35,-1.880790961315660013e-37,-1.203706215242022408e-35,0.000000000000000000e+00
0.000000000000000000e+00,4.750000000000000000e+02,-5.743176715062099964e-20,5.941886251113817652e-23,5.737234828810985821e-20,0.000000000000000000e+00
0.000000000000000000e+00,4.760000000000000000e+02,0.000000000000000000e+00,1.175494350822287508e-37,0.000000000000000000e+00,0.000000000000000000e+00
0.000000000000000000e+00,4.770000000000000000e+02,-5.759268020438855047e-20,6.115824331501917844e-23,5.753152196107353518e-20,0.000000000000000000e+00
0.000000000000000000e+00,4.780000000000000000e+02,-1.203706215242022408e-35,-3.526483052466862524e-38,1.203706215242022408e-35,0.000000000000000000e+00
0.000000000000000000e+00,4.790000000000000000e+02,-5.775327779727741857e-20,6.293526091597119527e-23,5.769034253636144823e-20,0.000000000000000000e+00
0.000000000000000000e+00,4.800000000000000000e+02,0.000000000000000000e+00,1.175494350822287508e-37,0.000000000000000000e+00,0.000000000000000000e+00
0.000000000000000000e+00,4.810000000000000000e+02,-5.791356249964025587e-20,6.475040081490206097e-23,5.784881209882535852e-20,0.000000000000000000e+00
0.000000000000000000e+00,4.820000000000000000e+02,-1.203706215242022408e-35,-3.526483052466862524e-38,1.203706215242022408e-35,0.000000000000000000e+00
0.000000000000000000e+00,4.830000000000000000e+02,-5.807353686342621389e-20,6.660414890354469161e-23,5.800693271452267131e-20,0.000000000000000000e+00
0.000000000000000000e+00,4.840000000000000000e+02,0.000000000000000000e+00,0.000000000000000000e+00,0.000000000000000000e+00,0.000000000000000000e+00
0.000000000000000000e+00,4.850000000000000000e+02,-5.823320342232957733e-20,6.849699139464427608e-23,5.816470643093493278e-20,0.000000000000000000e+00
0.000000000000000000e+00,4.860000000000000000e+02,1.203706215242022408e-35,7.052966104933725048e-38,-1.203706215242022408e-35,0.000000000000000000e+00
0.000000000000000000e+00,4.870000000000000000e+02,-5.839256469193613479e-20,7.042941475271475865e-23,5.832213527718342577e-20,0.000000000000000000e+00
0.000000000000000000e+00,4.880000000000000000e+02,-1.203706215242022408e-35,-7.052966104933725048e-38,1.203706215242022408e-35,0.000000000000000000e+00
0.000000000000000000e+00,4.890000000000000000e+02,-5.855162316986729849e-20,7.240190562538069422e-23,5.847922126424191284e-20,0.000000000000000000e+00
0.000000000000000000e+00,4.900000000000000000e+02,0.000000000000000000e+00,-9.403954806578300064e-38,0.000000000000000000e+00,0.000000000000000000e+00
0.000000000000000000e+00,4.910000000000000000e+02,-5.871038133592185273e-20,7.441495077532217927e-23,5.863596638514652655e-20,0.000000000000000000e+00
0.000000000000000000e+00,4.920000000000000000e+02,-1.203706215242022408e-35,-1.410593220986745010e-37,1.203706215242022408e-35,0.000000000000000000e+00
0.000000000000000000e+00,4.930000000000000000e+02,-5.886884165221546343e-20,7.646903701283535377e-23,5.879237261520262634e-20,0.000000000000000000e+00
0.000000000000000000e+00,4.940000000000000000e+02,0.000000000000000000e+00,4.701977403289150032e-38,0.000000000000000000e+00,0.000000000000000000e+00
0.000000000000000000e+00,4.950000000000000000e+02,-5.902700656331805712e-20,7.856465112902613034e-23,5.894844191218903139e-20,0.000000000000000000e+00
0.000000000000000000e+00,4.960000000000000000e+02,0.000000000000000000e+00,-9.403954806578300064e-38,0.000000000000000000e+00,0.000000000000000000e+00
0.000000000000000000e+00,4.970000000000000000e+02,-5.918487849638909345e-20,8.070227982964836449e-23,5.910417621655944880e-20,0.000000000000000000e+00
0.000000000000000000e+00,4.980000000000000000e+02,1.203706215242022408e-35,2.350988701644575016e-38,-1.203706215242022408e-35,0.000000000000000000e+00
0.000000000000000000e+00,4.990000000000000000e+02,-5.934245986131074325e-20,8.288240966960092487e-23,5.925957745164114531e-20,0.000000000000000000e+00
