dist(m),time(s),Acetaldehyde,CeCation(S), Acetaldehyde1-Ce(S), Acetaldehyde2-Ce(S), OAnion(S)
0.000000000000000000e+00,0.000000000000000000e+00,2.573659616857012975e-30,2.573659616857012975e-30,-9.176447582502249096e-41,-2.573659616765248595e-30,0.000000000000000000e+00
0.000000000000000000e+00,1.000000000000000000e+00,1.217563042589146285e-29,1.217563042589146285e-29,-6.963868584058579891e-40,-1.217563042519507496e-29,0.000000000000000000e+00
0.000000000000000000e+00,2.000000000000000000e+00,5.425909704512124606e-29,5.425909704512124606e-29,-4.886898397588390453e-39,-5.425909704023434659e-29,0.000000000000000000e+00
0.000000000000000000e+00,3.000000000000000000e+00,2.285408372546925749e-28,2.285408372546925749e-28,-3.185730619233927527e-38,-2.285408372228352987e-28,0.000000000000000000e+00
0.000000000000000000e+00,4.000000000000000000e+00,9.126951871035176523e-28,9.126951871035176523e-28,-1.937240859986833504e-37,-9.126951869097935430e-28,0.000000000000000000e+00
0.000000000000000000e+00,5.000000000000000000e+00,3.465931694810683180e-27,3.465931694810683180e-27,-1.103113309387587305e-36,-3.465931693707569549e-27,0.000000000000000000e+00
0.000000000000000000e+00,6.000000000000000000e+00,1.254925707216326331e-26,1.254925707216326331e-26,-5.902786988926234605e-36,-1.254925706626047653e-26,0.000000000000000000e+00
0.000000000000000000e+00,7.000000000000000000e+00,4.343192557065147376e-26,4.343192557065147376e-26,-2.977980122440432605e-35,-4.343192554087167322e-26,0.000000000000000000e+00
0.000000000000000000e+00,8.000000000000000000e+00,1.440148768701983286e-25,1.440148768701983286e-25,-1.420825977094306387e-34,-1.440148767281157295e-25,0.000000000000000000e+00
0.000000000000000000e+00,9.000000000000000000e+00,4.585199447876826920e-25,4.585199447876826920e-25,-6.429095217032703283e-34,-4.585199441447731483e-25,0.000000000000000000e+00
0.000000000000000000e+00,1.000000000000000000e+01,1.404572225856280230e-24,1.404572225856280230e-24,-2.766310765931196624e-33,-1.404572223089969537e-24,0.000000000000000000e+00
0.000000000000000000e+00,1.100000000000000000e+01,4.147528718975808680e-24,4.147528718975808680e-24,-1.134672111286249546e-32,-4.147528707629087911e-24,0.000000000000000000e+00
0.000000000000000000e+00,1.200000000000000000e+01,1.182675291269562980e-23,1.182675291269562980e-23,-4.446972838841525095e-32,-1.182675286822590121e-23,0.000000000000000000e+00
0.000000000000000000e+00,1.300000000000000000e+01,3.262081327316482908e-23,3.262081327316482908e-23,-1.668881494632893882e-31,-3.262081310627668112e-23,0.000000000000000000e+00
0.000000000000000000e+00,1.400000000000000000e+01,8.716745793682708561e-23,8.716745793682708561e-23,-6.009476482399417289e-31,-8.716745733587943778e-23,0.000000000000000000e+00
0.000000000000000000e+00,1.500000000000000000e+01,2.259851159847617097e-22,2.259851159847617097e-22,-2.080303180173777373e-30,-2.259851139044585121e-22,0.000000000000000000e+00
0.000000000000000000e+00,1.600000000000000000e+01,5.692042799039236875e-22,5.692042799039236875e-22,-6.935438260425099942e-30,-5.692042729684853886e-22,0.000000000000000000e+00
0.000000000000000000e+00,1.700000000000000000e+01,1.394699699257157210e-21,1.394699699257157210e-21,-2.230541854146130185e-29,-1.394699676951738694e-21,0.000000000000000000e+00
0.000000000000000000e+00,1.800000000000000000e+01,3.328479067998556897e-21,3.328479067998556897e-21,-6.931462041018929938e-29,-3.328478998683936461e-21,0.000000000000000000e+00
0.000000000000000000e+00,1.900000000000000000e+01,7.745710124046026564e-21,7.745710124046026564e-21,-2.084328589659052030e-28,-7.745709915613168635e-21,0.000000000000000000e+00
0.000000000000000000e+00,2.000000000000000000e+01,1.759528112642494605e-20,1.759528112642494605e-20,-6.073599458937289974e-28,-1.759528051906499986e-20,0.000000000000000000e+00
0.000000000000000000e+00,2.100000000000000000e+01,3.905652288734581101e-20,3.905652288734581101e-20,-1.717283585198223455e-27,-3.905652117006222743e-20,0.000000000000000000e+00
0.000000000000000000e+00,2.200000000000000000e+01,8.479525929230923175e-20,8.479525929230923175e-20,-4.717359784430907865e-27,-8.479525457494945007e-20,0.000000000000000000e+00
0.000000000000000000e+00,2.300000000000000000e+01,1.802293495016467170e-19,1.802293495016467170e-19,-1.260469708644267808e-26,-1.802293368969496228e-19,0.000000000000000000e+00
0.000000000000000000e+00,2.400000000000000000e+01,3.753438919049413231e-19,3.753438919049413231e-19,-3.279666754408519946e-26,-3.753438591082737519e-19,0.000000000000000000e+00
0.000000000000000000e+00,2.500000000000000000e+01,7.665440022347891321e-19,7.665440022347891321e-19,-8.318640788351008211e-26,-7.665439190483812152e-19,0.000000000000000000e+00
0.000000000000000000e+00,2.600000000000000000e+01,1.536328542195515403e-18,1.536328542195515403e-18,-2.058910850769503267e-25,-1.536328336304430373e-18,0.000000000000000000e+00
0.000000000000000000e+00,2.700000000000000000e+01,3.024045567555447516e-18,3.024045567555447516e-18,-4.977367260114111506e-25,-3.024045069818721668e-18,0.000000000000000000e+00
0.000000000000000000e+00,2.800000000000000000e+01,5.849940263788441952e-18,5.849940263788441952e-18,-1.176337668506898055e-24,-5.849939087450773592e-18,0.000000000000000000e+00
0.000000000000000000e+00,2.900000000000000000e+01,1.112909301758642352e-17,1.112909301758642352e-17,-2.720243518523693463e-24,-1.112909029734290416e-17,0.000000000000000000e+00
0.000000000000000000e+00,3.000000000000000000e+01,2.083461153011414705e-17,2.083461153011414705e-17,-6.160013317323106748e-24,-2.083460537010082743e-17,0.000000000000000000e+00
0.000000000000000000e+00,3.100000000000000000e+01,3.840492794096548003e-17,3.840492794096548003e-17,-1.367069883406465624e-23,-3.840491427026664329e-17,0.000000000000000000e+00
0.000000000000000000e+00,3.200000000000000000e+01,6.974457244316659287e-17,6.974457244316659287e-17,-2.975470471499294782e-23,-6.974454268846188602e-17,0.000000000000000000e+00
0.000000000000000000e+00,3.300000000000000000e+01,1.248503998274793488e-16,1.248503998274793488e-16,-6.355967227994606418e-23,-1.248503362678070667e-16,0.000000000000000000e+00
0.000000000000000000e+00,3.400000000000000000e+01,2.204187380290494387e-16,2.204187380290494387e-16,-1.333396795748712538e-22,-2.204186046893698666e-16,0.000000000000000000e+00
0.000000000000000000e+00,3.500000000000000000e+01,3.839711851973469059e-16,3.839711851973469059e-16,-2.748944151125212516e-22,-3.839709103029317968e-16,0.000000000000000000e+00
0.000000000000000000e+00,3.600000000000000000e+01,6.603024550942176542e-16,6.603024550942176542e-16,-5.572695227827562653e-22,-6.603018978246949065e-16,0.000000000000000000e+00
0.000000000000000000e+00,3.700000000000000000e+01,1.121436342641749237e-15,1.121436342641749237e-15,-1.111500095793625632e-21,-1.121435231141653511e-15,0.000000000000000000e+00
0.000000000000000000e+00,3.800000000000000000e+01,1.881820770728924178e-15,1.881820770728924178e-15,-2.182423711788130438e-21,-1.881818588305212548e-15,0.000000000000000000e+00
0.000000000000000000e+00,3.900000000000000000e+01,3.121260182925657241e-15,3.121260182925657241e-15,-4.220692387610216222e-21,-3.121255962233269656e-15,0.000000000000000000e+00
0.000000000000000000e+00,4.000000000000000000e+01,5.119152515362408920e-15,5.119152515362408920e-15,-8.043830145387779047e-21,-5.119144471532263481e-15,0.000000000000000000e+00
0.000000000000000000e+00,4.100000000000000000e+01,8.305071811182692164e-15,8.305071811182692164e-15,-1.511424621160926139e-20,-8.305056696936480668e-15,0.000000000000000000e+00
0.000000000000000000e+00,4.200000000000000000e+01,1.333274913806341641e-14,1.333274913806341641e-14,-2.801271680453077272e-20,-1.333272112534661131e-14,0.000000000000000000e+00
0.000000000000000000e+00,4.300000000000000000e+01,2.118722307293419240e-14,2.118722307293419240e-14,-5.123434619859932489e-20,-2.118717183858799298e-14,0.000000000000000000e+00
0.000000000000000000e+00,4.400000000000000000e+01,3.333856954653096857e-14,3.333856954653096857e-14,-9.250992190972128742e-20,-3.333847703660905563e-14,0.000000000000000000e+00
0.000000000000000000e+00,4.500000000000000000e+01,5.196044355635449316e-14,5.196044355635449316e-14,-1.649729546631014112e-19,-5.196027858339983014e-14,0.000000000000000000e+00
0.000000000000000000e+00,4.600000000000000000e+01,8.023799485981823892e-14,8.023799485981823892e-14,-2.906720993945657181e-19,-8.023770418771883419e-14,0.000000000000000000e+00
0.000000000000000000e+00,4.700000000000000000e+01,1.227979421128974271e-13,1.227979421128974271e-13,-5.061998008508898050e-19,-1.227974359130965825e-13,0.000000000000000000e+00
0.000000000000000000e+00,4.800000000000000000e+01,1.863041529480962110e-13,1.863041529480962110e-13,-8.716133732843331367e-19,-1.863032813347229289e-13,0.000000000000000000e+00
0.000000000000000000e+00,4.900000000000000000e+01,2.802754778314579739e-13,2.802754778314579739e-13,-1.484424398250644247e-18,-2.802739934070597326e-13,0.000000000000000000e+00
0.000000000000000000e+00,5.000000000000000000e+01,4.181993313143063687e-13,4.181993313143063687e-13,-2.501310452322939981e-18,-4.181968300038540871e-13,0.000000000000000000e+00
0.000000000000000000e+00,5.100000000000000000e+01,6.190350435381757485e-13,6.190350435381757485e-13,-4.171476430142658680e-18,-6.190308720617455524e-13,0.000000000000000000e+00
0.000000000000000000e+00,5.200000000000000000e+01,9.092255235877298578e-13,9.092255235877298578e-13,-6.887421344621182438e-18,-9.092186361663852854e-13,0.000000000000000000e+00
0.000000000000000000e+00,5.300000000000000000e+01,1.325363957166863249e-12,1.325363957166863249e-12,-1.126146850673945798e-17,-1.325352695698356626e-12,0.000000000000000000e+00
0.000000000000000000e+00,5.400000000000000000e+01,1.917692702663975173e-12,1.917692702663975173e-12,-1.824008646267654711e-17,-1.917674462577512637e-12,0.000000000000000000e+00
0.000000000000000000e+00,5.500000000000000000e+01,2.754640842053972324e-12,2.754640842053972324e-12,-2.927315812029309251e-17,-2.754611568895851985e-12,0.000000000000000000e+00
0.000000000000000000e+00,5.600000000000000000e+01,3.928628004553849849e-12,3.928628004553849849e-12,-4.656246729796730933e-17,-3.928581442086551938e-12,0.000000000000000000e+00
0.000000000000000000e+00,5.700000000000000000e+01,5.563362039956778724e-12,5.563362039956778724e-12,-7.342345076497612031e-17,-5.563288616506013314e-12,0.000000000000000000e+00
0.000000000000000000e+00,5.800000000000000000e+01,7.822813845293621070e-12,7.822813845293621070e-12,-1.148076036821481245e-16,-7.822699037689939358e-12,0.000000000000000000e+00
0.000000000000000000e+00,5.900000000000000000e+01,1.092192560232502494e-11,1.092192560232502494e-11,-1.780509844321962607e-16,-1.092174755134059339e-11,0.000000000000000000e+00
0.000000000000000000e+00,6.000000000000000000e+01,1.513883766123835853e-11,1.513883766123835853e-11,-2.739385280084545664e-16,-1.513856372271035053e-11,0.000000000000000000e+00
0.000000000000000000e+00,6.100000000000000000e+01,2.082791307739079311e-11,2.082791307739079311e-11,-4.182062419018450172e-16,-2.082749487114889236e-11,0.000000000000000000e+00
0.000000000000000000e+00,6.200000000000000000e+01,2.843197345110607865e-11,2.843197345110607865e-11,-6.336462266681049975e-16,-2.843133980487941261e-11,0.000000000000000000e+00
0.000000000000000000e+00,6.300000000000000000e+01,3.849078826492670237e-11,3.849078826492670237e-11,-9.530358560296764321e-16,-3.848983522907067088e-11,0.000000000000000000e+00
0.000000000000000000e+00,6.400000000000000000e+01,5.164086575487272654e-11,5.164086575487272654e-11,-1.423186142449018545e-15,-5.163944256873027570e-11,0.000000000000000000e+00
0.000000000000000000e+00,6.500000000000000000e+01,6.859900440387372047e-11,6.859900440387372047e-11,-2.110499987105319755e-15,-6.859689390388661915e-11,0.000000000000000000e+00
0.000000000000000000e+00,6.600000000000000000e+01,9.011924951584343400e-11,9.011924951584343400e-11,-3.108554442419221416e-15,-9.011614096140100928e-11,0.000000000000000000e+00
0.000000000000000000e+00,6.700000000000000000e+01,1.169110147797799748e-10,1.169110147797799748e-10,-4.548379373740201833e-15,-1.169064664004062126e-10,0.000000000000000000e+00
0.000000000000000000e+00,6.800000000000000000e+01,1.495072181798519605e-10,1.495072181798519605e-10,-6.612306602115919972e-15,-1.495006058732498497e-10,0.000000000000000000e+00
0.000000000000000000e+00,6.900000000000000000e+01,1.880786335150821532e-10,1.880786335150821532e-10,-9.552519147964291006e-15,-1.880690809959341835e-10,0.000000000000000000e+00
0.000000000000000000e+00,7.000000000000000000e+01,2.322071172920218223e-10,2.322071172920218223e-10,-1.371575206920607943e-14,-2.321934015399526336e-10,0.000000000000000000e+00
0.000000000000000000e+00,7.100000000000000000e+01,2.806560331203977611e-10,2.806560331203977611e-10,-1.957599948674191560e-14,-2.806364571209109965e-10,0.000000000000000000e+00
0.000000000000000000e+00,7.200000000000000000e+01,3.312042884796883422e-10,3.312042884796883422e-10,-2.777758431815024310e-14,-3.311765108953701790e-10,0.000000000000000000e+00
0.000000000000000000e+00,7.300000000000000000e+01,3.806250096006360209e-10,3.806250096006360209e-10,-3.919156861603259112e-14,-3.805858180320199843e-10,0.000000000000000000e+00
0.000000000000000000e+00,7.400000000000000000e+01,4.248727284989999875e-10,4.248727284989999875e-10,-5.498924711519537406e-14,-4.248177392518847747e-10,0.000000000000000000e+00
0.000000000000000000e+00,7.500000000000000000e+01,4.594884578604621880e-10,4.594884578604621880e-10,-7.673740191636031939e-14,-4.594117204585458447e-10,0.000000000000000000e+00
0.000000000000000000e+00,7.600000000000000000e+01,4.801633790622863301e-10,4.801633790622863301e-10,-1.065211327668690865e-13,-4.800568579295194328e-10,0.000000000000000000e+00
0.000000000000000000e+00,7.700000000000000000e+01,4.833509045748744427e-10,4.833509045748744427e-10,-1.471014485634866172e-13,-4.832038031263109455e-10,0.000000000000000000e+00
0.000000000000000000e+00,7.800000000000000000e+01,4.668296481092543600e-10,4.668296481092543600e-10,-2.021164466096779005e-13,-4.666275316626446418e-10,0.000000000000000000e+00
0.000000000000000000e+00,7.900000000000000000e+01,4.301778825905364530e-10,4.301778825905364530e-10,-2.763368513843545199e-13,-4.299015457391520937e-10,0.000000000000000000e+00
0.000000000000000000e+00,8.000000000000000000e+01,3.751740983871811005e-10,3.751740983871811005e-10,-3.759889642047837533e-13,-3.747981094229763260e-10,0.000000000000000000e+00
0.000000000000000000e+00,8.100000000000000000e+01,3.061196781234739804e-10,3.061196781234739804e-10,-5.091607081041590958e-13,-3.056105174153698300e-10,0.000000000000000000e+00
0.000000000000000000e+00,8.200000000000000000e+01,2.299250396125663409e-10,2.299250396125663409e-10,-6.863094353381755953e-13,-2.292387301772281558e-10,0.000000000000000000e+00
0.000000000000000000e+00,8.300000000000000000e+01,1.555459564500130464e-10,1.555459564500130464e-10,-9.208934556474640550e-13,-1.546250629943655688e-10,0.000000000000000000e+00
0.000000000000000000e+00,8.400000000000000000e+01,9.223735226141037923e-11,9.223735226141037923e-11,-1.230152732885116882e-12,-9.100719952852526517e-11,0.000000000000000000e+00
0.000000000000000000e+00,8.500000000000000000e+01,4.662370968290038231e-11,4.662370968290038231e-11,-1.636067669636720837e-12,-4.498764201326366047e-11,0.000000000000000000e+00
0.000000000000000000e+00,8.600000000000000000e+01,1.999582540630191043e-11,1.999582540630191043e-11,-2.166527968936116342e-12,-1.782929743736579328e-11,0.000000000000000000e+00
0.000000000000000000e+00,8.700000000000000000e+01,8.218732137514796032e-12,8.218732137514796032e-12,-2.856745585140127825e-12,-5.361986552374667804e-12,0.000000000000000000e+00
0.000000000000000000e+00,8.800000000000000000e+01,4.898494105543955514e-12,4.898494105543955514e-12,-3.750945720761902006e-12,-1.147548384782053306e-12,0.000000000000000000e+00
0.000000000000000000e+00,8.900000000000000000e+01,5.066439195655906231e-12,5.066439195655906231e-12,-4.904366094170803095e-12,-1.620731014851031862e-13,0.000000000000000000e+00
0.000000000000000000e+00,9.000000000000000000e+01,6.399398372017717680e-12,6.399398372017717680e-12,-6.385584890398482401e-12,-1.381348161923492432e-14,0.000000000000000000e+00
0.000000000000000000e+00,9.100000000000000000e+01,8.279817041461047320e-12,8.279817041461047320e-12,-8.279178401936368577e-12,-6.386395246776169502e-16,0.000000000000000000e+00
0.000000000000000000e+00,9.200000000000000000e+01,1.068868951243094323e-11,1.068868951243094323e-11,-1.068867539964426086e-11,-1.411278668291153159e-17,0.000000000000000000e+00
0.000000000000000000e+00,9.300000000000000000e+01,1.373972010654200425e-11,1.373972010654200425e-11,-1.373971998098800239e-11,-1.255540026548847509e-19,0.000000000000000000e+00
0.000000000000000000e+00,9.400000000000000000e+01,1.758326942293988258e-11,1.758326942293988258e-11,-1.758326942240261585e-11,-5.372668337644970637e-22,0.000000000000000000e+00
0.000000000000000000e+00,9.500000000000000000e+01,2.239853243493979974e-11,2.239853243493979974e-11,-2.239853243497209533e-11,3.229263856963981217e-23,0.000000000000000000e+00
0.000000000000000000e+00,9.600000000000000000e+01,2.839514470710118279e-11,2.839514470710118279e-11,-2.839514470712721636e-11,2.603414851249607002e-23,0.000000000000000000e+00
0.000000000000000000e+00,9.700000000000000000e+01,3.581391451590251960e-11,3.581391451590251960e-11,-3.581391451592801356e-11,2.549621560432272996e-23,0.000000000000000000e+00
0.000000000000000000e+00,9.800000000000000000e+01,4.492506919379115373e-11,4.492506919379115373e-11,-4.492506919381028874e-11,1.914019455305224555e-23,0.000000000000000000e+00
0.000000000000000000e+00,9.900000000000000000e+01,5.602265881980841095e-11,5.602265881980841095e-11,-5.602265881983436374e-11,2.595577056155584783e-23,0.000000000000000000e+00
0.000000000000000000e+00,1.000000000000000000e+02,6.941339236698899518e-11,6.941339236698899518e-11,-6.941339236700685711e-11,1.785911410191078459e-23,0.000000000000000000e+00
0.000000000000000000e+00,1.010000000000000000e+02,8.539790402407579183e-11,8.539790402407579183e-11,-8.539790402408358542e-11,7.788464097279798041e-24,0.000000000000000000e+00
0.000000000000000000e+00,1.020000000000000000e+02,1.042424724666897300e-10,1.042424724666897300e-10,-1.042424724666939047e-10,4.181276506094840187e-24,0.000000000000000000e+00
0.000000000000000000e+00,1.030000000000000000e+02,1.261396316885890507e-10,1.261396316885890507e-10,-1.261396316885915064e-10,2.456695452458252464e-24,0.000000000000000000e+00
0.000000000000000000e+00,1.040000000000000000e+02,1.511574508655702840e-10,1.511574508655702840e-10,-1.511574508655727914e-10,2.502930560733796518e-24,0.000000000000000000e+00
0.000000000000000000e+00,1.050000000000000000e+02,1.791792473638779472e-10,1.791792473638779472e-10,-1.791792473638806872e-10,2.730326565428621852e-24,0.000000000000000000e+00
0.000000000000000000e+00,1.060000000000000000e+02,2.098390796941131151e-10,2.098390796941131151e-10,-2.098390796941158293e-10,2.719639654286931917e-24,0.000000000000000000e+00
0.000000000000000000e+00,1.070000000000000000e+02,2.424619999963741829e-10,2.424619999963741829e-10,-2.424619999963768712e-10,2.659523936269862754e-24,0.000000000000000000e+00
0.000000000000000000e+00,1.080000000000000000e+02,2.760217778311345669e-10,2.760217778311345669e-10,-2.760217778311371518e-10,2.596866921932890778e-24,0.000000000000000000e+00
0.000000000000000000e+00,1.090000000000000000e+02,3.091306914181595110e-10,3.091306914181595110e-10,-3.091306914181619925e-10,2.493396511693912601e-24,0.000000000000000000e+00
0.000000000000000000e+00,1.100000000000000000e+02,3.400744384469775755e-10,3.400744384469775755e-10,-3.400744384469799537e-10,2.357666023184706184e-24,0.000000000000000000e+00
0.000000000000000000e+00,1.110000000000000000e+02,3.668995990026561049e-10,3.668995990026561049e-10,-3.668995990026583279e-10,2.192214545923926321e-24,0.000000000000000000e+00
0.000000000000000000e+00,1.120000000000000000e+02,3.875528130379880731e-10,3.875528130379880731e-10,-3.875528130379900893e-10,1.997800438799737079e-24,0.000000000000000000e+00
0.000000000000000000e+00,1.130000000000000000e+02,4.000605369260039436e-10,4.000605369260039436e-10,-4.000605369260057530e-10,1.782231579560659301e-24,0.000000000000000000e+00
0.000000000000000000e+00,1.140000000000000000e+02,4.027326804220903731e-10,4.027326804220903731e-10,-4.027326804220919241e-10,1.553560820098876606e-24,0.000000000000000000e+00
0.000000000000000000e+00,1.150000000000000000e+02,3.943698276659398349e-10,3.943698276659398349e-10,-3.943698276659411274e-10,1.319368712753004089e-24,0.000000000000000000e+00
0.000000000000000000e+00,1.160000000000000000e+02,3.744639089432083832e-10,3.744639089432083832e-10,-3.744639089432095206e-10,1.088470575723649401e-24,0.000000000000000000e+00
0.000000000000000000e+00,1.170000000000000000e+02,3.433723016768989327e-10,3.433723016768989327e-10,-3.433723016768998116e-10,8.686696267559181385e-25,0.000000000000000000e+00
0.000000000000000000e+00,1.180000000000000000e+02,3.024599503513210725e-10,3.024599503513210725e-10,-3.024599503513217446e-10,6.670667741694747414e-25,0.000000000000000000e+00
0.000000000000000000e+00,1.190000000000000000e+02,2.541696878046755030e-10,2.541696878046755030e-10,-2.541696878046759683e-10,4.894999423133453682e-25,0.000000000000000000e+00
0.000000000000000000e+00,1.200000000000000000e+02,2.019648850245632209e-10,2.019648850245632209e-10,-2.019648850245635828e-10,3.402010217374114349e-25,0.000000000000000000e+00
0.000000000000000000e+00,1.210000000000000000e+02,1.500485867826321926e-10,1.500485867826321926e-10,-1.500485867826324253e-10,2.214184633977748366e-25,0.000000000000000000e+00
0.000000000000000000e+00,1.220000000000000000e+02,1.027813828903464659e-10,1.027813828903464659e-10,-1.027813828903466081e-10,1.330753515461033036e-25,0.000000000000000000e+00
0.000000000000000000e+00,1.230000000000000000e+02,6.381952987747395496e-11,6.381952987747395496e-11,-6.381952987747403250e-11,7.261145733769029938e-26,0.000000000000000000e+00
0.000000000000000000e+00,1.240000000000000000e+02,3.520718594462830166e-11,3.520718594462830166e-11,-3.520718594462834043e-11,3.525383381977950762e-26,0.000000000000000000e+00
0.000000000000000000e+00,1.250000000000000000e+02,1.686002100887592228e-11,1.686002100887592228e-11,-1.686002100887593843e-11,1.487989814442670669e-26,0.000000000000000000e+00
0.000000000000000000e+00,1.260000000000000000e+02,6.825486806342586274e-12,6.825486806342586274e-12,-6.825486806342591120e-12,5.317090670984951031e-27,0.000000000000000000e+00
0.000000000000000000e+00,1.270000000000000000e+02,2.266880535255204319e-12,2.266880535255204319e-12,-2.266880535255205531e-12,1.560947457155224574e-27,0.000000000000000000e+00
0.000000000000000000e+00,1.280000000000000000e+02,5.969735712448623234e-13,5.969735712448623234e-13,-5.969735712448627273e-13,3.638679229851717738e-28,0.000000000000000000e+00
0.000000000000000000e+00,1.290000000000000000e+02,1.199053971846233962e-13,1.199053971846233962e-13,-1.199053971846234719e-13,6.478223169618948483e-29,0.000000000000000000e+00
0.000000000000000000e+00,1.300000000000000000e+02,1.756855835440634071e-14,1.756855835440634071e-14,-1.756855835440635017e-14,8.425036213134418183e-30,0.000000000000000000e+00
0.000000000000000000e+00,1.310000000000000000e+02,1.784144212426045737e-15,1.784144212426045737e-15,-1.784144212426046526e-15,7.604278597842261836e-31,0.000000000000000000e+00
0.000000000000000000e+00,1.320000000000000000e+02,1.184171946121637802e-16,1.184171946121637802e-16,-1.184171946121638049e-16,4.496745493590385211e-32,0.000000000000000000e+00
0.000000000000000000e+00,1.330000000000000000e+02,4.803912152982793700e-18,4.803912152982793700e-18,-4.803912152982795241e-18,1.629517288883887835e-33,0.000000000000000000e+00
0.000000000000000000e+00,1.340000000000000000e+02,1.093066494554407002e-19,1.093066494554407002e-19,-1.093066494554407484e-19,5.115751414778595235e-35,0.000000000000000000e+00
0.000000000000000000e+00,1.350000000000000000e+02,1.753186174024473765e-21,1.753186174024473765e-21,-1.753186174026143908e-21,1.670142373648306091e-33,0.000000000000000000e+00
0.000000000000000000e+00,1.360000000000000000e+02,-1.148073058981931413e-20,-1.148073058981931413e-20,2.342832662175952332e-22,1.124644732360171889e-20,0.000000000000000000e+00
0.000000000000000000e+00,1.370000000000000000e+02,5.342572917879697316e-23,5.342572917879697316e-23,-5.342572917923331666e-23,4.378481357942856510e-34,0.000000000000000000e+00
0.000000000000000000e+00,1.380000000000000000e+02,-1.134305961012598329e-20,-1.134305961012598329e-20,-4.173803651499015610e-23,1.138479764664097345e-20,0.000000000000000000e+00
0.000000000000000000e+00,1.390000000000000000e+02,2.638875155045395357e-23,2.638875155045395357e-23,-2.638875155065106046e-23,1.971068927458811693e-34,0.000000000000000000e+00
0.000000000000000000e+00,1.400000000000000000e+02,-1.150333130934196482e-20,-1.150333130934196482e-20,-1.919760714258015114e-23,1.152252891648454497e-20,0.000000000000000000e+00
0.000000000000000000e+00,1.410000000000000000e+02,1.982827393289476502e-23,1.982827393289476502e-23,-1.982827393307532096e-23,1.790512995172508332e-34,0.000000000000000000e+00
0.000000000000000000e+00,1.420000000000000000e+02,-1.165171639652266943e-20,-1.165171639652266943e-20,-7.928022192311086211e-24,1.165964441871498051e-20,0.000000000000000000e+00
0.000000000000000000e+00,1.430000000000000000e+02,1.112270513621977409e-23,1.112270513621977409e-23,-1.112270513636421883e-23,1.429401130599901610e-34,0.000000000000000000e+00
0.000000000000000000e+00,1.440000000000000000e+02,-1.178997326909439854e-20,-1.178997326909439854e-20,-6.174305056046980080e-24,1.179614757415044552e-20,0.000000000000000000e+00
0.000000000000000000e+00,1.450000000000000000e+02,5.602702120966350979e-24,5.602702120966350979e-24,-5.602702121082207702e-24,1.143520904479921288e-34,0.000000000000000000e+00
0.000000000000000000e+00,1.460000000000000000e+02,-1.192670094988371134e-20,-1.192670094988371134e-20,-5.340975958799139792e-24,1.193204192584251048e-20,0.000000000000000000e+00
0.000000000000000000e+00,1.470000000000000000e+02,2.406972973101374311e-24,2.406972973101374311e-24,-2.406972973188643012e-24,8.576406783599409658e-35,0.000000000000000000e+00
0.000000000000000000e+00,1.480000000000000000e+02,-1.206388223077926022e-20,-1.206388223077926022e-20,-3.448896214093735377e-24,1.206733112699335395e-20,0.000000000000000000e+00
0.000000000000000000e+00,1.490000000000000000e+02,9.699353836906529505e-25,9.699353836906529505e-25,-9.699353837553521596e-25,6.469920906925870444e-35,0.000000000000000000e+00
0.000000000000000000e+00,1.500000000000000000e+02,-1.220042620551799153e-20,-1.220042620551799153e-20,-1.592724217558963976e-24,1.220201892973555049e-20,0.000000000000000000e+00
0.000000000000000000e+00,1.510000000000000000e+02,3.704484866775839330e-25,3.704484866775839330e-25,-3.704484867287414472e-25,5.266214691683848036e-35,0.000000000000000000e+00
0.000000000000000000e+00,1.520000000000000000e+02,-1.233541781844269294e-20,-1.233541781844269294e-20,-6.913562695430165765e-25,1.233610917471223595e-20,0.000000000000000000e+00
0.000000000000000000e+00,1.530000000000000000e+02,8.140529484447375933e-25,8.140529484447375933e-25,-8.140529486704325086e-25,2.256949153578792015e-34,0.000000000000000000e+00
0.000000000000000000e+00,1.540000000000000000e+02,-1.246931614010322874e-20,-1.246931614010322874e-20,-2.896412982549738937e-25,1.246960578140148372e-20,0.000000000000000000e+00
0.000000000000000000e+00,1.550000000000000000e+02,8.986242066190124114e-25,8.986242066190124114e-25,-8.986242067047764792e-25,8.576406783599409658e-35,0.000000000000000000e+00
0.000000000000000000e+00,1.560000000000000000e+02,-1.260239592190138412e-20,-1.260239592190138412e-20,-1.168172311329542085e-25,1.260251273913251708e-20,0.000000000000000000e+00
0.000000000000000000e+00,1.570000000000000000e+02,4.687400992153181786e-25,4.687400992153181786e-25,-4.687400993040915120e-25,9.027796614315168061e-35,0.000000000000000000e+00
0.000000000000000000e+00,1.580000000000000000e+02,-1.273478815387732685e-20,-1.273478815387732685e-20,-4.594486816231789017e-26,1.273483409874548916e-20,0.000000000000000000e+00
0.000000000000000000e+00,1.590000000000000000e+02,2.276812982540962320e-25,2.276812982540962320e-25,-2.276812983233093394e-25,6.770847460736376046e-35,0.000000000000000000e+00
0.000000000000000000e+00,1.600000000000000000e+02,-1.286638082905860966e-20,-1.286638082905860966e-20,-1.931357914022903585e-25,1.286657396485001195e-20,0.000000000000000000e+00
0.000000000000000000e+00,1.610000000000000000e+02,1.097795149866914413e-25,1.097795149866914413e-25,-1.097795150107655656e-25,2.407412430484044816e-35,0.000000000000000000e+00
0.000000000000000000e+00,1.620000000000000000e+02,-1.299749288332399554e-20,-1.299749288332399554e-20,-2.436053166731493044e-25,1.299773648864066869e-20,0.000000000000000000e+00
0.000000000000000000e+00,1.630000000000000000e+02,5.261183194287458413e-26,5.261183194287458413e-26,-5.261183192481899091e-26,-1.805559322863033612e-35,0.000000000000000000e+00
0.000000000000000000e+00,1.640000000000000000e+02,-1.312820068547265655e-20,-1.312820068547265655e-20,-1.251757584083591019e-25,1.312832586123106491e-20,0.000000000000000000e+00
0.000000000000000000e+00,1.650000000000000000e+02,2.506841156345296945e-26,2.506841156345296945e-26,-2.506841164921703728e-26,8.726870060504662459e-35,0.000000000000000000e+00
0.000000000000000000e+00,1.660000000000000000e+02,-1.325828274815473129e-20,-1.325828274815473129e-20,-6.355931579827378234e-26,1.325834630747052956e-20,0.000000000000000000e+00
0.000000000000000000e+00,1.670000000000000000e+02,1.197387997429403490e-26,1.197387997429403490e-26,-1.197388000137742474e-26,2.557875707389297617e-35,0.000000000000000000e+00
0.000000000000000000e+00,1.680000000000000000e+02,-1.338777011552228309e-20,-1.338777011552228309e-20,-3.196468796379089883e-26,1.338780208021024688e-20,0.000000000000000000e+00
0.000000000000000000e+00,1.690000000000000000e+02,5.707902544980461904e-27,5.707902544980461904e-27,-5.707902563036055133e-27,1.956022599768286413e-35,0.000000000000000000e+00
0.000000000000000000e+00,1.700000000000000000e+02,-1.351668150293991825e-20,-1.351668150293991825e-20,-1.595204790543023764e-26,1.351669745498782368e-20,0.000000000000000000e+00
0.000000000000000000e+00,1.710000000000000000e+02,2.706638701117272452e-27,2.706638701117272452e-27,-2.706638731209927833e-27,3.009265538105056020e-35,0.000000000000000000e+00
0.000000000000000000e+00,1.720000000000000000e+02,-1.364503286842548717e-20,-1.364503286842548717e-20,-3.856676287481316225e-27,1.364503672510177465e-20,0.000000000000000000e+00
0.000000000000000000e+00,1.730000000000000000e+02,1.282091834812481337e-27,1.282091834812481337e-27,-1.282091834812481337e-27,0.000000000000000000e+00,0.000000000000000000e+00
0.000000000000000000e+00,1.740000000000000000e+02,-1.377282239467204803e-20,-1.377282239467204803e-20,-1.802376976408238906e-27,1.377282419704902444e-20,0.000000000000000000e+00
0.000000000000000000e+00,1.750000000000000000e+02,3.353726041082671598e-27,3.353726041082671598e-27,-3.353726248721993727e-27,2.046300565911438094e-34,0.000000000000000000e+00
0.000000000000000000e+00,1.760000000000000000e+02,-1.390006334148236447e-20,-1.390006334148236447e-20,-8.448185590139398947e-28,1.390006418630092348e-20,0.000000000000000000e+00
0.000000000000000000e+00,1.770000000000000000e+02,2.021329967560174674e-26,2.021329967560174674e-26,-2.021330174597643696e-26,2.070374690216278542e-33,0.000000000000000000e+00
0.000000000000000000e+00,1.780000000000000000e+02,-1.402676060902056833e-20,-1.402676060902056833e-20,-4.043738754408347581e-28,1.402676101339444377e-20,0.000000000000000000e+00
0.000000000000000000e+00,1.790000000000000000e+02,1.685181140258240329e-26,1.685181140258240329e-26,-1.685180717456432225e-26,-4.225008815499498653e-33,0.000000000000000000e+00
0.000000000000000000e+00,1.800000000000000000e+02,-1.415291880770691215e-20,-1.415291880770691215e-20,-1.926104541973756708e-28,1.415291900031736634e-20,0.000000000000000000e+00
0.000000000000000000e+00,1.810000000000000000e+02,1.014002549054117164e-26,1.014002549054117164e-26,-1.014003047689416828e-26,4.986352996640077826e-33,0.000000000000000000e+00
0.000000000000000000e+00,1.820000000000000000e+02,-1.427854237492292468e-20,-1.427854237492292468e-20,-9.224432857930889600e-29,1.427854246716725326e-20,0.000000000000000000e+00
0.000000000000000000e+00,1.830000000000000000e+02,6.107499361842831791e-27,6.107499361842831791e-27,-6.107495753733451603e-27,-3.611118645726067224e-33,0.000000000000000000e+00
0.000000000000000000e+00,1.840000000000000000e+02,-1.440363568458131498e-20,-1.440363568458131498e-20,-4.448457013206628619e-29,1.440363572906588511e-20,0.000000000000000000e+00
0.000000000000000000e+00,1.850000000000000000e+02,3.683911948535540013e-27,3.683911948535540013e-27,-3.683915695071134953e-27,3.746535594940794745e-33,0.000000000000000000e+00
0.000000000000000000e+00,1.860000000000000000e+02,-1.452820307253544626e-20,-1.452820307253544626e-20,-2.077630330355203643e-29,1.452820309331174957e-20,0.000000000000000000e+00
0.000000000000000000e+00,1.870000000000000000e+02,2.225264103208535631e-27,2.225264103208535631e-27,-2.225268921042662137e-27,4.820843392044299745e-33,0.000000000000000000e+00
0.000000000000000000e+00,1.880000000000000000e+02,-1.465224884638252996e-20,-1.465224884638252996e-20,-1.037193923368947722e-29,1.465224885675446920e-20,0.000000000000000000e+00
0.000000000000000000e+00,1.890000000000000000e+02,1.347634083603709097e-27,1.347634083603709097e-27,-1.347632019247549956e-27,-2.067365424678173486e-33,0.000000000000000000e+00
0.000000000000000000e+00,1.900000000000000000e+02,-1.477577729851505412e-20,-1.477577729851505412e-20,-4.861230744831207702e-30,1.477577730337628486e-20,0.000000000000000000e+00
0.000000000000000000e+00,1.910000000000000000e+02,8.153139442116904435e-28,8.153139442116904435e-28,-8.153157527802788446e-28,1.808568588401138668e-33,0.000000000000000000e+00
0.000000000000000000e+00,1.920000000000000000e+02,-1.489879269968521625e-20,-1.489879269968521625e-20,-2.381246866630221354e-30,1.489879270206646311e-20,0.000000000000000000e+00
0.000000000000000000e+00,1.930000000000000000e+02,5.033025019947385906e-28,5.033025019947385906e-28,-5.033049214442312270e-28,2.419449492636465040e-33,0.000000000000000000e+00
0.000000000000000000e+00,1.940000000000000000e+02,-1.502129930335568034e-20,-1.502129930335568034e-20,-1.220154860673304644e-30,1.502129930457583520e-20,0.000000000000000000e+00
0.000000000000000000e+00,1.950000000000000000e+02,3.107998396889378429e-28,3.107998396889378429e-28,-3.108002248749267203e-28,3.851859888774471706e-34,0.000000000000000000e+00
0.000000000000000000e+00,1.960000000000000000e+02,-1.514330134308029708e-20,-1.514330134308029708e-20,-5.588326474882613232e-31,1.514330134363912972e-20,0.000000000000000000e+00
0.000000000000000000e+00,1.970000000000000000e+02,1.912131799856605788e-28,1.912131799856605788e-28,-1.912161441122156123e-28,2.964126555033480180e-33,0.000000000000000000e+00
0.000000000000000000e+00,1.980000000000000000e+02,-1.526480303094348972e-20,-1.526480303094348972e-20,-3.103756476001554779e-31,1.526480303125386537e-20,0.000000000000000000e+00
0.000000000000000000e+00,1.990000000000000000e+02,1.187051555492001500e-28,1.187051555492001500e-28,-1.187065819410652118e-28,1.423382599523691498e-33,0.000000000000000000e+00
0.000000000000000000e+00,2.000000000000000000e+02,-1.538580855696154266e-20,-1.538580855696154266e-20,-1.437616425518928413e-31,1.538580855710530431e-20,0.000000000000000000e+00
0.000000000000000000e+00,2.010000000000000000e+02,7.373789922482181280e-29,7.373789922482181280e-29,-7.373776982640367429e-29,-1.324076836766224649e-34,0.000000000000000000e+00
0.000000000000000000e+00,2.020000000000000000e+02,-1.550632208705662542e-20,-1.550632208705662542e-20,-7.091334240544564512e-32,1.550632208712753877e-20,0.000000000000000000e+00
0.000000000000000000e+00,2.030000000000000000e+02,4.576985753604633667e-29,4.576985753604633667e-29,-4.577237629130173060e-29,2.518755255393931889e-33,0.000000000000000000e+00
0.000000000000000000e+00,2.040000000000000000e+02,-1.562634776215242112e-20,-1.562634776215242112e-20,-3.913850758859435860e-32,1.562634776219155962e-20,0.000000000000000000e+00
0.000000000000000000e+00,2.050000000000000000e+02,2.850583355162130690e-29,2.850583355162130690e-29,-2.850511734642323790e-29,-7.162051980690033329e-34,0.000000000000000000e+00
0.000000000000000000e+00,2.060000000000000000e+02,-1.574588969689320548e-20,-1.574588969689320548e-20,-1.859726102548924621e-32,1.574588969691180274e-20,0.000000000000000000e+00
0.000000000000000000e+00,2.070000000000000000e+02,1.871705988656120849e-29,1.871705988656120849e-29,-1.871673488588309314e-29,-3.250006781153460502e-34,0.000000000000000000e+00
0.000000000000000000e+00,2.080000000000000000e+02,-1.586495197855376750e-20,-1.586495197855376750e-20,-9.280574919515992767e-33,1.586495197856304807e-20,0.000000000000000000e+00
0.000000000000000000e+00,2.090000000000000000e+02,1.123264936289828535e-29,1.123264936289828535e-29,-1.123154797171133890e-29,-1.101391186946450503e-33,0.000000000000000000e+00
0.000000000000000000e+00,2.100000000000000000e+02,-1.598353866609503270e-20,-1.598353866609503270e-20,-5.251168363993322756e-33,1.598353866610028387e-20,0.000000000000000000e+00
0.000000000000000000e+00,2.110000000000000000e+02,7.406633046565059862e-30,7.406633046565059862e-30,-7.406789528373041325e-30,1.594910735195679691e-34,0.000000000000000000e+00
0.000000000000000000e+00,2.120000000000000000e+02,-1.610165378927203257e-20,-1.610165378927203257e-20,-2.618061018151398738e-33,1.610165378927465063e-20,0.000000000000000000e+00
0.000000000000000000e+00,2.130000000000000000e+02,4.851736512058486250e-30,4.851736512058486250e-30,-4.851850864148934242e-30,1.143520904479921288e-34,0.000000000000000000e+00
0.000000000000000000e+00,2.140000000000000000e+02,-1.621930134783706307e-20,-1.621930134783706307e-20,-1.600929266271889803e-33,1.621930134783866399e-20,0.000000000000000000e+00
0.000000000000000000e+00,2.150000000000000000e+02,2.615322586511723137e-30,2.615322586511723137e-30,-2.614723742669640231e-30,-5.988438420829061481e-34,0.000000000000000000e+00
0.000000000000000000e+00,2.160000000000000000e+02,-1.633648531083428872e-20,-1.633648531083428872e-20,-7.673627122167892852e-34,1.633648531083505608e-20,0.000000000000000000e+00
0.000000000000000000e+00,2.170000000000000000e+02,1.021212315949179391e-30,1.021212315949179391e-30,-1.021359769960546539e-30,1.474540113671477450e-34,0.000000000000000000e+00
0.000000000000000000e+00,2.180000000000000000e+02,-1.645320961596262695e-20,-1.645320961596262695e-20,-4.935195482492291873e-34,1.645320961596312047e-20,0.000000000000000000e+00
0.000000000000000000e+00,2.190000000000000000e+02,2.388393872283220862e-31,2.388393872283220862e-31,-2.389477207876938682e-31,1.083335593717820167e-34,0.000000000000000000e+00
0.000000000000000000e+00,2.200000000000000000e+02,-1.656947816901734874e-20,-1.656947816901734874e-20,-2.136578532054589774e-34,1.656947816901756239e-20,0.000000000000000000e+00
0.000000000000000000e+00,2.210000000000000000e+02,8.462054693151417529e-33,8.462054693151417529e-33,-8.468073224227627641e-33,6.018531076210112041e-36,0.000000000000000000e+00
0.000000000000000000e+00,2.220000000000000000e+02,-1.668529484339462414e-20,-1.668529484339462414e-20,-1.203706215242022408e-34,1.668529484339474451e-20,0.000000000000000000e+00
0.000000000000000000e+00,2.230000000000000000e+02,2.174495277834713480e-32,2.174495277834713480e-32,-2.173592498173281964e-32,-9.027796614315168061e-36,0.000000000000000000e+00
0.000000000000000000e+00,2.240000000000000000e+02,-1.680066347966166674e-20,-1.680066347966166674e-20,-6.620384183831123245e-35,1.680066347966173294e-20,0.000000000000000000e+00
0.000000000000000000e+00,2.250000000000000000e+02,2.237088001027298646e-32,2.237088001027298646e-32,-2.239495413457782690e-32,2.106485876673539214e-35,0.000000000000000000e+00
0.000000000000000000e+00,2.260000000000000000e+02,-1.691558788518375628e-20,-1.691558788518375628e-20,-2.708338984294550418e-35,1.691558788518378337e-20,0.000000000000000000e+00
0.000000000000000000e+00,2.270000000000000000e+02,4.946028838429470075e-32,4.946028838429470075e-32,-4.943019572891365019e-32,-3.009265538105056020e-35,0.000000000000000000e+00
0.000000000000000000e+00,2.280000000000000000e+02,-3.406014366762159309e-20,-3.406014366762159309e-20,1.703007183381079655e-20,1.703007183381079655e-20,0.000000000000000000e+00
0.000000000000000000e+00,2.290000000000000000e+02,-2.028244972682807758e-32,-2.028244972682807758e-32,2.027944046128997252e-32,0.000000000000000000e+00,0.000000000000000000e+00
0.000000000000000000e+00,2.300000000000000000e+02,-3.428823813118777538e-20,-3.428823813118777538e-20,1.714411906559388769e-20,1.714411906559388769e-20,0.000000000000000000e+00
0.000000000000000000e+00,2.310000000000000000e+02,2.178708249588060559e-33,2.178708249588060559e-33,-2.178708249588060559e-33,0.000000000000000000e+00,0.000000000000000000e+00
0.000000000000000000e+00,2.320000000000000000e+02,-3.451546657317082945e-20,-3.451546657317082945e-20,1.725773328658541473e-20,1.725773328658541473e-20,0.000000000000000000e+00
0.000000000000000000e+00,2.330000000000000000e+02,9.184278422296630974e-33,9.184278422296630974e-33,-9.184278422296630974e-33,0.000000000000000000e+00,0.000000000000000000e+00
0.000000000000000000e+00,2.340000000000000000e+02,-3.474183633730190072e-20,-3.474183633730190072e-20,1.737091816865095036e-20,1.737091816865095036e-20,0.000000000000000000e+00
0.000000000000000000e+00,2.350000000000000000e+02,5.928253110066960360e-33,5.928253110066960360e-33,-5.925243844528855304e-33,0.000000000000000000e+00,0.000000000000000000e+00
0.000000000000000000e+00,2.360000000000000000e+02,-3.496735469867092610e-20,-3.496735469867092610e-20,1.748367734933546305e-20,1.748367734933546305e-20,0.000000000000000000e+00
0.000000000000000000e+00,2.370000000000000000e+02,2.299078871112262800e-33,2.299078871112262800e-33,-2.299078871112262800e-33,0.000000000000000000e+00,0.000000000000000000e+00
0.000000000000000000e+00,2.380000000000000000e+02,-3.519202886353004470e-20,-3.519202886353004470e-20,1.759601443176502235e-20,1.759601443176502235e-20,0.000000000000000000e+00
0.000000000000000000e+00,2.390000000000000000e+02,-2.768524295056651539e-33,-2.768524295056651539e-33,2.765515029518546483e-33,0.000000000000000000e+00,0.000000000000000000e+00
0.000000000000000000e+00,2.400000000000000000e+02,-3.541586596916713648e-20,-3.541586596916713648e-20,1.770793298458356824e-20,1.770793298458356824e-20,0.000000000000000000e+00
0.000000000000000000e+00,2.410000000000000000e+02,3.262043843305880726e-33,3.262043843305880726e-33,-3.262043843305880726e-33,0.000000000000000000e+00,0.000000000000000000e+00
0.000000000000000000e+00,2.420000000000000000e+02,-3.563887308384417440e-20,-3.563887308384417440e-20,1.781943654192208720e-20,1.781943654192208720e-20,0.000000000000000000e+00
0.000000000000000000e+00,2.430000000000000000e+02,1.661114577033990923e-33,1.661114577033990923e-33,-1.655096045957780811e-33,-6.018531076210112041e-36,0.000000000000000000e+00
0.000000000000000000e+00,2.440000000000000000e+02,-3.586105720679581608e-20,-3.586105720679581608e-20,1.793052860339790804e-20,1.793052860339790804e-20,0.000000000000000000e+00
0.000000000000000000e+00,2.450000000000000000e+02,1.426391865061796554e-33,1.426391865061796554e-33,-1.426391865061796554e-33,-3.009265538105056020e-36,0.000000000000000000e+00
0.000000000000000000e+00,2.460000000000000000e+02,-3.608242526828400998e-20,-3.608242526828400998e-20,1.804121263414200499e-20,1.804121263414200499e-20,0.000000000000000000e+00
0.000000000000000000e+00,2.470000000000000000e+02,1.570836610890839243e-33,1.570836610890839243e-33,-1.573845876428944299e-33,0.000000000000000000e+00,0.000000000000000000e+00
0.000000000000000000e+00,2.480000000000000000e+02,-3.630298412970390345e-20,-3.630298412970390345e-20,1.815149206485195172e-20,1.815149206485195172e-20,0.000000000000000000e+00
0.000000000000000000e+00,2.490000000000000000e+02,-2.407412430484044816e-35,-2.407412430484044816e-35,2.106485876673539214e-35,0.000000000000000000e+00,0.000000000000000000e+00
0.000000000000000000e+00,2.500000000000000000e+02,-3.652274058373767037e-20,-3.652274058373767037e-20,1.826137029186883519e-20,1.826137029186883519e-20,0.000000000000000000e+00
0.000000000000000000e+00,2.510000000000000000e+02,-7.222237291452134449e-34,-7.222237291452134449e-34,7.222237291452134449e-34,0.000000000000000000e+00,0.000000000000000000e+00
0.000000000000000000e+00,2.520000000000000000e+02,-3.674170135455244863e-20,-3.674170135455244863e-20,1.837085067727622431e-20,1.837085067727622431e-20,0.000000000000000000e+00
0.000000000000000000e+00,2.530000000000000000e+02,4.092601131822876188e-34,4.092601131822876188e-34,-4.122693787203926748e-34,3.009265538105056020e-36,0.000000000000000000e+00
0.000000000000000000e+00,2.540000000000000000e+02,-3.695987309803874613e-20,-3.695987309803874613e-20,1.847993654901937306e-20,1.847993654901937306e-20,0.000000000000000000e+00
0.000000000000000000e+00,2.550000000000000000e+02,3.310192091915561622e-34,3.310192091915561622e-34,-3.280099436534511062e-34,0.000000000000000000e+00,0.000000000000000000e+00
0.000000000000000000e+00,2.560000000000000000e+02,-3.717726240208659511e-20,-3.717726240208659511e-20,1.858863120104329755e-20,1.858863120104329755e-20,0.000000000000000000e+00
0.000000000000000000e+00,2.570000000000000000e+02,0.000000000000000000e+00,0.000000000000000000e+00,0.000000000000000000e+00,3.009265538105056020e-36,0.000000000000000000e+00
0.000000000000000000e+00,2.580000000000000000e+02,-3.739387578689609027e-20,-3.739387578689609027e-20,1.869693789344804514e-20,1.869693789344804514e-20,0.000000000000000000e+00
0.000000000000000000e+00,2.590000000000000000e+02,-6.018531076210112041e-34,-6.018531076210112041e-34,5.988438420829061481e-34,6.018531076210112041e-36,0.000000000000000000e+00
0.000000000000000000e+00,2.600000000000000000e+02,-3.760971970531960247e-20,-3.760971970531960247e-20,1.880485985265980124e-20,1.880485985265980124e-20,0.000000000000000000e+00
0.000000000000000000e+00,2.610000000000000000e+02,1.324076836766224649e-34,1.324076836766224649e-34,-1.293984181385174089e-34,0.000000000000000000e+00,0.000000000000000000e+00
0.000000000000000000e+00,2.620000000000000000e+02,-3.782480054323317623e-20,-3.782480054323317623e-20,1.891240027161658812e-20,1.891240027161658812e-20,0.000000000000000000e+00
0.000000000000000000e+00,2.630000000000000000e+02,2.768524295056651539e-34,2.768524295056651539e-34,-2.798616950437702099e-34,0.000000000000000000e+00,0.000000000000000000e+00
0.000000000000000000e+00,2.640000000000000000e+02,-3.803912461993454727e-20,-3.803912461993454727e-20,1.901956230996727363e-20,1.901956230996727363e-20,0.000000000000000000e+00
0.000000000000000000e+00,2.650000000000000000e+02,3.611118645726067224e-35,3.611118645726067224e-35,-3.611118645726067224e-35,0.000000000000000000e+00,0.000000000000000000e+00
0.000000000000000000e+00,2.660000000000000000e+02,-3.825269818856554102e-20,-3.825269818856554102e-20,1.912634909428277051e-20,1.912634909428277051e-20,0.000000000000000000e+00
0.000000000000000000e+00,2.670000000000000000e+02,-6.620384183831123245e-35,-6.620384183831123245e-35,6.319457630020617643e-35,0.000000000000000000e+00,0.000000000000000000e+00
0.000000000000000000e+00,2.680000000000000000e+02,-3.846552743655674582e-20,-3.846552743655674582e-20,1.923276371827837291e-20,1.923276371827837291e-20,0.000000000000000000e+00
0.000000000000000000e+00,2.690000000000000000e+02,7.222237291452134449e-35,7.222237291452134449e-35,-6.921310737641628847e-35,-3.009265538105056020e-36,0.000000000000000000e+00
0.000000000000000000e+00,2.700000000000000000e+02,-3.867761848609237223e-20,-3.867761848609237223e-20,1.933880924304618612e-20,1.933880924304618612e-20,0.000000000000000000e+00
0.000000000000000000e+00,2.710000000000000000e+02,8.425943506694156857e-35,8.425943506694156857e-35,-8.425943506694156857e-35,0.000000000000000000e+00,0.000000000000000000e+00
0.000000000000000000e+00,2.720000000000000000e+02,-3.888897739459350490e-20,-3.888897739459350490e-20,1.944448869729675245e-20,1.944448869729675245e-20,0.000000000000000000e+00
0.000000000000000000e+00,2.730000000000000000e+02,1.203706215242022408e-35,1.203706215242022408e-35,-1.504632769052528010e-35,0.000000000000000000e+00,0.000000000000000000e+00
0.000000000000000000e+00,2.740000000000000000e+02,-3.909961015521804998e-20,-3.909961015521804998e-20,1.954980507760902499e-20,1.954980507760902499e-20,0.000000000000000000e+00
0.000000000000000000e+00,2.750000000000000000e+02,-1.805559322863033612e-35,-1.805559322863033612e-35,2.106485876673539214e-35,-3.009265538105056020e-36,0.000000000000000000e+00
0.000000000000000000e+00,2.760000000000000000e+02,-3.930952269737557828e-20,-3.930952269737557828e-20,1.965476134868778914e-20,1.965476134868778914e-20,0.000000000000000000e+00
0.000000000000000000e+00,2.770000000000000000e+02,-3.009265538105056020e-35,-3.009265538105056020e-35,3.912045199536572827e-35,-6.018531076210112041e-36,0.000000000000000000e+00
0.000000000000000000e+00,2.780000000000000000e+02,-3.951872088725563194e-20,-3.951872088725563194e-20,1.975936044362781597e-20,1.975936044362781597e-20,0.000000000000000000e+00
0.000000000000000000e+00,2.790000000000000000e+02,6.018531076210112041e-36,6.018531076210112041e-36,-3.009265538105056020e-36,-3.009265538105056020e-36,0.000000000000000000e+00
0.000000000000000000e+00,2.800000000000000000e+02,-3.972721052836823067e-20,-3.972721052836823067e-20,1.986360526418411533e-20,1.986360526418411533e-20,0.000000000000000000e+00
0.000000000000000000e+00,2.810000000000000000e+02,0.000000000000000000e+00,0.000000000000000000e+00,-3.009265538105056020e-36,3.009265538105056020e-36,0.000000000000000000e+00
0.000000000000000000e+00,2.820000000000000000e+02,-3.993499736209487424e-20,-3.993499736209487424e-20,1.996749868104743712e-20,1.996749868104743712e-20,0.000000000000000000e+00
0.000000000000000000e+00,2.830000000000000000e+02,1.805559322863033612e-35,1.805559322863033612e-35,-1.203706215242022408e-35,-3.009265538105056020e-36,0.000000000000000000e+00
0.000000000000000000e+00,2.840000000000000000e+02,-4.014208706824915066e-20,-4.014208706824915066e-20,2.007104353412457533e-20,2.007104353412457533e-20,0.000000000000000000e+00
0.000000000000000000e+00,2.850000000000000000e+02,6.018531076210112041e-36,6.018531076210112041e-36,-3.009265538105056020e-36,0.000000000000000000e+00,0.000000000000000000e+00
0.000000000000000000e+00,2.860000000000000000e+02,-4.034848526564564378e-20,-4.034848526564564378e-20,2.017424263282282189e-20,2.017424263282282189e-20,0.000000000000000000e+00
0.000000000000000000e+00,2.870000000000000000e+02,0.000000000000000000e+00,0.000000000000000000e+00,-3.009265538105056020e-36,0.000000000000000000e+00,0.000000000000000000e+00
0.000000000000000000e+00,2.880000000000000000e+02,-4.055419751267601512e-20,-4.055419751267601512e-20,2.027709875633800756e-20,2.027709875633800756e-20,0.000000000000000000e+00
0.000000000000000000e+00,2.890000000000000000e+02,-1.203706215242022408e-35,-1.203706215242022408e-35,9.027796614315168061e-36,3.009265538105056020e-36,0.000000000000000000e+00
0.000000000000000000e+00,2.900000000000000000e+02,-4.075922930789129667e-20,-4.075922930789129667e-20,2.037961465394564833e-20,2.037961465394564833e-20,0.000000000000000000e+00
0.000000000000000000e+00,2.910000000000000000e+02,0.000000000000000000e+00,0.000000000000000000e+00,-3.009265538105056020e-36,3.009265538105056020e-36,0.000000000000000000e+00
0.000000000000000000e+00,2.920000000000000000e+02,-4.096358609058954635e-20,-4.096358609058954635e-20,2.048179304529477318e-20,2.048179304529477318e-20,0.000000000000000000e+00
0.000000000000000000e+00,2.930000000000000000e+02,-1.203706215242022408e-35,-1.203706215242022408e-35,9.027796614315168061e-36,3.009265538105056020e-36,0.000000000000000000e+00
0.000000000000000000e+00,2.940000000000000000e+02,-4.116727324140781867e-20,-4.116727324140781867e-20,2.058363662070390934e-20,2.058363662070390934e-20,0.000000000000000000e+00
0.000000000000000000e+00,2.950000000000000000e+02,6.018531076210112041e-36,6.018531076210112041e-36,-3.009265538105056020e-36,-3.009265538105056020e-36,0.000000000000000000e+00
0.000000000000000000e+00,2.960000000000000000e+02,-4.137029608291766826e-20,-4.137029608291766826e-20,2.068514804145883413e-20,2.068514804145883413e-20,0.000000000000000000e+00
0.000000000000000000e+00,2.970000000000000000e+02,0.000000000000000000e+00,0.000000000000000000e+00,0.000000000000000000e+00,0.000000000000000000e+00,0.000000000000000000e+00
0.000000000000000000e+00,2.980000000000000000e+02,-4.157265988022359654e-20,-4.157265988022359654e-20,2.078632994011179827e-20,2.078632994011179827e-20,0.000000000000000000e+00
0.000000000000000000e+00,2.990000000000000000e+02,0.000000000000000000e+00,0.000000000000000000e+00,0.000000000000000000e+00,-3.009265538105056020e-36,0.000000000000000000e+00
0.000000000000000000e+00,3.000000000000000000e+02,-4.177436984156349042e-20,-4.177436984156349042e-20,2.088718492078174521e-20,2.088718492078174521e-20,0.000000000000000000e+00
0.000000000000000000e+00,3.010000000000000000e+02,0.000000000000000000e+00,0.000000000000000000e+00,-3.009265538105056020e-36,3.009265538105056020e-36,0.000000000000000000e+00
0.000000000000000000e+00,3.020000000000000000e+02,-4.197543111891056571e-20,-4.197543111891056571e-20,2.098771555945528285e-20,2.098771555945528285e-20,0.000000000000000000e+00
0.000000000000000000e+00,3.030000000000000000e+02,6.018531076210112041e-36,6.018531076210112041e-36,0.000000000000000000e+00,-3.009265538105056020e-36,0.000000000000000000e+00
0.000000000000000000e+00,3.040000000000000000e+02,-4.217584880857615914e-20,-4.217584880857615914e-20,2.108792440428807957e-20,2.108792440428807957e-20,0.000000000000000000e+00
0.000000000000000000e+00,3.050000000000000000e+02,-6.018531076210112041e-36,-6.018531076210112041e-36,0.000000000000000000e+00,3.009265538105056020e-36,0.000000000000000000e+00
0.000000000000000000e+00,3.060000000000000000e+02,-4.237562795181265874e-20,-4.237562795181265874e-20,2.118781397590632937e-20,2.118781397590632937e-20,0.000000000000000000e+00
0.000000000000000000e+00,3.070000000000000000e+02,-6.018531076210112041e-36,-6.018531076210112041e-36,3.009265538105056020e-36,3.009265538105056020e-36,0.000000000000000000e+00
0.000000000000000000e+00,3.080000000000000000e+02,-4.257477353541634403e-20,-4.257477353541634403e-20,2.128738676770817202e-20,2.128738676770817202e-20,0.000000000000000000e+00
0.000000000000000000e+00,3.090000000000000000e+02,0.000000000000000000e+00,0.000000000000000000e+00,-3.009265538105056020e-36,0.000000000000000000e+00,0.000000000000000000e+00
0.000000000000000000e+00,3.100000000000000000e+02,-4.277329049232936548e-20,-4.277329049232936548e-20,2.138664524616468274e-20,2.138664524616468274e-20,0.000000000000000000e+00
0.000000000000000000e+00,3.110000000000000000e+02,0.000000000000000000e+00,0.000000000000000000e+00,6.018531076210112041e-36,-6.018531076210112041e-36,0.000000000000000000e+00
0.000000000000000000e+00,3.120000000000000000e+02,-4.297118370224048421e-20,-4.297118370224048421e-20,2.148559185112024211e-20,2.148559185112024211e-20,0.000000000000000000e+00
0.000000000000000000e+00,3.130000000000000000e+02,-6.018531076210112041e-36,-6.018531076210112041e-36,0.000000000000000000e+00,6.018531076210112041e-36,0.000000000000000000e+00
0.000000000000000000e+00,3.140000000000000000e+02,-4.316845799218433111e-20,-4.316845799218433111e-20,2.158422899609216556e-20,2.158422899609216556e-20,0.000000000000000000e+00
0.000000000000000000e+00,3.150000000000000000e+02,0.000000000000000000e+00,0.000000000000000000e+00,-3.009265538105056020e-36,0.000000000000000000e+00,0.000000000000000000e+00
0.000000000000000000e+00,3.160000000000000000e+02,-4.336511813713849929e-20,-4.336511813713849929e-20,2.168255906856924964e-20,2.168255906856924964e-20,0.000000000000000000e+00
0.000000000000000000e+00,3.170000000000000000e+02,0.000000000000000000e+00,0.000000000000000000e+00,-3.009265538105056020e-36,0.000000000000000000e+00,0.000000000000000000e+00
0.000000000000000000e+00,3.180000000000000000e+02,-4.356116886061825317e-20,-4.356116886061825317e-20,2.178058443030912658e-20,2.178058443030912658e-20,0.000000000000000000e+00
0.000000000000000000e+00,3.190000000000000000e+02,0.000000000000000000e+00,0.000000000000000000e+00,-3.009265538105056020e-36,6.018531076210112041e-36,0.000000000000000000e+00
0.000000000000000000e+00,3.200000000000000000e+02,-4.375661483526868577e-20,-4.375661483526868577e-20,2.187830741763434288e-20,2.187830741763434288e-20,0.000000000000000000e+00
0.000000000000000000e+00,3.210000000000000000e+02,0.000000000000000000e+00,0.000000000000000000e+00,6.018531076210112041e-36,-3.009265538105056020e-36,0.000000000000000000e+00
0.000000000000000000e+00,3.220000000000000000e+02,-4.395146068345369815e-20,-4.395146068345369815e-20,2.197573034172684908e-20,2.197573034172684908e-20,0.000000000000000000e+00
0.000000000000000000e+00,3.230000000000000000e+02,0.000000000000000000e+00,0.000000000000000000e+00,3.009265538105056020e-36,0.000000000000000000e+00,0.000000000000000000e+00
0.000000000000000000e+00,3.240000000000000000e+02,-4.414571097784180714e-20,-4.414571097784180714e-20,2.207285548892090357e-20,2.207285548892090357e-20,0.000000000000000000e+00
0.000000000000000000e+00,3.250000000000000000e+02,0.000000000000000000e+00,0.000000000000000000e+00,0.000000000000000000e+00,0.000000000000000000e+00,0.000000000000000000e+00
0.000000000000000000e+00,3.260000000000000000e+02,-4.433937024198828772e-20,-4.433937024198828772e-20,2.216968512099414386e-20,2.216968512099414386e-20,0.000000000000000000e+00
0.000000000000000000e+00,3.270000000000000000e+02,-6.018531076210112041e-36,-6.018531076210112041e-36,3.009265538105056020e-36,0.000000000000000000e+00,0.000000000000000000e+00
0.000000000000000000e+00,3.280000000000000000e+02,-4.453244295091360205e-20,-4.453244295091360205e-20,2.226622147545680102e-20,2.226622147545680102e-20,0.000000000000000000e+00
0.000000000000000000e+00,3.290000000000000000e+02,0.000000000000000000e+00,0.000000000000000000e+00,3.009265538105056020e-36,0.000000000000000000e+00,0.000000000000000000e+00
0.000000000000000000e+00,3.300000000000000000e+02,-4.472493353167780803e-20,-4.472493353167780803e-20,2.236246676583890402e-20,2.236246676583890402e-20,0.000000000000000000e+00
0.000000000000000000e+00,3.310000000000000000e+02,0.000000000000000000e+00,0.000000000000000000e+00,0.000000000000000000e+00,0.000000000000000000e+00,0.000000000000000000e+00
0.000000000000000000e+00,3.320000000000000000e+02,-4.491684636395086934e-20,-4.491684636395086934e-20,2.245842318197543467e-20,2.245842318197543467e-20,0.000000000000000000e+00
0.000000000000000000e+00,3.330000000000000000e+02,0.000000000000000000e+00,0.000000000000000000e+00,0.000000000000000000e+00,0.000000000000000000e+00,0.000000000000000000e+00
0.000000000000000000e+00,3.340000000000000000e+02,-4.510818578057832508e-20,-4.510818578057832508e-20,2.255409289028916254e-20,2.255409289028916254e-20,0.000000000000000000e+00
0.000000000000000000e+00,3.350000000000000000e+02,1.203706215242022408e-35,1.203706215242022408e-35,-3.009265538105056020e-36,-6.018531076210112041e-36,0.000000000000000000e+00
0.000000000000000000e+00,3.360000000000000000e+02,-4.529895606814271645e-20,-4.529895606814271645e-20,2.264947803407135822e-20,2.264947803407135822e-20,0.000000000000000000e+00
0.000000000000000000e+00,3.370000000000000000e+02,0.000000000000000000e+00,0.000000000000000000e+00,0.000000000000000000e+00,-3.009265538105056020e-36,0.000000000000000000e+00
0.000000000000000000e+00,3.380000000000000000e+02,-4.548916146752016844e-20,-4.548916146752016844e-20,2.274458073376008422e-20,2.274458073376008422e-20,0.000000000000000000e+00
0.000000000000000000e+00,3.390000000000000000e+02,6.018531076210112041e-36,6.018531076210112041e-36,-3.009265538105056020e-36,0.000000000000000000e+00,0.000000000000000000e+00
0.000000000000000000e+00,3.400000000000000000e+02,-4.567880617443210860e-20,-4.567880617443210860e-20,2.283940308721605430e-20,2.283940308721605430e-20,0.000000000000000000e+00
0.000000000000000000e+00,3.410000000000000000e+02,6.018531076210112041e-36,6.018531076210112041e-36,3.009265538105056020e-36,-6.018531076210112041e-36,0.000000000000000000e+00
0.000000000000000000e+00,3.420000000000000000e+02,-4.586789433999227324e-20,-4.586789433999227324e-20,2.293394716999613662e-20,2.293394716999613662e-20,0.000000000000000000e+00
0.000000000000000000e+00,3.430000000000000000e+02,-6.018531076210112041e-36,-6.018531076210112041e-36,3.009265538105056020e-36,0.000000000000000000e+00,0.000000000000000000e+00
0.000000000000000000e+00,3.440000000000000000e+02,-4.605643007124838127e-20,-4.605643007124838127e-20,2.302821503562419064e-20,2.302821503562419064e-20,0.000000000000000000e+00
0.000000000000000000e+00,3.450000000000000000e+02,6.018531076210112041e-36,6.018531076210112041e-36,-3.009265538105056020e-36,0.000000000000000000e+00,0.000000000000000000e+00
0.000000000000000000e+00,3.460000000000000000e+02,-4.624441743171883069e-20,-4.624441743171883069e-20,2.312220871585941535e-20,2.312220871585941535e-20,0.000000000000000000e+00
0.000000000000000000e+00,3.470000000000000000e+02,-6.018531076210112041e-36,-6.018531076210112041e-36,6.018531076210112041e-36,0.000000000000000000e+00,0.000000000000000000e+00
0.000000000000000000e+00,3.480000000000000000e+02,-4.643186044192426727e-20,-4.643186044192426727e-20,2.321593022096213364e-20,2.321593022096213364e-20,0.000000000000000000e+00
0.000000000000000000e+00,3.490000000000000000e+02,0.000000000000000000e+00,0.000000000000000000e+00,0.000000000000000000e+00,0.000000000000000000e+00,0.000000000000000000e+00
0.000000000000000000e+00,3.500000000000000000e+02,-4.661876307991358013e-20,-4.661876307991358013e-20,2.330938153995679006e-20,2.330938153995679006e-20,0.000000000000000000e+00
0.000000000000000000e+00,3.510000000000000000e+02,-6.018531076210112041e-36,-6.018531076210112041e-36,0.000000000000000000e+00,3.009265538105056020e-36,0.000000000000000000e+00
0.000000000000000000e+00,3.520000000000000000e+02,-4.680512928178481758e-20,-4.680512928178481758e-20,2.340256464089240879e-20,2.340256464089240879e-20,0.000000000000000000e+00
0.000000000000000000e+00,3.530000000000000000e+02,0.000000000000000000e+00,0.000000000000000000e+00,0.000000000000000000e+00,0.000000000000000000e+00,0.000000000000000000e+00
0.000000000000000000e+00,3.540000000000000000e+02,-4.699096294220060217e-20,-4.699096294220060217e-20,2.349548147110030108e-20,2.349548147110030108e-20,0.000000000000000000e+00
0.000000000000000000e+00,3.550000000000000000e+02,0.000000000000000000e+00,0.000000000000000000e+00,0.000000000000000000e+00,-3.009265538105056020e-36,0.000000000000000000e+00
0.000000000000000000e+00,3.560000000000000000e+02,-4.717626791489800852e-20,-4.717626791489800852e-20,2.358813395744900426e-20,2.358813395744900426e-20,0.000000000000000000e+00
0.000000000000000000e+00,3.570000000000000000e+02,6.018531076210112041e-36,6.018531076210112041e-36,0.000000000000000000e+00,-3.009265538105056020e-36,0.000000000000000000e+00
0.000000000000000000e+00,3.580000000000000000e+02,-4.736104801319310887e-20,-4.736104801319310887e-20,2.368052400659655444e-20,2.368052400659655444e-20,0.000000000000000000e+00
0.000000000000000000e+00,3.590000000000000000e+02,-6.018531076210112041e-36,-6.018531076210112041e-36,6.018531076210112041e-36,0.000000000000000000e+00,0.000000000000000000e+00
0.000000000000000000e+00,3.600000000000000000e+02,-4.754530701047975283e-20,-4.754530701047975283e-20,2.377265350523987642e-20,2.377265350523987642e-20,0.000000000000000000e+00
0.000000000000000000e+00,3.610000000000000000e+02,-6.018531076210112041e-36,-6.018531076210112041e-36,0.000000000000000000e+00,6.018531076210112041e-36,0.000000000000000000e+00
0.000000000000000000e+00,3.620000000000000000e+02,-4.772904864072323734e-20,-4.772904864072323734e-20,2.386452432036161867e-20,2.386452432036161867e-20,0.000000000000000000e+00
0.000000000000000000e+00,3.630000000000000000e+02,0.000000000000000000e+00,0.000000000000000000e+00,3.009265538105056020e-36,0.000000000000000000e+00,0.000000000000000000e+00
0.000000000000000000e+00,3.640000000000000000e+02,-4.791227659894790404e-20,-4.791227659894790404e-20,2.395613829947395202e-20,2.395613829947395202e-20,0.000000000000000000e+00
0.000000000000000000e+00,3.650000000000000000e+02,-6.018531076210112041e-36,-6.018531076210112041e-36,3.009265538105056020e-36,6.018531076210112041e-36,0.000000000000000000e+00
0.000000000000000000e+00,3.660000000000000000e+02,-4.809499454171950041e-20,-4.809499454171950041e-20,2.404749727085975020e-20,2.404749727085975020e-20,0.000000000000000000e+00
0.000000000000000000e+00,3.670000000000000000e+02,0.000000000000000000e+00,0.000000000000000000e+00,-3.009265538105056020e-36,0.000000000000000000e+00,0.000000000000000000e+00
0.000000000000000000e+00,3.680000000000000000e+02,-4.827720608762193174e-20,-4.827720608762193174e-20,2.413860304381096587e-20,2.413860304381096587e-20,0.000000000000000000e+00
0.000000000000000000e+00,3.690000000000000000e+02,0.000000000000000000e+00,0.000000000000000000e+00,-3.009265538105056020e-36,3.009265538105056020e-36,0.000000000000000000e+00
0.000000000000000000e+00,3.700000000000000000e+02,-4.845891481772829542e-20,-4.845891481772829542e-20,2.422945740886414771e-20,2.422945740886414771e-20,0.000000000000000000e+00
0.000000000000000000e+00,3.710000000000000000e+02,-6.018531076210112041e-36,-6.018531076210112041e-36,0.000000000000000000e+00,6.018531076210112041e-36,0.000000000000000000e+00
0.000000000000000000e+00,3.720000000000000000e+02,-4.864012427606655275e-20,-4.864012427606655275e-20,2.432006213803327637e-20,2.432006213803327637e-20,0.000000000000000000e+00
0.000000000000000000e+00,3.730000000000000000e+02,0.000000000000000000e+00,0.000000000000000000e+00,0.000000000000000000e+00,0.000000000000000000e+00,0.000000000000000000e+00
0.000000000000000000e+00,3.740000000000000000e+02,-4.882083797007948915e-20,-4.882083797007948915e-20,2.441041898503974457e-20,2.441041898503974457e-20,0.000000000000000000e+00
0.000000000000000000e+00,3.750000000000000000e+02,0.000000000000000000e+00,0.000000000000000000e+00,0.000000000000000000e+00,0.000000000000000000e+00,0.000000000000000000e+00
0.000000000000000000e+00,3.760000000000000000e+02,-4.900105937107908317e-20,-4.900105937107908317e-20,2.450052968553954159e-20,2.450052968553954159e-20,0.000000000000000000e+00
0.000000000000000000e+00,3.770000000000000000e+02,0.000000000000000000e+00,0.000000000000000000e+00,-3.009265538105056020e-36,3.009265538105056020e-36,0.000000000000000000e+00
0.000000000000000000e+00,3.780000000000000000e+02,-4.918079191469568754e-20,-4.918079191469568754e-20,2.459039595734784377e-20,2.459039595734784377e-20,0.000000000000000000e+00
0.000000000000000000e+00,3.790000000000000000e+02,0.000000000000000000e+00,0.000000000000000000e+00,0.000000000000000000e+00,0.000000000000000000e+00,0.000000000000000000e+00
0.000000000000000000e+00,3.800000000000000000e+02,-4.936003900132119163e-20,-4.936003900132119163e-20,2.468001950066059581e-20,2.468001950066059581e-20,0.000000000000000000e+00
0.000000000000000000e+00,3.810000000000000000e+02,0.000000000000000000e+00,0.000000000000000000e+00,0.000000000000000000e+00,-3.009265538105056020e-36,0.000000000000000000e+00
0.000000000000000000e+00,3.820000000000000000e+02,-4.953880399654721869e-20,-4.953880399654721869e-20,2.476940199827360934e-20,2.476940199827360934e-20,0.000000000000000000e+00
0.000000000000000000e+00,3.830000000000000000e+02,6.018531076210112041e-36,6.018531076210112041e-36,0.000000000000000000e+00,-3.009265538105056020e-36,0.000000000000000000e+00
0.000000000000000000e+00,3.840000000000000000e+02,-4.971709023159743692e-20,-4.971709023159743692e-20,2.485854511579871846e-20,2.485854511579871846e-20,0.000000000000000000e+00
0.000000000000000000e+00,3.850000000000000000e+02,0.000000000000000000e+00,0.000000000000000000e+00,0.000000000000000000e+00,0.000000000000000000e+00,0.000000000000000000e+00
0.000000000000000000e+00,3.860000000000000000e+02,-4.989490100375482103e-20,-4.989490100375482103e-20,2.494745050187741051e-20,2.494745050187741051e-20,0.000000000000000000e+00
0.000000000000000000e+00,3.870000000000000000e+02,0.000000000000000000e+00,0.000000000000000000e+00,0.000000000000000000e+00,-3.009265538105056020e-36,0.000000000000000000e+00
0.000000000000000000e+00,3.880000000000000000e+02,-5.007223957678325031e-20,-5.007223957678325031e-20,2.503611978839162516e-20,2.503611978839162516e-20,0.000000000000000000e+00
0.000000000000000000e+00,3.890000000000000000e+02,-6.018531076210112041e-36,-6.018531076210112041e-36,3.009265538105056020e-36,0.000000000000000000e+00,0.000000000000000000e+00
0.000000000000000000e+00,3.900000000000000000e+02,-5.024910918134385261e-20,-5.024910918134385261e-20,2.512455459067192630e-20,2.512455459067192630e-20,0.000000000000000000e+00
0.000000000000000000e+00,3.910000000000000000e+02,0.000000000000000000e+00,0.000000000000000000e+00,-3.009265538105056020e-36,0.000000000000000000e+00,0.000000000000000000e+00
0.000000000000000000e+00,3.920000000000000000e+02,-5.042551301540614215e-20,-5.042551301540614215e-20,2.521275650770307107e-20,2.521275650770307107e-20,0.000000000000000000e+00
0.000000000000000000e+00,3.930000000000000000e+02,0.000000000000000000e+00,0.000000000000000000e+00,3.009265538105056020e-36,-6.018531076210112041e-36,0.000000000000000000e+00
0.000000000000000000e+00,3.940000000000000000e+02,-5.060145424465366257e-20,-5.060145424465366257e-20,2.530072712232683129e-20,2.530072712232683129e-20,0.000000000000000000e+00
0.000000000000000000e+00,3.950000000000000000e+02,0.000000000000000000e+00,0.000000000000000000e+00,0.000000000000000000e+00,0.000000000000000000e+00,0.000000000000000000e+00
0.000000000000000000e+00,3.960000000000000000e+02,-5.077693600288461646e-20,-5.077693600288461646e-20,2.538846800144230823e-20,2.538846800144230823e-20,0.000000000000000000e+00
0.000000000000000000e+00,3.970000000000000000e+02,0.000000000000000000e+00,0.000000000000000000e+00,0.000000000000000000e+00,3.009265538105056020e-36,0.000000000000000000e+00
0.000000000000000000e+00,3.980000000000000000e+02,-5.095196139240716244e-20,-5.095196139240716244e-20,2.547598069620358122e-20,2.547598069620358122e-20,0.000000000000000000e+00
0.000000000000000000e+00,3.990000000000000000e+02,0.000000000000000000e+00,0.000000000000000000e+00,-3.009265538105056020e-36,0.000000000000000000e+00,0.000000000000000000e+00
0.000000000000000000e+00,4.000000000000000000e+02,-5.112653348442961461e-20,-5.112653348442961461e-20,2.556326674221480730e-20,2.556326674221480730e-20,0.000000000000000000e+00
0.000000000000000000e+00,4.010000000000000000e+02,-6.018531076210112041e-36,-6.018531076210112041e-36,3.009265538105056020e-36,3.009265538105056020e-36,0.000000000000000000e+00
0.000000000000000000e+00,4.020000000000000000e+02,-5.130065531944538179e-20,-5.130065531944538179e-20,2.565032765972269090e-20,2.565032765972269090e-20,0.000000000000000000e+00
0.000000000000000000e+00,4.030000000000000000e+02,-6.018531076210112041e-36,-6.018531076210112041e-36,0.000000000000000000e+00,6.018531076210112041e-36,0.000000000000000000e+00
0.000000000000000000e+00,4.040000000000000000e+02,-5.147432990761333868e-20,-5.147432990761333868e-20,2.573716495380666934e-20,2.573716495380666934e-20,0.000000000000000000e+00
0.000000000000000000e+00,4.050000000000000000e+02,0.000000000000000000e+00,0.000000000000000000e+00,3.009265538105056020e-36,0.000000000000000000e+00,0.000000000000000000e+00
0.000000000000000000e+00,4.060000000000000000e+02,-5.164756022913250347e-20,-5.164756022913250347e-20,2.582378011456625174e-20,2.582378011456625174e-20,0.000000000000000000e+00
0.000000000000000000e+00,4.070000000000000000e+02,-6.018531076210112041e-36,-6.018531076210112041e-36,0.000000000000000000e+00,3.009265538105056020e-36,0.000000000000000000e+00
0.000000000000000000e+00,4.080000000000000000e+02,-5.182034923461238216e-20,-5.182034923461238216e-20,2.591017461730619108e-20,2.591017461730619108e-20,0.000000000000000000e+00
0.000000000000000000e+00,4.090000000000000000e+02,6.018531076210112041e-36,6.018531076210112041e-36,-3.009265538105056020e-36,-6.018531076210112041e-36,0.000000000000000000e+00
0.000000000000000000e+00,4.100000000000000000e+02,-5.199269984543799848e-20,-5.199269984543799848e-20,2.599634992271899924e-20,2.599634992271899924e-20,0.000000000000000000e+00
0.000000000000000000e+00,4.110000000000000000e+02,6.018531076210112041e-36,6.018531076210112041e-36,0.000000000000000000e+00,-6.018531076210112041e-36,0.000000000000000000e+00
0.000000000000000000e+00,4.120000000000000000e+02,-5.216461495413022934e-20,-5.216461495413022934e-20,2.608230747706511467e-20,2.608230747706511467e-20,0.000000000000000000e+00
0.000000000000000000e+00,4.130000000000000000e+02,0.000000000000000000e+00,0.000000000000000000e+00,3.009265538105056020e-36,-6.018531076210112041e-36,0.000000000000000000e+00
0.000000000000000000e+00,4.140000000000000000e+02,-5.233609742470139775e-20,-5.233609742470139775e-20,2.616804871235069888e-20,2.616804871235069888e-20,0.000000000000000000e+00
0.000000000000000000e+00,4.150000000000000000e+02,0.000000000000000000e+00,0.000000000000000000e+00,0.000000000000000000e+00,0.000000000000000000e+00,0.000000000000000000e+00
0.000000000000000000e+00,4.160000000000000000e+02,-5.250715009300584619e-20,-5.250715009300584619e-20,2.625357504650292309e-20,2.625357504650292309e-20,0.000000000000000000e+00
0.000000000000000000e+00,4.170000000000000000e+02,6.018531076210112041e-36,6.018531076210112041e-36,-3.009265538105056020e-36,0.000000000000000000e+00,0.000000000000000000e+00
0.000000000000000000e+00,4.180000000000000000e+02,-5.267777576708626698e-20,-5.267777576708626698e-20,2.633888788354313349e-20,2.633888788354313349e-20,0.000000000000000000e+00
0.000000000000000000e+00,4.190000000000000000e+02,-1.203706215242022408e-35,-1.203706215242022408e-35,3.009265538105056020e-36,9.027796614315168061e-36,0.000000000000000000e+00
0.000000000000000000e+00,4.200000000000000000e+02,-5.284797722751483264e-20,-5.284797722751483264e-20,2.642398861375741632e-20,2.642398861375741632e-20,0.000000000000000000e+00
0.000000000000000000e+00,4.210000000000000000e+02,0.000000000000000000e+00,0.000000000000000000e+00,0.000000000000000000e+00,-3.009265538105056020e-36,0.000000000000000000e+00
0.000000000000000000e+00,4.220000000000000000e+02,-5.301775722773021554e-20,-5.301775722773021554e-20,2.650887861386510777e-20,2.650887861386510777e-20,0.000000000000000000e+00
0.000000000000000000e+00,4.230000000000000000e+02,0.000000000000000000e+00,0.000000000000000000e+00,0.000000000000000000e+00,0.000000000000000000e+00,0.000000000000000000e+00
0.000000000000000000e+00,4.240000000000000000e+02,-5.318711849436973261e-20,-5.318711849436973261e-20,2.659355924718486630e-20,2.659355924718486630e-20,0.000000000000000000e+00
0.000000000000000000e+00,4.250000000000000000e+02,6.018531076210112041e-36,6.018531076210112041e-36,-6.018531076210112041e-36,3.009265538105056020e-36,0.000000000000000000e+00
0.000000000000000000e+00,4.260000000000000000e+02,-5.335606372759718671e-20,-5.335606372759718671e-20,2.667803186379859336e-20,2.667803186379859336e-20,0.000000000000000000e+00
0.000000000000000000e+00,4.270000000000000000e+02,-6.018531076210112041e-36,-6.018531076210112041e-36,-3.009265538105056020e-36,6.018531076210112041e-36,0.000000000000000000e+00
0.000000000000000000e+00,4.280000000000000000e+02,-5.352459560142617619e-20,-5.352459560142617619e-20,2.676229780071308810e-20,2.676229780071308810e-20,0.000000000000000000e+00
0.000000000000000000e+00,4.290000000000000000e+02,-6.018531076210112041e-36,-6.018531076210112041e-36,0.000000000000000000e+00,6.018531076210112041e-36,0.000000000000000000e+00
0.000000000000000000e+00,4.300000000000000000e+02,-5.369271676403911306e-20,-5.369271676403911306e-20,2.684635838201955653e-20,2.684635838201955653e-20,0.000000000000000000e+00
0.000000000000000000e+00,4.310000000000000000e+02,0.000000000000000000e+00,0.000000000000000000e+00,0.000000000000000000e+00,-3.009265538105056020e-36,0.000000000000000000e+00
0.000000000000000000e+00,4.320000000000000000e+02,-5.386042983810182970e-20,-5.386042983810182970e-20,2.693021491905091485e-20,2.693021491905091485e-20,0.000000000000000000e+00
0.000000000000000000e+00,4.330000000000000000e+02,0.000000000000000000e+00,0.000000000000000000e+00,0.000000000000000000e+00,-3.009265538105056020e-36,0.000000000000000000e+00
0.000000000000000000e+00,4.340000000000000000e+02,-5.402773742107390036e-20,-5.402773742107390036e-20,2.701386871053695018e-20,2.701386871053695018e-20,0.000000000000000000e+00
0.000000000000000000e+00,4.350000000000000000e+02,0.000000000000000000e+00,0.000000000000000000e+00,-3.009265538105056020e-36,0.000000000000000000e+00,0.000000000000000000e+00
0.000000000000000000e+00,4.360000000000000000e+02,-5.419464208551491214e-20,-5.419464208551491214e-20,2.709732104275745607e-20,2.709732104275745607e-20,0.000000000000000000e+00
0.000000000000000000e+00,4.370000000000000000e+02,-1.203706215242022408e-35,-1.203706215242022408e-35,0.000000000000000000e+00,6.018531076210112041e-36,0.000000000000000000e+00
0.000000000000000000e+00,4.380000000000000000e+02,-5.436114637938625821e-20,-5.436114637938625821e-20,2.718057318969312911e-20,2.718057318969312911e-20,0.000000000000000000e+00
0.000000000000000000e+00,4.390000000000000000e+02,1.203706215242022408e-35,1.203706215242022408e-35,-6.018531076210112041e-36,0.000000000000000000e+00,0.000000000000000000e+00
0.000000000000000000e+00,4.400000000000000000e+02,-5.452725282634918756e-20,-5.452725282634918756e-20,2.726362641317459378e-20,2.726362641317459378e-20,0.000000000000000000e+00
0.000000000000000000e+00,4.410000000000000000e+02,-1.203706215242022408e-35,-1.203706215242022408e-35,0.000000000000000000e+00,6.018531076210112041e-36,0.000000000000000000e+00
0.000000000000000000e+00,4.420000000000000000e+02,-5.469296392605837682e-20,-5.469296392605837682e-20,2.734648196302918841e-20,2.734648196302918841e-20,0.000000000000000000e+00
0.000000000000000000e+00,4.430000000000000000e+02,0.000000000000000000e+00,0.000000000000000000e+00,0.000000000000000000e+00,0.000000000000000000e+00,0.000000000000000000e+00
0.000000000000000000e+00,4.440000000000000000e+02,-5.485828215445195132e-20,-5.485828215445195132e-20,2.742914107722597566e-20,2.742914107722597566e-20,0.000000000000000000e+00
0.000000000000000000e+00,4.450000000000000000e+02,1.203706215242022408e-35,1.203706215242022408e-35,0.000000000000000000e+00,-6.018531076210112041e-36,0.000000000000000000e+00
0.000000000000000000e+00,4.460000000000000000e+02,-5.502320996403719673e-20,-5.502320996403719673e-20,2.751160498201859837e-20,2.751160498201859837e-20,0.000000000000000000e+00
0.000000000000000000e+00,4.470000000000000000e+02,0.000000000000000000e+00,0.000000000000000000e+00,6.018531076210112041e-36,0.000000000000000000e+00,0.000000000000000000e+00
0.000000000000000000e+00,4.480000000000000000e+02,-5.518774978417241897e-20,-5.518774978417241897e-20,2.759387489208620949e-20,2.759387489208620949e-20,0.000000000000000000e+00
0.000000000000000000e+00,4.490000000000000000e+02,0.000000000000000000e+00,0.000000000000000000e+00,6.018531076210112041e-36,-6.018531076210112041e-36,0.000000000000000000e+00
0.000000000000000000e+00,4.500000000000000000e+02,-5.535190402134522899e-20,-5.535190402134522899e-20,2.767595201067261450e-20,2.767595201067261450e-20,0.000000000000000000e+00
0.000000000000000000e+00,4.510000000000000000e+02,-1.203706215242022408e-35,-1.203706215242022408e-35,0.000000000000000000e+00,6.018531076210112041e-36,0.000000000000000000e+00
0.000000000000000000e+00,4.520000000000000000e+02,-5.551567505944660265e-20,-5.551567505944660265e-20,2.775783752972330133e-20,2.775783752972330133e-20,0.000000000000000000e+00
0.000000000000000000e+00,4.530000000000000000e+02,-1.203706215242022408e-35,-1.203706215242022408e-35,6.018531076210112041e-36,6.018531076210112041e-36,0.000000000000000000e+00
0.000000000000000000e+00,4.540000000000000000e+02,-5.567906526004147384e-20,-5.567906526004147384e-20,2.783953263002073692e-20,2.783953263002073692e-20,0.000000000000000000e+00
0.000000000000000000e+00,4.550000000000000000e+02,1.203706215242022408e-35,1.203706215242022408e-35,0.000000000000000000e+00,-6.018531076210112041e-36,0.000000000000000000e+00
0.000000000000000000e+00,4.560000000000000000e+02,-5.584207696263562025e-20,-5.584207696263562025e-20,2.792103848131781012e-20,2.792103848131781012e-20,0.000000000000000000e+00
0.000000000000000000e+00,4.570000000000000000e+02,1.203706215242022408e-35,1.203706215242022408e-35,0.000000000000000000e+00,-6.018531076210112041e-36,0.000000000000000000e+00
0.000000000000000000e+00,4.580000000000000000e+02,-5.600471248493870926e-20,-5.600471248493870926e-20,2.800235624246935463e-20,2.800235624246935463e-20,0.000000000000000000e+00
0.000000000000000000e+00,4.590000000000000000e+02,1.203706215242022408e-35,1.203706215242022408e-35,-6.018531076210112041e-36,-6.018531076210112041e-36,0.000000000000000000e+00
0.000000000000000000e+00,4.600000000000000000e+02,-5.616697412312408187e-20,-5.616697412312408187e-20,2.808348706156204093e-20,2.808348706156204093e-20,0.000000000000000000e+00
0.000000000000000000e+00,4.610000000000000000e+02,0.000000000000000000e+00,0.000000000000000000e+00,1.203706215242022408e-35,-6.018531076210112041e-36,0.000000000000000000e+00
0.000000000000000000e+00,4.620000000000000000e+02,-5.632886415208446797e-20,-5.632886415208446797e-20,2.816443207604223398e-20,2.816443207604223398e-20,0.000000000000000000e+00
0.000000000000000000e+00,4.630000000000000000e+02,0.000000000000000000e+00,0.000000000000000000e+00,0.000000000000000000e+00,0.000000000000000000e+00,0.000000000000000000e+00
0.000000000000000000e+00,4.640000000000000000e+02,-5.649038482568483692e-20,-5.649038482568483692e-20,2.824519241284241846e-20,2.824519241284241846e-20,0.000000000000000000e+00
0.000000000000000000e+00,4.650000000000000000e+02,0.000000000000000000e+00,0.000000000000000000e+00,0.000000000000000000e+00,6.018531076210112041e-36,0.000000000000000000e+00
0.000000000000000000e+00,4.660000000000000000e+02,-5.665153837701122771e-20,-5.665153837701122771e-20,2.832576918850561386e-20,2.832576918850561386e-20,0.000000000000000000e+00
0.000000000000000000e+00,4.670000000000000000e+02,0.000000000000000000e+00,0.000000000000000000e+00,6.018531076210112041e-36,0.000000000000000000e+00,0.000000000000000000e+00
0.000000000000000000e+00,4.680000000000000000e+02,-5.681232701861655776e-20,-5.681232701861655776e-20,2.840616350930827888e-20,2.840616350930827888e-20,0.000000000000000000e+00
0.000000000000000000e+00,4.690000000000000000e+02,0.000000000000000000e+00,0.000000000000000000e+00,6.018531076210112041e-36,0.000000000000000000e+00,0.000000000000000000e+00
0.000000000000000000e+00,4.700000000000000000e+02,-5.697275294276285679e-20,-5.697275294276285679e-20,2.848637647138142840e-20,2.848637647138142840e-20,0.000000000000000000e+00
0.000000000000000000e+00,4.710000000000000000e+02,-1.203706215242022408e-35,-1.203706215242022408e-35,6.018531076210112041e-36,6.018531076210112041e-36,0.000000000000000000e+00
0.000000000000000000e+00,4.720000000000000000e+02,-5.713281832166034694e-20,-5.713281832166034694e-20,2.856640916083017347e-20,2.856640916083017347e-20,0.000000000000000000e+00
0.000000000000000000e+00,4.730000000000000000e+02,0.000000000000000000e+00,0.000000000000000000e+00,-6.018531076210112041e-36,0.000000000000000000e+00,0.000000000000000000e+00
0.000000000000000000e+00,4.740000000000000000e+02,-5.729252530770306827e-20,-5.729252530770306827e-20,2.864626265385153413e-20,2.864626265385153413e-20,0.000000000000000000e+00
0.000000000000000000e+00,4.750000000000000000e+02,-1.203706215242022408e-35,-1.203706215242022408e-35,6.018531076210112041e-36,6.018531076210112041e-36,0.000000000000000000e+00
0.000000000000000000e+00,4.760000000000000000e+02,-5.745187603370153107e-20,-5.745187603370153107e-20,2.872593801685076554e-20,2.872593801685076554e-20,0.000000000000000000e+00
0.000000000000000000e+00,4.770000000000000000e+02,0.000000000000000000e+00,0.000000000000000000e+00,0.000000000000000000e+00,0.000000000000000000e+00,0.000000000000000000e+00
0.000000000000000000e+00,4.780000000000000000e+02,-5.761087261311198583e-20,-5.761087261311198583e-20,2.880543630655599291e-20,2.880543630655599291e-20,0.000000000000000000e+00
0.000000000000000000e+00,4.790000000000000000e+02,1.203706215242022408e-35,1.203706215242022408e-35,-6.018531076210112041e-36,0.000000000000000000e+00,0.000000000000000000e+00
0.000000000000000000e+00,4.800000000000000000e+02,-5.776951714026261163e-20,-5.776951714026261163e-20,2.888475857013130581e-20,2.888475857013130581e-20,0.000000000000000000e+00
0.000000000000000000e+00,4.810000000000000000e+02,0.000000000000000000e+00,0.000000000000000000e+00,0.000000000000000000e+00,0.000000000000000000e+00,0.000000000000000000e+00
0.000000000000000000e+00,4.820000000000000000e+02,-5.792781169057687588e-20,-5.792781169057687588e-20,2.896390584528843794e-20,2.896390584528843794e-20,0.000000000000000000e+00
0.000000000000000000e+00,4.830000000000000000e+02,-1.203706215242022408e-35,-1.203706215242022408e-35,6.018531076210112041e-36,0.000000000000000000e+00,0.000000000000000000e+00
0.000000000000000000e+00,4.840000000000000000e+02,-5.808575832079333110e-20,-5.808575832079333110e-20,2.904287916039666555e-20,2.904287916039666555e-20,0.000000000000000000e+00
0.000000000000000000e+00,4.850000000000000000e+02,0.000000000000000000e+00,0.000000000000000000e+00,-6.018531076210112041e-36,0.000000000000000000e+00,0.000000000000000000e+00
0.000000000000000000e+00,4.860000000000000000e+02,-5.824335906918302829e-20,-5.824335906918302829e-20,2.912167953459151414e-20,2.912167953459151414e-20,0.000000000000000000e+00
0.000000000000000000e+00,4.870000000000000000e+02,1.203706215242022408e-35,1.203706215242022408e-35,-6.018531076210112041e-36,-6.018531076210112041e-36,0.000000000000000000e+00
0.000000000000000000e+00,4.880000000000000000e+02,-5.840061595576343963e-20,-5.840061595576343963e-20,2.920030797788171981e-20,2.920030797788171981e-20,0.000000000000000000e+00
0.000000000000000000e+00,4.890000000000000000e+02,0.000000000000000000e+00,0.000000000000000000e+00,0.000000000000000000e+00,-6.018531076210112041e-36,0.000000000000000000e+00
0.000000000000000000e+00,4.900000000000000000e+02,-5.855753098250986540e-20,-5.855753098250986540e-20,2.927876549125493270e-20,2.927876549125493270e-20,0.000000000000000000e+00
0.000000000000000000e+00,4.910000000000000000e+02,0.000000000000000000e+00,0.000000000000000000e+00,0.000000000000000000e+00,0.000000000000000000e+00,0.000000000000000000e+00
0.000000000000000000e+00,4.920000000000000000e+02,-5.871410613356384367e-20,-5.871410613356384367e-20,2.935705306678192184e-20,2.935705306678192184e-20,0.000000000000000000e+00
0.000000000000000000e+00,4.930000000000000000e+02,0.000000000000000000e+00,0.000000000000000000e+00,6.018531076210112041e-36,0.000000000000000000e+00,0.000000000000000000e+00
0.000000000000000000e+00,4.940000000000000000e+02,-5.887034337543853870e-20,-5.887034337543853870e-20,2.943517168771926935e-20,2.943517168771926935e-20,0.000000000000000000e+00
0.000000000000000000e+00,4.950000000000000000e+02,1.203706215242022408e-35,1.203706215242022408e-35,-6.018531076210112041e-36,0.000000000000000000e+00,0.000000000000000000e+00
0.000000000000000000e+00,4.960000000000000000e+02,-5.902624465722174596e-20,-5.902624465722174596e-20,2.951312232861087298e-20,2.951312232861087298e-20,0.000000000000000000e+00
0.000000000000000000e+00,4.970000000000000000e+02,0.000000000000000000e+00,0.000000000000000000e+00,0.000000000000000000e+00,0.000000000000000000e+00,0.000000000000000000e+00
0.000000000000000000e+00,4.980000000000000000e+02,-5.918181191077587592e-20,-5.918181191077587592e-20,2.959090595538793796e-20,2.959090595538793796e-20,0.000000000000000000e+00
0.000000000000000000e+00,4.990000000000000000e+02,1.203706215242022408e-35,1.203706215242022408e-35,-6.018531076210112041e-36,-6.018531076210112041e-36,0.000000000000000000e+00
